<?xml version="1.0" encoding="UTF-8"?>
<g_savedata>
	<var/>
	<table>
		<t name="missions">
			<var/>
			<table>
				<t key_type="0" name="1055630282">
					<var>
						<v type="2" name="desc" value="Extinguish the fire before it spreads further!"/>
						<v type="2" name="title" value="Forest Fire"/>
					</var>
					<table>
						<t name="data">
							<var>
								<v name="zone_z" value="-11905.572265625"/>
								<v name="zone_x" value="-4450.5551757813"/>
								<v name="zone_radius" value="3320.0"/>
							</var>
							<table/>
						</t>
						<t name="map_markers">
							<var/>
							<table/>
						</t>
					</table>
				</t>
				<t key_type="0" name="509098545">
					<var>
						<v type="2" name="desc" value="Extinguish the fire before it spreads further!"/>
						<v type="2" name="title" value="Forest Fire"/>
					</var>
					<table>
						<t name="data">
							<var>
								<v name="zone_z" value="-10611.264648438"/>
								<v name="zone_x" value="-5574.9560546875"/>
								<v name="zone_radius" value="1320.0"/>
							</var>
							<table/>
						</t>
						<t name="map_markers">
							<var/>
							<table/>
						</t>
					</table>
				</t>
			</table>
		</t>
	</table>
</g_savedata>

