<?xml version="1.0" encoding="UTF-8"?>
<g_savedata>
	<var>
		<v type="3" name="enable_disasters" value="true"/>
		<v name="mission_life_base" value="216000.0"/>
		<v name="spawn_counter" value="188400.0"/>
		<v name="id_counter" value="488.0"/>
		<v name="mission_frequency" value="216000.0"/>
	</var>
	<table>
		<t name="missions">
			<var/>
			<table>
				<t key_type="0" name="488">
					<var>
						<v type="2" name="type" value="evacuate"/>
						<v type="3" name="is_important_loaded" value="false"/>
						<v name="id" value="488.0"/>
						<v type="2" name="desc" value="2 civillians need evacuating to a safe zone in anticipation of a natural disaster"/>
						<v type="2" name="title" value="Evacuate Civillians"/>
					</var>
					<table>
						<t name="spawned_objects">
							<var/>
							<table>
								<t key_type="0" name="1">
									<var>
										<v name="component_id" value="24.0"/>
										<v type="2" name="type" value="character"/>
										<v name="id" value="18804.0"/>
									</var>
									<table/>
								</t>
								<t key_type="0" name="2">
									<var>
										<v name="component_id" value="24.0"/>
										<v type="2" name="type" value="character"/>
										<v name="id" value="18805.0"/>
									</var>
									<table/>
								</t>
							</table>
						</t>
						<t name="objectives">
							<var/>
							<table>
								<t key_type="0" name="1">
									<var>
										<v type="2" name="type" value="move_to_zones"/>
										<v name="reward_value" value="2000.0"/>
									</var>
									<table>
										<t name="objects">
											<var/>
											<table>
												<t key_type="0" name="1">
													<var>
														<v name="component_id" value="24.0"/>
														<v type="2" name="type" value="character"/>
														<v name="id" value="18804.0"/>
													</var>
													<table/>
												</t>
											</table>
										</t>
										<t name="transform">
											<var/>
											<table/>
										</t>
									</table>
								</t>
								<t key_type="0" name="2">
									<var>
										<v type="2" name="type" value="move_to_zones"/>
										<v name="reward_value" value="2000.0"/>
									</var>
									<table>
										<t name="objects">
											<var/>
											<table>
												<t key_type="0" name="1">
													<var>
														<v name="component_id" value="24.0"/>
														<v type="2" name="type" value="character"/>
														<v name="id" value="18805.0"/>
													</var>
													<table/>
												</t>
											</table>
										</t>
										<t name="transform">
											<var/>
											<table/>
										</t>
									</table>
								</t>
							</table>
						</t>
						<t name="map_markers">
							<var/>
							<table>
								<t key_type="0" name="1">
									<var>
										<v name="z" value="6097.4853515625"/>
										<v name="id" value="1253616.0"/>
										<v name="x" value="-5219.51953125"/>
										<v name="radius" value="0.0"/>
										<v type="2" name="display_label" value="1 civillians need evacuating to a safe zone in anticipation of a natural disaster"/>
										<v name="type" value="1.0"/>
										<v type="2" name="hover_label"/>
										<v type="2" name="archetype" value="default"/>
									</var>
									<table/>
								</t>
								<t key_type="0" name="2">
									<var>
										<v name="z" value="8997.8193359375"/>
										<v name="id" value="1253617.0"/>
										<v name="x" value="-4008.2883300781"/>
										<v name="radius" value="0.0"/>
										<v type="2" name="display_label" value="1 civillians need evacuating to a safe zone in anticipation of a natural disaster"/>
										<v name="type" value="1.0"/>
										<v type="2" name="hover_label"/>
										<v type="2" name="archetype" value="default"/>
									</var>
									<table/>
								</t>
								<t key_type="0" name="3">
									<var>
										<v name="z" value="-937.2041015625"/>
										<v name="id" value="1253618.0"/>
										<v name="x" value="107.45195007324"/>
										<v name="radius" value="0.0"/>
										<v type="2" name="display_label" value="Safe Zone"/>
										<v name="type" value="11.0"/>
										<v type="2" name="hover_label"/>
										<v type="2" name="archetype" value="default"/>
									</var>
									<table/>
								</t>
								<t key_type="0" name="4">
									<var>
										<v name="z" value="14998.901367188"/>
										<v name="id" value="1253619.0"/>
										<v name="x" value="-16003.389648438"/>
										<v name="radius" value="0.0"/>
										<v type="2" name="display_label" value="Safe Zone"/>
										<v name="type" value="11.0"/>
										<v type="2" name="hover_label"/>
										<v type="2" name="archetype" value="default"/>
									</var>
									<table/>
								</t>
								<t key_type="0" name="5">
									<var>
										<v name="z" value="-12890.221679688"/>
										<v name="id" value="1253620.0"/>
										<v name="x" value="15963.904296875"/>
										<v name="radius" value="0.0"/>
										<v type="2" name="display_label" value="Safe Zone"/>
										<v name="type" value="11.0"/>
										<v type="2" name="hover_label"/>
										<v type="2" name="archetype" value="default"/>
									</var>
									<table/>
								</t>
								<t key_type="0" name="6">
									<var>
										<v name="z" value="-9820.142578125"/>
										<v name="id" value="1253621.0"/>
										<v name="x" value="6868.3657226563"/>
										<v name="radius" value="0.0"/>
										<v type="2" name="display_label" value="Safe Zone"/>
										<v name="type" value="11.0"/>
										<v type="2" name="hover_label"/>
										<v type="2" name="archetype" value="default"/>
									</var>
									<table/>
								</t>
								<t key_type="0" name="7">
									<var>
										<v name="z" value="-15007.109375"/>
										<v name="id" value="1253622.0"/>
										<v name="x" value="-8978.6787109375"/>
										<v name="radius" value="0.0"/>
										<v type="2" name="display_label" value="Safe Zone"/>
										<v name="type" value="11.0"/>
										<v type="2" name="hover_label"/>
										<v type="2" name="archetype" value="default"/>
									</var>
									<table/>
								</t>
								<t key_type="0" name="8">
									<var>
										<v name="z" value="10005.534179688"/>
										<v name="id" value="1253623.0"/>
										<v name="x" value="-17009.134765625"/>
										<v name="radius" value="0.0"/>
										<v type="2" name="display_label" value="Safe Zone"/>
										<v name="type" value="11.0"/>
										<v type="2" name="hover_label"/>
										<v type="2" name="archetype" value="default"/>
									</var>
									<table/>
								</t>
								<t key_type="0" name="9">
									<var>
										<v name="z" value="1975.3901367188"/>
										<v name="id" value="1253624.0"/>
										<v name="x" value="-9958.6181640625"/>
										<v name="radius" value="0.0"/>
										<v type="2" name="display_label" value="Safe Zone"/>
										<v name="type" value="11.0"/>
										<v type="2" name="hover_label"/>
										<v type="2" name="archetype" value="default"/>
									</var>
									<table/>
								</t>
								<t key_type="0" name="10">
									<var>
										<v name="z" value="-7039.9521484375"/>
										<v name="id" value="1253625.0"/>
										<v name="x" value="-13981.147460938"/>
										<v name="radius" value="0.0"/>
										<v type="2" name="display_label" value="Safe Zone"/>
										<v name="type" value="11.0"/>
										<v type="2" name="hover_label"/>
										<v type="2" name="archetype" value="default"/>
									</var>
									<table/>
								</t>
								<t key_type="0" name="11">
									<var>
										<v name="z" value="10010.053710938"/>
										<v name="id" value="1253626.0"/>
										<v name="x" value="-10946.764648438"/>
										<v name="radius" value="0.0"/>
										<v type="2" name="display_label" value="Safe Zone"/>
										<v name="type" value="11.0"/>
										<v type="2" name="hover_label"/>
										<v type="2" name="archetype" value="default"/>
									</var>
									<table/>
								</t>
								<t key_type="0" name="12">
									<var>
										<v name="z" value="-19.09939956665"/>
										<v name="id" value="1253627.0"/>
										<v name="x" value="14044.034179688"/>
										<v name="radius" value="0.0"/>
										<v type="2" name="display_label" value="Safe Zone"/>
										<v name="type" value="11.0"/>
										<v type="2" name="hover_label"/>
										<v type="2" name="archetype" value="default"/>
									</var>
									<table/>
								</t>
							</table>
						</t>
						<t name="data">
							<var>
								<v name="life" value="188399.0"/>
								<v name="survivor_dead_count" value="0.0"/>
							</var>
							<table>
								<t name="safe_zones">
									<var/>
									<table>
										<t key_type="0" name="1">
											<var>
												<v name="radius" value="2.5"/>
												<v type="2" name="tags_full" value="type=mission_zone,zone_type=source_hospital,evacuation"/>
												<v name="parent_vehicle_id" value="0.0"/>
												<v type="2" name="name" value="Hospital"/>
												<v name="type" value="0.0"/>
											</var>
											<table>
												<t name="transform">
													<var>
														<v key_type="0" name="1" value="1.0"/>
														<v key_type="0" name="2" value="0.0"/>
														<v key_type="0" name="3" value="0.0"/>
														<v key_type="0" name="4" value="0.0"/>
														<v key_type="0" name="5" value="0.0"/>
														<v key_type="0" name="6" value="1.0"/>
														<v key_type="0" name="7" value="0.0"/>
														<v key_type="0" name="8" value="0.0"/>
														<v key_type="0" name="9" value="0.0"/>
														<v key_type="0" name="10" value="0.0"/>
														<v key_type="0" name="11" value="1.0"/>
														<v key_type="0" name="12" value="0.0"/>
														<v key_type="0" name="13" value="107.45195007324"/>
														<v key_type="0" name="14" value="15.236419677734"/>
														<v key_type="0" name="15" value="-937.2041015625"/>
														<v key_type="0" name="16" value="1.0"/>
													</var>
													<table/>
												</t>
												<t name="parent_relative_transform">
													<var>
														<v key_type="0" name="1" value="1.0"/>
														<v key_type="0" name="2" value="0.0"/>
														<v key_type="0" name="3" value="0.0"/>
														<v key_type="0" name="4" value="0.0"/>
														<v key_type="0" name="5" value="0.0"/>
														<v key_type="0" name="6" value="1.0"/>
														<v key_type="0" name="7" value="0.0"/>
														<v key_type="0" name="8" value="0.0"/>
														<v key_type="0" name="9" value="0.0"/>
														<v key_type="0" name="10" value="0.0"/>
														<v key_type="0" name="11" value="1.0"/>
														<v key_type="0" name="12" value="0.0"/>
														<v key_type="0" name="13" value="0.0"/>
														<v key_type="0" name="14" value="0.0"/>
														<v key_type="0" name="15" value="0.0"/>
														<v key_type="0" name="16" value="1.0"/>
													</var>
													<table/>
												</t>
												<t name="size">
													<var>
														<v name="z" value="10.380042076111"/>
														<v name="y" value="3.0"/>
														<v name="x" value="22.711917877197"/>
													</var>
													<table/>
												</t>
												<t name="tags">
													<var>
														<v key_type="0" type="2" name="1" value="type=mission_zone"/>
														<v key_type="0" type="2" name="2" value="zone_type=source_hospital"/>
														<v key_type="0" type="2" name="3" value="evacuation"/>
													</var>
													<table/>
												</t>
											</table>
										</t>
										<t key_type="0" name="2">
											<var>
												<v name="radius" value="2.5"/>
												<v type="2" name="tags_full" value="type=mission_zone,zone_type=source_airport,evacuation"/>
												<v name="parent_vehicle_id" value="0.0"/>
												<v type="2" name="name" value="Airstrip"/>
												<v name="type" value="0.0"/>
											</var>
											<table>
												<t name="transform">
													<var>
														<v key_type="0" name="1" value="1.0"/>
														<v key_type="0" name="2" value="0.0"/>
														<v key_type="0" name="3" value="0.0"/>
														<v key_type="0" name="4" value="0.0"/>
														<v key_type="0" name="5" value="0.0"/>
														<v key_type="0" name="6" value="1.0"/>
														<v key_type="0" name="7" value="0.0"/>
														<v key_type="0" name="8" value="0.0"/>
														<v key_type="0" name="9" value="0.0"/>
														<v key_type="0" name="10" value="0.0"/>
														<v key_type="0" name="11" value="1.0"/>
														<v key_type="0" name="12" value="0.0"/>
														<v key_type="0" name="13" value="-16003.389648438"/>
														<v key_type="0" name="14" value="6.5118107795715"/>
														<v key_type="0" name="15" value="14998.901367188"/>
														<v key_type="0" name="16" value="1.0"/>
													</var>
													<table/>
												</t>
												<t name="parent_relative_transform">
													<var>
														<v key_type="0" name="1" value="1.0"/>
														<v key_type="0" name="2" value="0.0"/>
														<v key_type="0" name="3" value="0.0"/>
														<v key_type="0" name="4" value="0.0"/>
														<v key_type="0" name="5" value="0.0"/>
														<v key_type="0" name="6" value="1.0"/>
														<v key_type="0" name="7" value="0.0"/>
														<v key_type="0" name="8" value="0.0"/>
														<v key_type="0" name="9" value="0.0"/>
														<v key_type="0" name="10" value="0.0"/>
														<v key_type="0" name="11" value="1.0"/>
														<v key_type="0" name="12" value="0.0"/>
														<v key_type="0" name="13" value="0.0"/>
														<v key_type="0" name="14" value="0.0"/>
														<v key_type="0" name="15" value="0.0"/>
														<v key_type="0" name="16" value="1.0"/>
													</var>
													<table/>
												</t>
												<t name="size">
													<var>
														<v name="z" value="13.488916397095"/>
														<v name="y" value="3.0"/>
														<v name="x" value="12.720164299011"/>
													</var>
													<table/>
												</t>
												<t name="tags">
													<var>
														<v key_type="0" type="2" name="1" value="type=mission_zone"/>
														<v key_type="0" type="2" name="2" value="zone_type=source_airport"/>
														<v key_type="0" type="2" name="3" value="evacuation"/>
													</var>
													<table/>
												</t>
											</table>
										</t>
										<t key_type="0" name="3">
											<var>
												<v name="radius" value="2.5"/>
												<v type="2" name="tags_full" value="type=mission_zone,zone_type=source_airport,evacuation"/>
												<v name="parent_vehicle_id" value="0.0"/>
												<v type="2" name="name" value="Airport"/>
												<v name="type" value="0.0"/>
											</var>
											<table>
												<t name="transform">
													<var>
														<v key_type="0" name="1" value="1.0"/>
														<v key_type="0" name="2" value="0.0"/>
														<v key_type="0" name="3" value="0.0"/>
														<v key_type="0" name="4" value="0.0"/>
														<v key_type="0" name="5" value="0.0"/>
														<v key_type="0" name="6" value="1.0"/>
														<v key_type="0" name="7" value="0.0"/>
														<v key_type="0" name="8" value="0.0"/>
														<v key_type="0" name="9" value="0.0"/>
														<v key_type="0" name="10" value="0.0"/>
														<v key_type="0" name="11" value="1.0"/>
														<v key_type="0" name="12" value="0.0"/>
														<v key_type="0" name="13" value="15963.904296875"/>
														<v key_type="0" name="14" value="25.004455566406"/>
														<v key_type="0" name="15" value="-12890.221679688"/>
														<v key_type="0" name="16" value="1.0"/>
													</var>
													<table/>
												</t>
												<t name="parent_relative_transform">
													<var>
														<v key_type="0" name="1" value="1.0"/>
														<v key_type="0" name="2" value="0.0"/>
														<v key_type="0" name="3" value="0.0"/>
														<v key_type="0" name="4" value="0.0"/>
														<v key_type="0" name="5" value="0.0"/>
														<v key_type="0" name="6" value="1.0"/>
														<v key_type="0" name="7" value="0.0"/>
														<v key_type="0" name="8" value="0.0"/>
														<v key_type="0" name="9" value="0.0"/>
														<v key_type="0" name="10" value="0.0"/>
														<v key_type="0" name="11" value="1.0"/>
														<v key_type="0" name="12" value="0.0"/>
														<v key_type="0" name="13" value="0.0"/>
														<v key_type="0" name="14" value="0.0"/>
														<v key_type="0" name="15" value="0.0"/>
														<v key_type="0" name="16" value="1.0"/>
													</var>
													<table/>
												</t>
												<t name="size">
													<var>
														<v name="z" value="12.331035614014"/>
														<v name="y" value="3.0"/>
														<v name="x" value="17.880966186523"/>
													</var>
													<table/>
												</t>
												<t name="tags">
													<var>
														<v key_type="0" type="2" name="1" value="type=mission_zone"/>
														<v key_type="0" type="2" name="2" value="zone_type=source_airport"/>
														<v key_type="0" type="2" name="3" value="evacuation"/>
													</var>
													<table/>
												</t>
											</table>
										</t>
										<t key_type="0" name="4">
											<var>
												<v name="radius" value="2.5"/>
												<v type="2" name="tags_full" value="type=mission_zone,zone_type=destination_village,evacuation"/>
												<v name="parent_vehicle_id" value="0.0"/>
												<v type="2" name="name" value="Sawyer South Village"/>
												<v name="type" value="0.0"/>
											</var>
											<table>
												<t name="transform">
													<var>
														<v key_type="0" name="1" value="0.99239701032639"/>
														<v key_type="0" name="2" value="0.0"/>
														<v key_type="0" name="3" value="0.12307500094175"/>
														<v key_type="0" name="4" value="0.0"/>
														<v key_type="0" name="5" value="0.0"/>
														<v key_type="0" name="6" value="1.0"/>
														<v key_type="0" name="7" value="0.0"/>
														<v key_type="0" name="8" value="0.0"/>
														<v key_type="0" name="9" value="-0.12307500094175"/>
														<v key_type="0" name="10" value="0.0"/>
														<v key_type="0" name="11" value="0.99239701032639"/>
														<v key_type="0" name="12" value="0.0"/>
														<v key_type="0" name="13" value="6868.3657226563"/>
														<v key_type="0" name="14" value="9.9251279830933"/>
														<v key_type="0" name="15" value="-9820.142578125"/>
														<v key_type="0" name="16" value="1.0"/>
													</var>
													<table/>
												</t>
												<t name="parent_relative_transform">
													<var>
														<v key_type="0" name="1" value="1.0"/>
														<v key_type="0" name="2" value="0.0"/>
														<v key_type="0" name="3" value="0.0"/>
														<v key_type="0" name="4" value="0.0"/>
														<v key_type="0" name="5" value="0.0"/>
														<v key_type="0" name="6" value="1.0"/>
														<v key_type="0" name="7" value="0.0"/>
														<v key_type="0" name="8" value="0.0"/>
														<v key_type="0" name="9" value="0.0"/>
														<v key_type="0" name="10" value="0.0"/>
														<v key_type="0" name="11" value="1.0"/>
														<v key_type="0" name="12" value="0.0"/>
														<v key_type="0" name="13" value="0.0"/>
														<v key_type="0" name="14" value="0.0"/>
														<v key_type="0" name="15" value="0.0"/>
														<v key_type="0" name="16" value="1.0"/>
													</var>
													<table/>
												</t>
												<t name="size">
													<var>
														<v name="z" value="13.262492179871"/>
														<v name="y" value="4.0092639923096"/>
														<v name="x" value="16.004169464111"/>
													</var>
													<table/>
												</t>
												<t name="tags">
													<var>
														<v key_type="0" type="2" name="1" value="type=mission_zone"/>
														<v key_type="0" type="2" name="2" value="zone_type=destination_village"/>
														<v key_type="0" type="2" name="3" value="evacuation"/>
													</var>
													<table/>
												</t>
											</table>
										</t>
										<t key_type="0" name="5">
											<var>
												<v name="radius" value="2.5"/>
												<v type="2" name="tags_full" value="type=mission_zone,zone_type=source_refinery,evacuation"/>
												<v name="parent_vehicle_id" value="0.0"/>
												<v type="2" name="name"/>
												<v name="type" value="0.0"/>
											</var>
											<table>
												<t name="transform">
													<var>
														<v key_type="0" name="1" value="1.0"/>
														<v key_type="0" name="2" value="0.0"/>
														<v key_type="0" name="3" value="0.0"/>
														<v key_type="0" name="4" value="0.0"/>
														<v key_type="0" name="5" value="0.0"/>
														<v key_type="0" name="6" value="1.0"/>
														<v key_type="0" name="7" value="0.0"/>
														<v key_type="0" name="8" value="0.0"/>
														<v key_type="0" name="9" value="0.0"/>
														<v key_type="0" name="10" value="0.0"/>
														<v key_type="0" name="11" value="1.0"/>
														<v key_type="0" name="12" value="0.0"/>
														<v key_type="0" name="13" value="-8978.6787109375"/>
														<v key_type="0" name="14" value="25.505336761475"/>
														<v key_type="0" name="15" value="-15007.109375"/>
														<v key_type="0" name="16" value="1.0"/>
													</var>
													<table/>
												</t>
												<t name="parent_relative_transform">
													<var>
														<v key_type="0" name="1" value="1.0"/>
														<v key_type="0" name="2" value="0.0"/>
														<v key_type="0" name="3" value="0.0"/>
														<v key_type="0" name="4" value="0.0"/>
														<v key_type="0" name="5" value="0.0"/>
														<v key_type="0" name="6" value="1.0"/>
														<v key_type="0" name="7" value="0.0"/>
														<v key_type="0" name="8" value="0.0"/>
														<v key_type="0" name="9" value="0.0"/>
														<v key_type="0" name="10" value="0.0"/>
														<v key_type="0" name="11" value="1.0"/>
														<v key_type="0" name="12" value="0.0"/>
														<v key_type="0" name="13" value="0.0"/>
														<v key_type="0" name="14" value="0.0"/>
														<v key_type="0" name="15" value="0.0"/>
														<v key_type="0" name="16" value="1.0"/>
													</var>
													<table/>
												</t>
												<t name="size">
													<var>
														<v name="z" value="10.0"/>
														<v name="y" value="10.0"/>
														<v name="x" value="10.0"/>
													</var>
													<table/>
												</t>
												<t name="tags">
													<var>
														<v key_type="0" type="2" name="1" value="type=mission_zone"/>
														<v key_type="0" type="2" name="2" value="zone_type=source_refinery"/>
														<v key_type="0" type="2" name="3" value="evacuation"/>
													</var>
													<table/>
												</t>
											</table>
										</t>
										<t key_type="0" name="6">
											<var>
												<v name="radius" value="2.5"/>
												<v type="2" name="tags_full" value="type=mission_zone,zone_type=source_rig_medium,evacuation"/>
												<v name="parent_vehicle_id" value="0.0"/>
												<v type="2" name="name"/>
												<v name="type" value="0.0"/>
											</var>
											<table>
												<t name="transform">
													<var>
														<v key_type="0" name="1" value="1.0"/>
														<v key_type="0" name="2" value="0.0"/>
														<v key_type="0" name="3" value="0.0"/>
														<v key_type="0" name="4" value="0.0"/>
														<v key_type="0" name="5" value="0.0"/>
														<v key_type="0" name="6" value="1.0"/>
														<v key_type="0" name="7" value="0.0"/>
														<v key_type="0" name="8" value="0.0"/>
														<v key_type="0" name="9" value="0.0"/>
														<v key_type="0" name="10" value="0.0"/>
														<v key_type="0" name="11" value="1.0"/>
														<v key_type="0" name="12" value="0.0"/>
														<v key_type="0" name="13" value="-17009.134765625"/>
														<v key_type="0" name="14" value="23.586429595947"/>
														<v key_type="0" name="15" value="10005.534179688"/>
														<v key_type="0" name="16" value="1.0"/>
													</var>
													<table/>
												</t>
												<t name="parent_relative_transform">
													<var>
														<v key_type="0" name="1" value="1.0"/>
														<v key_type="0" name="2" value="0.0"/>
														<v key_type="0" name="3" value="0.0"/>
														<v key_type="0" name="4" value="0.0"/>
														<v key_type="0" name="5" value="0.0"/>
														<v key_type="0" name="6" value="1.0"/>
														<v key_type="0" name="7" value="0.0"/>
														<v key_type="0" name="8" value="0.0"/>
														<v key_type="0" name="9" value="0.0"/>
														<v key_type="0" name="10" value="0.0"/>
														<v key_type="0" name="11" value="1.0"/>
														<v key_type="0" name="12" value="0.0"/>
														<v key_type="0" name="13" value="0.0"/>
														<v key_type="0" name="14" value="0.0"/>
														<v key_type="0" name="15" value="0.0"/>
														<v key_type="0" name="16" value="1.0"/>
													</var>
													<table/>
												</t>
												<t name="size">
													<var>
														<v name="z" value="10.0"/>
														<v name="y" value="10.0"/>
														<v name="x" value="10.0"/>
													</var>
													<table/>
												</t>
												<t name="tags">
													<var>
														<v key_type="0" type="2" name="1" value="type=mission_zone"/>
														<v key_type="0" type="2" name="2" value="zone_type=source_rig_medium"/>
														<v key_type="0" type="2" name="3" value="evacuation"/>
													</var>
													<table/>
												</t>
											</table>
										</t>
										<t key_type="0" name="7">
											<var>
												<v name="radius" value="2.5"/>
												<v type="2" name="tags_full" value="type=mission_zone,zone_type=source_brinkfield,evacuation"/>
												<v name="parent_vehicle_id" value="0.0"/>
												<v type="2" name="name"/>
												<v name="type" value="0.0"/>
											</var>
											<table>
												<t name="transform">
													<var>
														<v key_type="0" name="1" value="1.0"/>
														<v key_type="0" name="2" value="0.0"/>
														<v key_type="0" name="3" value="0.0"/>
														<v key_type="0" name="4" value="0.0"/>
														<v key_type="0" name="5" value="0.0"/>
														<v key_type="0" name="6" value="1.0"/>
														<v key_type="0" name="7" value="0.0"/>
														<v key_type="0" name="8" value="0.0"/>
														<v key_type="0" name="9" value="0.0"/>
														<v key_type="0" name="10" value="0.0"/>
														<v key_type="0" name="11" value="1.0"/>
														<v key_type="0" name="12" value="0.0"/>
														<v key_type="0" name="13" value="-9958.6181640625"/>
														<v key_type="0" name="14" value="31.184003829956"/>
														<v key_type="0" name="15" value="1975.3901367188"/>
														<v key_type="0" name="16" value="1.0"/>
													</var>
													<table/>
												</t>
												<t name="parent_relative_transform">
													<var>
														<v key_type="0" name="1" value="1.0"/>
														<v key_type="0" name="2" value="0.0"/>
														<v key_type="0" name="3" value="0.0"/>
														<v key_type="0" name="4" value="0.0"/>
														<v key_type="0" name="5" value="0.0"/>
														<v key_type="0" name="6" value="1.0"/>
														<v key_type="0" name="7" value="0.0"/>
														<v key_type="0" name="8" value="0.0"/>
														<v key_type="0" name="9" value="0.0"/>
														<v key_type="0" name="10" value="0.0"/>
														<v key_type="0" name="11" value="1.0"/>
														<v key_type="0" name="12" value="0.0"/>
														<v key_type="0" name="13" value="0.0"/>
														<v key_type="0" name="14" value="0.0"/>
														<v key_type="0" name="15" value="0.0"/>
														<v key_type="0" name="16" value="1.0"/>
													</var>
													<table/>
												</t>
												<t name="size">
													<var>
														<v name="z" value="10.0"/>
														<v name="y" value="10.0"/>
														<v name="x" value="10.0"/>
													</var>
													<table/>
												</t>
												<t name="tags">
													<var>
														<v key_type="0" type="2" name="1" value="type=mission_zone"/>
														<v key_type="0" type="2" name="2" value="zone_type=source_brinkfield"/>
														<v key_type="0" type="2" name="3" value="evacuation"/>
													</var>
													<table/>
												</t>
											</table>
										</t>
										<t key_type="0" name="8">
											<var>
												<v name="radius" value="2.5"/>
												<v type="2" name="tags_full" value="type=mission_zone,zone_type=destination_village,evacuation"/>
												<v name="parent_vehicle_id" value="0.0"/>
												<v type="2" name="name" value="Fishing Village"/>
												<v name="type" value="0.0"/>
											</var>
											<table>
												<t name="transform">
													<var>
														<v key_type="0" name="1" value="1.0"/>
														<v key_type="0" name="2" value="0.0"/>
														<v key_type="0" name="3" value="0.0"/>
														<v key_type="0" name="4" value="0.0"/>
														<v key_type="0" name="5" value="0.0"/>
														<v key_type="0" name="6" value="1.0"/>
														<v key_type="0" name="7" value="0.0"/>
														<v key_type="0" name="8" value="0.0"/>
														<v key_type="0" name="9" value="0.0"/>
														<v key_type="0" name="10" value="0.0"/>
														<v key_type="0" name="11" value="1.0"/>
														<v key_type="0" name="12" value="0.0"/>
														<v key_type="0" name="13" value="-13981.147460938"/>
														<v key_type="0" name="14" value="5.316339969635"/>
														<v key_type="0" name="15" value="-7039.9521484375"/>
														<v key_type="0" name="16" value="1.0"/>
													</var>
													<table/>
												</t>
												<t name="parent_relative_transform">
													<var>
														<v key_type="0" name="1" value="1.0"/>
														<v key_type="0" name="2" value="0.0"/>
														<v key_type="0" name="3" value="0.0"/>
														<v key_type="0" name="4" value="0.0"/>
														<v key_type="0" name="5" value="0.0"/>
														<v key_type="0" name="6" value="1.0"/>
														<v key_type="0" name="7" value="0.0"/>
														<v key_type="0" name="8" value="0.0"/>
														<v key_type="0" name="9" value="0.0"/>
														<v key_type="0" name="10" value="0.0"/>
														<v key_type="0" name="11" value="1.0"/>
														<v key_type="0" name="12" value="0.0"/>
														<v key_type="0" name="13" value="0.0"/>
														<v key_type="0" name="14" value="0.0"/>
														<v key_type="0" name="15" value="0.0"/>
														<v key_type="0" name="16" value="1.0"/>
													</var>
													<table/>
												</t>
												<t name="size">
													<var>
														<v name="z" value="21.604114532471"/>
														<v name="y" value="4.0057301521301"/>
														<v name="x" value="47.137866973877"/>
													</var>
													<table/>
												</t>
												<t name="tags">
													<var>
														<v key_type="0" type="2" name="1" value="type=mission_zone"/>
														<v key_type="0" type="2" name="2" value="zone_type=destination_village"/>
														<v key_type="0" type="2" name="3" value="evacuation"/>
													</var>
													<table/>
												</t>
											</table>
										</t>
										<t key_type="0" name="9">
											<var>
												<v name="radius" value="2.5"/>
												<v type="2" name="tags_full" value="type=mission_zone,zone_type=destination_laboratory,evacuation"/>
												<v name="parent_vehicle_id" value="0.0"/>
												<v type="2" name="name" value="Scientists Base"/>
												<v name="type" value="0.0"/>
											</var>
											<table>
												<t name="transform">
													<var>
														<v key_type="0" name="1" value="1.0"/>
														<v key_type="0" name="2" value="0.0"/>
														<v key_type="0" name="3" value="0.0"/>
														<v key_type="0" name="4" value="0.0"/>
														<v key_type="0" name="5" value="0.0"/>
														<v key_type="0" name="6" value="1.0"/>
														<v key_type="0" name="7" value="0.0"/>
														<v key_type="0" name="8" value="0.0"/>
														<v key_type="0" name="9" value="0.0"/>
														<v key_type="0" name="10" value="0.0"/>
														<v key_type="0" name="11" value="1.0"/>
														<v key_type="0" name="12" value="0.0"/>
														<v key_type="0" name="13" value="-10946.764648438"/>
														<v key_type="0" name="14" value="20.012203216553"/>
														<v key_type="0" name="15" value="10010.053710938"/>
														<v key_type="0" name="16" value="1.0"/>
													</var>
													<table/>
												</t>
												<t name="parent_relative_transform">
													<var>
														<v key_type="0" name="1" value="1.0"/>
														<v key_type="0" name="2" value="0.0"/>
														<v key_type="0" name="3" value="0.0"/>
														<v key_type="0" name="4" value="0.0"/>
														<v key_type="0" name="5" value="0.0"/>
														<v key_type="0" name="6" value="1.0"/>
														<v key_type="0" name="7" value="0.0"/>
														<v key_type="0" name="8" value="0.0"/>
														<v key_type="0" name="9" value="0.0"/>
														<v key_type="0" name="10" value="0.0"/>
														<v key_type="0" name="11" value="1.0"/>
														<v key_type="0" name="12" value="0.0"/>
														<v key_type="0" name="13" value="0.0"/>
														<v key_type="0" name="14" value="0.0"/>
														<v key_type="0" name="15" value="0.0"/>
														<v key_type="0" name="16" value="1.0"/>
													</var>
													<table/>
												</t>
												<t name="size">
													<var>
														<v name="z" value="33.567287445068"/>
														<v name="y" value="4.0"/>
														<v name="x" value="10.109731674194"/>
													</var>
													<table/>
												</t>
												<t name="tags">
													<var>
														<v key_type="0" type="2" name="1" value="type=mission_zone"/>
														<v key_type="0" type="2" name="2" value="zone_type=destination_laboratory"/>
														<v key_type="0" type="2" name="3" value="evacuation"/>
													</var>
													<table/>
												</t>
											</table>
										</t>
										<t key_type="0" name="10">
											<var>
												<v name="radius" value="2.5"/>
												<v type="2" name="tags_full" value="type=mission_zone,zone_type=destination_police,evacuation"/>
												<v name="parent_vehicle_id" value="0.0"/>
												<v type="2" name="name" value="Police Department"/>
												<v name="type" value="0.0"/>
											</var>
											<table>
												<t name="transform">
													<var>
														<v key_type="0" name="1" value="1.0"/>
														<v key_type="0" name="2" value="0.0"/>
														<v key_type="0" name="3" value="0.0"/>
														<v key_type="0" name="4" value="0.0"/>
														<v key_type="0" name="5" value="0.0"/>
														<v key_type="0" name="6" value="1.0"/>
														<v key_type="0" name="7" value="0.0"/>
														<v key_type="0" name="8" value="0.0"/>
														<v key_type="0" name="9" value="0.0"/>
														<v key_type="0" name="10" value="0.0"/>
														<v key_type="0" name="11" value="1.0"/>
														<v key_type="0" name="12" value="0.0"/>
														<v key_type="0" name="13" value="14044.034179688"/>
														<v key_type="0" name="14" value="19.460681915283"/>
														<v key_type="0" name="15" value="-19.09939956665"/>
														<v key_type="0" name="16" value="1.0"/>
													</var>
													<table/>
												</t>
												<t name="parent_relative_transform">
													<var>
														<v key_type="0" name="1" value="1.0"/>
														<v key_type="0" name="2" value="0.0"/>
														<v key_type="0" name="3" value="0.0"/>
														<v key_type="0" name="4" value="0.0"/>
														<v key_type="0" name="5" value="0.0"/>
														<v key_type="0" name="6" value="1.0"/>
														<v key_type="0" name="7" value="0.0"/>
														<v key_type="0" name="8" value="0.0"/>
														<v key_type="0" name="9" value="0.0"/>
														<v key_type="0" name="10" value="0.0"/>
														<v key_type="0" name="11" value="1.0"/>
														<v key_type="0" name="12" value="0.0"/>
														<v key_type="0" name="13" value="0.0"/>
														<v key_type="0" name="14" value="0.0"/>
														<v key_type="0" name="15" value="0.0"/>
														<v key_type="0" name="16" value="1.0"/>
													</var>
													<table/>
												</t>
												<t name="size">
													<var>
														<v name="z" value="19.500207901001"/>
														<v name="y" value="3.0"/>
														<v name="x" value="8.8718795776367"/>
													</var>
													<table/>
												</t>
												<t name="tags">
													<var>
														<v key_type="0" type="2" name="1" value="type=mission_zone"/>
														<v key_type="0" type="2" name="2" value="zone_type=destination_police"/>
														<v key_type="0" type="2" name="3" value="evacuation"/>
													</var>
													<table/>
												</t>
											</table>
										</t>
									</table>
								</t>
								<t name="danger_zones">
									<var/>
									<table>
										<t key_type="0" name="1">
											<var>
												<v name="survivor_count" value="1.0"/>
												<v name="radius" value="2.5"/>
												<v type="2" name="tags_full" value="type=mission_zone,zone_type=source_airport,evacuation"/>
												<v name="parent_vehicle_id" value="0.0"/>
												<v type="2" name="name"/>
												<v name="type" value="0.0"/>
											</var>
											<table>
												<t name="transform">
													<var>
														<v key_type="0" name="1" value="1.0"/>
														<v key_type="0" name="2" value="0.0"/>
														<v key_type="0" name="3" value="0.0"/>
														<v key_type="0" name="4" value="0.0"/>
														<v key_type="0" name="5" value="0.0"/>
														<v key_type="0" name="6" value="1.0"/>
														<v key_type="0" name="7" value="0.0"/>
														<v key_type="0" name="8" value="0.0"/>
														<v key_type="0" name="9" value="0.0"/>
														<v key_type="0" name="10" value="0.0"/>
														<v key_type="0" name="11" value="1.0"/>
														<v key_type="0" name="12" value="0.0"/>
														<v key_type="0" name="13" value="-5219.51953125"/>
														<v key_type="0" name="14" value="6.1596488952637"/>
														<v key_type="0" name="15" value="6097.4853515625"/>
														<v key_type="0" name="16" value="1.0"/>
													</var>
													<table/>
												</t>
												<t name="parent_relative_transform">
													<var>
														<v key_type="0" name="1" value="1.0"/>
														<v key_type="0" name="2" value="0.0"/>
														<v key_type="0" name="3" value="0.0"/>
														<v key_type="0" name="4" value="0.0"/>
														<v key_type="0" name="5" value="0.0"/>
														<v key_type="0" name="6" value="1.0"/>
														<v key_type="0" name="7" value="0.0"/>
														<v key_type="0" name="8" value="0.0"/>
														<v key_type="0" name="9" value="0.0"/>
														<v key_type="0" name="10" value="0.0"/>
														<v key_type="0" name="11" value="1.0"/>
														<v key_type="0" name="12" value="0.0"/>
														<v key_type="0" name="13" value="0.0"/>
														<v key_type="0" name="14" value="0.0"/>
														<v key_type="0" name="15" value="0.0"/>
														<v key_type="0" name="16" value="1.0"/>
													</var>
													<table/>
												</t>
												<t name="size">
													<var>
														<v name="z" value="14.442866325378"/>
														<v name="y" value="3.0"/>
														<v name="x" value="8.7835302352905"/>
													</var>
													<table/>
												</t>
												<t name="tags">
													<var>
														<v key_type="0" type="2" name="1" value="type=mission_zone"/>
														<v key_type="0" type="2" name="2" value="zone_type=source_airport"/>
														<v key_type="0" type="2" name="3" value="evacuation"/>
													</var>
													<table/>
												</t>
											</table>
										</t>
										<t key_type="0" name="2">
											<var>
												<v name="survivor_count" value="1.0"/>
												<v name="radius" value="2.5"/>
												<v type="2" name="tags_full" value="type=mission_zone,zone_type=source_rig_small,evacuation"/>
												<v name="parent_vehicle_id" value="0.0"/>
												<v type="2" name="name"/>
												<v name="type" value="0.0"/>
											</var>
											<table>
												<t name="transform">
													<var>
														<v key_type="0" name="1" value="1.0"/>
														<v key_type="0" name="2" value="0.0"/>
														<v key_type="0" name="3" value="0.0"/>
														<v key_type="0" name="4" value="0.0"/>
														<v key_type="0" name="5" value="0.0"/>
														<v key_type="0" name="6" value="1.0"/>
														<v key_type="0" name="7" value="0.0"/>
														<v key_type="0" name="8" value="0.0"/>
														<v key_type="0" name="9" value="0.0"/>
														<v key_type="0" name="10" value="0.0"/>
														<v key_type="0" name="11" value="1.0"/>
														<v key_type="0" name="12" value="0.0"/>
														<v key_type="0" name="13" value="-4008.2883300781"/>
														<v key_type="0" name="14" value="15.753227233887"/>
														<v key_type="0" name="15" value="8997.8193359375"/>
														<v key_type="0" name="16" value="1.0"/>
													</var>
													<table/>
												</t>
												<t name="parent_relative_transform">
													<var>
														<v key_type="0" name="1" value="1.0"/>
														<v key_type="0" name="2" value="0.0"/>
														<v key_type="0" name="3" value="0.0"/>
														<v key_type="0" name="4" value="0.0"/>
														<v key_type="0" name="5" value="0.0"/>
														<v key_type="0" name="6" value="1.0"/>
														<v key_type="0" name="7" value="0.0"/>
														<v key_type="0" name="8" value="0.0"/>
														<v key_type="0" name="9" value="0.0"/>
														<v key_type="0" name="10" value="0.0"/>
														<v key_type="0" name="11" value="1.0"/>
														<v key_type="0" name="12" value="0.0"/>
														<v key_type="0" name="13" value="0.0"/>
														<v key_type="0" name="14" value="0.0"/>
														<v key_type="0" name="15" value="0.0"/>
														<v key_type="0" name="16" value="1.0"/>
													</var>
													<table/>
												</t>
												<t name="size">
													<var>
														<v name="z" value="10.0"/>
														<v name="y" value="10.0"/>
														<v name="x" value="10.0"/>
													</var>
													<table/>
												</t>
												<t name="tags">
													<var>
														<v key_type="0" type="2" name="1" value="type=mission_zone"/>
														<v key_type="0" type="2" name="2" value="zone_type=source_rig_small"/>
														<v key_type="0" type="2" name="3" value="evacuation"/>
													</var>
													<table/>
												</t>
											</table>
										</t>
									</table>
								</t>
								<t name="survivors">
									<var/>
									<table>
										<t key_type="0" name="1">
											<var>
												<v name="component_id" value="24.0"/>
												<v type="2" name="type" value="character"/>
												<v name="id" value="18804.0"/>
											</var>
											<table/>
										</t>
										<t key_type="0" name="2">
											<var>
												<v name="component_id" value="24.0"/>
												<v type="2" name="type" value="character"/>
												<v name="id" value="18805.0"/>
											</var>
											<table/>
										</t>
									</table>
								</t>
								<t name="zone_transform">
									<var>
										<v key_type="0" name="1" value="1.0"/>
										<v key_type="0" name="2" value="0.0"/>
										<v key_type="0" name="3" value="0.0"/>
										<v key_type="0" name="4" value="0.0"/>
										<v key_type="0" name="5" value="0.0"/>
										<v key_type="0" name="6" value="1.0"/>
										<v key_type="0" name="7" value="0.0"/>
										<v key_type="0" name="8" value="0.0"/>
										<v key_type="0" name="9" value="0.0"/>
										<v key_type="0" name="10" value="0.0"/>
										<v key_type="0" name="11" value="1.0"/>
										<v key_type="0" name="12" value="0.0"/>
										<v key_type="0" name="13" value="-5000.0"/>
										<v key_type="0" name="14" value="0.0"/>
										<v key_type="0" name="15" value="6000.0"/>
										<v key_type="0" name="16" value="1.0"/>
									</var>
									<table/>
								</t>
							</table>
						</t>
					</table>
				</t>
				<t key_type="0" name="487">
					<var>
						<v type="2" name="type" value="building"/>
						<v type="3" name="is_important_loaded" value="false"/>
						<v name="id" value="487.0"/>
						<v type="2" name="desc" value="Fire at docks of Three Rocks Coastguard Outpost. According to reports the fire is in a small container office. There are no casualties and no risk of further fire spread."/>
						<v type="2" name="title" value="Building is on fire"/>
					</var>
					<table>
						<t name="spawned_objects">
							<var/>
							<table>
								<t key_type="0" name="1">
									<var>
										<v name="id" value="18798.0"/>
										<v name="component_id" value="490.0"/>
										<v type="2" name="type" value="character"/>
										<v name="bleed_counter" value="0.0"/>
										<v type="3" name="is_bleed" value="false"/>
									</var>
									<table/>
								</t>
								<t key_type="0" name="2">
									<var>
										<v name="id" value="18799.0"/>
										<v name="component_id" value="491.0"/>
										<v type="2" name="type" value="character"/>
										<v name="bleed_counter" value="0.0"/>
										<v type="3" name="is_bleed" value="false"/>
									</var>
									<table/>
								</t>
								<t key_type="0" name="3">
									<var>
										<v name="id" value="18800.0"/>
										<v name="component_id" value="492.0"/>
										<v type="2" name="type" value="character"/>
										<v name="bleed_counter" value="0.0"/>
										<v type="3" name="is_bleed" value="false"/>
									</var>
									<table/>
								</t>
								<t key_type="0" name="4">
									<var>
										<v name="component_id" value="75.0"/>
										<v type="2" name="type" value="fire"/>
										<v name="id" value="18801.0"/>
									</var>
									<table/>
								</t>
								<t key_type="0" name="5">
									<var>
										<v name="component_id" value="485.0"/>
										<v type="2" name="type" value="fire"/>
										<v name="id" value="18802.0"/>
									</var>
									<table/>
								</t>
								<t key_type="0" name="6">
									<var>
										<v name="component_id" value="486.0"/>
										<v type="2" name="type" value="fire"/>
										<v name="id" value="18803.0"/>
									</var>
									<table/>
								</t>
							</table>
						</t>
						<t name="objectives">
							<var/>
							<table>
								<t key_type="0" name="1">
									<var>
										<v type="2" name="type" value="locate_zone"/>
									</var>
									<table>
										<t name="objects">
											<var/>
											<table/>
										</t>
										<t name="transform">
											<var>
												<v key_type="0" name="1" value="1.0"/>
												<v key_type="0" name="2" value="0.0"/>
												<v key_type="0" name="3" value="0.0"/>
												<v key_type="0" name="4" value="0.0"/>
												<v key_type="0" name="5" value="0.0"/>
												<v key_type="0" name="6" value="1.0"/>
												<v key_type="0" name="7" value="0.0"/>
												<v key_type="0" name="8" value="0.0"/>
												<v key_type="0" name="9" value="0.0"/>
												<v key_type="0" name="10" value="0.0"/>
												<v key_type="0" name="11" value="1.0"/>
												<v key_type="0" name="12" value="0.0"/>
												<v key_type="0" name="13" value="-5249.9619140625"/>
												<v key_type="0" name="14" value="4.7556958198547"/>
												<v key_type="0" name="15" value="5921.0610351563"/>
												<v key_type="0" name="16" value="1.0"/>
											</var>
											<table/>
										</t>
									</table>
								</t>
							</table>
						</t>
						<t name="map_markers">
							<var/>
							<table>
								<t key_type="0" name="1">
									<var>
										<v name="z" value="5921.0610351563"/>
										<v name="id" value="1253628.0"/>
										<v name="x" value="-5249.9619140625"/>
										<v name="radius" value="0.0"/>
										<v type="2" name="display_label" value="Building is on fire"/>
										<v name="type" value="5.0"/>
										<v type="2" name="hover_label" value="Fire at docks of Three Rocks Coastguard Outpost. According to reports the fire is in a small container office. There are no casualties and no risk of further fire spread."/>
										<v type="2" name="archetype" value="default"/>
									</var>
									<table/>
								</t>
							</table>
						</t>
						<t name="data">
							<var>
								<v type="2" name="incoming_disaster" value="meteor"/>
								<v name="life" value="188399.0"/>
								<v name="zone_radius" value="0.0"/>
								<v name="zone_x" value="-5249.9619140625"/>
								<v type="2" name="state" value="locate zone"/>
								<v name="reward" value="3000.0"/>
								<v name="zone_z" value="5921.0610351563"/>
								<v name="survivor_dead_count" value="0.0"/>
							</var>
							<table>
								<t name="survivors">
									<var/>
									<table>
										<t key_type="0" name="1">
											<var>
												<v name="id" value="18798.0"/>
												<v name="component_id" value="490.0"/>
												<v type="2" name="type" value="character"/>
												<v name="bleed_counter" value="0.0"/>
												<v type="3" name="is_bleed" value="false"/>
											</var>
											<table/>
										</t>
										<t key_type="0" name="2">
											<var>
												<v name="id" value="18799.0"/>
												<v name="component_id" value="491.0"/>
												<v type="2" name="type" value="character"/>
												<v name="bleed_counter" value="0.0"/>
												<v type="3" name="is_bleed" value="false"/>
											</var>
											<table/>
										</t>
										<t key_type="0" name="3">
											<var>
												<v name="id" value="18800.0"/>
												<v name="component_id" value="492.0"/>
												<v type="2" name="type" value="character"/>
												<v name="bleed_counter" value="0.0"/>
												<v type="3" name="is_bleed" value="false"/>
											</var>
											<table/>
										</t>
									</table>
								</t>
								<t name="fires">
									<var/>
									<table>
										<t key_type="0" name="1">
											<var>
												<v name="component_id" value="75.0"/>
												<v type="2" name="type" value="fire"/>
												<v name="id" value="18801.0"/>
											</var>
											<table/>
										</t>
										<t key_type="0" name="2">
											<var>
												<v name="component_id" value="485.0"/>
												<v type="2" name="type" value="fire"/>
												<v name="id" value="18802.0"/>
											</var>
											<table/>
										</t>
										<t key_type="0" name="3">
											<var>
												<v name="component_id" value="486.0"/>
												<v type="2" name="type" value="fire"/>
												<v name="id" value="18803.0"/>
											</var>
											<table/>
										</t>
									</table>
								</t>
								<t name="zone_transform">
									<var>
										<v key_type="0" name="1" value="1.0"/>
										<v key_type="0" name="2" value="0.0"/>
										<v key_type="0" name="3" value="0.0"/>
										<v key_type="0" name="4" value="0.0"/>
										<v key_type="0" name="5" value="0.0"/>
										<v key_type="0" name="6" value="1.0"/>
										<v key_type="0" name="7" value="0.0"/>
										<v key_type="0" name="8" value="0.0"/>
										<v key_type="0" name="9" value="0.0"/>
										<v key_type="0" name="10" value="0.0"/>
										<v key_type="0" name="11" value="1.0"/>
										<v key_type="0" name="12" value="0.0"/>
										<v key_type="0" name="13" value="-5000.0"/>
										<v key_type="0" name="14" value="0.0"/>
										<v key_type="0" name="15" value="6000.0"/>
										<v key_type="0" name="16" value="1.0"/>
									</var>
									<table/>
								</t>
								<t name="objects">
									<var/>
									<table/>
								</t>
							</table>
						</t>
					</table>
				</t>
			</table>
		</t>
		<t name="rescued_characters">
			<var/>
			<table/>
		</t>
		<t name="damage_tracker">
			<var/>
			<table/>
		</t>
		<t name="disasters">
			<var/>
			<table>
				<t key_type="0" name="1">
					<var>
						<v name="ui_x" value="-5113.0229492188"/>
						<v name="countdown" value="120000.0"/>
						<v name="ui_z" value="4203.5517578125"/>
						<v type="2" name="type" value="meteor"/>
					</var>
					<table>
						<t name="transform">
							<var>
								<v key_type="0" name="1" value="1.0"/>
								<v key_type="0" name="2" value="0.0"/>
								<v key_type="0" name="3" value="0.0"/>
								<v key_type="0" name="4" value="0.0"/>
								<v key_type="0" name="5" value="0.0"/>
								<v key_type="0" name="6" value="1.0"/>
								<v key_type="0" name="7" value="0.0"/>
								<v key_type="0" name="8" value="0.0"/>
								<v key_type="0" name="9" value="0.0"/>
								<v key_type="0" name="10" value="0.0"/>
								<v key_type="0" name="11" value="1.0"/>
								<v key_type="0" name="12" value="0.0"/>
								<v key_type="0" name="13" value="-5000.0"/>
								<v key_type="0" name="14" value="0.0"/>
								<v key_type="0" name="15" value="6000.0"/>
								<v key_type="0" name="16" value="1.0"/>
							</var>
							<table/>
						</t>
						<t name="map_markers">
							<var/>
							<table>
								<t key_type="0" name="1">
									<var>
										<v name="z" value="4203.5517578125"/>
										<v name="id" value="1253615.0"/>
										<v name="x" value="-5113.0229492188"/>
										<v name="radius" value="4000.0"/>
										<v type="2" name="display_label" value="WARNING: EXTREME WEATHER"/>
										<v name="type" value="8.0"/>
										<v type="2" name="hover_label" value="Nearby weather stations have detected an incoming impact event."/>
										<v type="2" name="archetype" value="default"/>
									</var>
									<table/>
								</t>
							</table>
						</t>
					</table>
				</t>
			</table>
		</t>
	</table>
</g_savedata>

