<?xml version="1.0" encoding="UTF-8"?>
<g_savedata>
	<var/>
	<table>
		<t key_type="0" name="1">
			<var>
				<v name="base" value="0.25"/>
				<v type="2" name="name" value="Diesel"/>
			</var>
			<table>
				<t name="gantries">
					<var/>
					<table>
						<t key_type="0" name="80">
							<var>
								<v type="2" name="business" value="retailer"/>
								<v type="3" name="ready" value="false"/>
								<v name="supply_demand" value="0.97112982167435"/>
								<v name="distance_factor" value="0.33466750383377"/>
								<v name="timer" value="3.0"/>
								<v name="capacity" value="187.5"/>
								<v name="map_id" value="22.0"/>
								<v name="price_refresh_timer" value="271.0"/>
								<v name="spawn_protection" value="0.0"/>
								<v name="time_without_trade" value="3600.0"/>
								<v name="supply_demand_target" value="0.2"/>
								<v name="timer_ui" value="2133.0"/>
								<v type="3" name="is_buy" value="true"/>
								<v name="base_factor" value="1.0"/>
							</var>
							<table/>
						</t>
						<t key_type="0" name="66">
							<var>
								<v type="2" name="business" value="consumer"/>
								<v type="3" name="ready" value="false"/>
								<v name="supply_demand" value="1.0288730989533"/>
								<v name="distance_factor" value="2.1696627140045"/>
								<v name="timer" value="19.0"/>
								<v name="capacity" value="187.5"/>
								<v name="map_id" value="9.0"/>
								<v name="price_refresh_timer" value="252.0"/>
								<v name="spawn_protection" value="0.0"/>
								<v name="time_without_trade" value="3600.0"/>
								<v name="supply_demand_target" value="0.2"/>
								<v name="timer_ui" value="3319.0"/>
								<v type="3" name="is_buy" value="false"/>
								<v name="base_factor" value="1.0"/>
							</var>
							<table/>
						</t>
						<t key_type="0" name="83">
							<var>
								<v type="2" name="business" value="consumer"/>
								<v type="3" name="ready" value="false"/>
								<v name="supply_demand" value="1.0288733373718"/>
								<v name="distance_factor" value="3.0982277393341"/>
								<v name="timer" value="6.0"/>
								<v name="capacity" value="0.0"/>
								<v name="map_id" value="25.0"/>
								<v name="price_refresh_timer" value="247.0"/>
								<v name="spawn_protection" value="0.0"/>
								<v name="time_without_trade" value="3600.0"/>
								<v name="supply_demand_target" value="0.2"/>
								<v name="timer_ui" value="3576.0"/>
								<v type="3" name="is_buy" value="false"/>
								<v name="base_factor" value="1.0"/>
							</var>
							<table/>
						</t>
						<t key_type="0" name="68">
							<var>
								<v type="2" name="business" value="retailer"/>
								<v type="3" name="ready" value="false"/>
								<v name="supply_demand" value="0.97112646460495"/>
								<v name="distance_factor" value="0.31430134177208"/>
								<v name="timer" value="21.0"/>
								<v name="capacity" value="187.5"/>
								<v name="map_id" value="11.0"/>
								<v name="price_refresh_timer" value="250.0"/>
								<v name="spawn_protection" value="0.0"/>
								<v name="time_without_trade" value="3600.0"/>
								<v name="supply_demand_target" value="0.2"/>
								<v name="timer_ui" value="3441.0"/>
								<v type="3" name="is_buy" value="true"/>
								<v name="base_factor" value="1.0"/>
							</var>
							<table/>
						</t>
						<t key_type="0" name="69">
							<var>
								<v type="2" name="business" value="consumer"/>
								<v type="3" name="ready" value="false"/>
								<v name="supply_demand" value="1.0288734757904"/>
								<v name="distance_factor" value="3.0460731983185"/>
								<v name="timer" value="22.0"/>
								<v name="capacity" value="187.5"/>
								<v name="map_id" value="12.0"/>
								<v name="price_refresh_timer" value="250.0"/>
								<v name="spawn_protection" value="0.0"/>
								<v name="time_without_trade" value="3600.0"/>
								<v name="supply_demand_target" value="0.2"/>
								<v name="timer_ui" value="3442.0"/>
								<v type="3" name="is_buy" value="false"/>
								<v name="base_factor" value="1.0"/>
							</var>
							<table/>
						</t>
						<t key_type="0" name="71">
							<var>
								<v type="2" name="business" value="retailer"/>
								<v type="3" name="ready" value="false"/>
								<v name="supply_demand" value="0.97112610697709"/>
								<v name="distance_factor" value="0.32542788982391"/>
								<v name="timer" value="24.0"/>
								<v name="capacity" value="0.0"/>
								<v name="map_id" value="13.0"/>
								<v name="price_refresh_timer" value="248.0"/>
								<v name="spawn_protection" value="0.0"/>
								<v name="time_without_trade" value="3600.0"/>
								<v name="supply_demand_target" value="0.2"/>
								<v name="timer_ui" value="3564.0"/>
								<v type="3" name="is_buy" value="true"/>
								<v name="base_factor" value="1.0"/>
							</var>
							<table/>
						</t>
						<t key_type="0" name="73">
							<var>
								<v type="2" name="business" value="retailer"/>
								<v type="3" name="ready" value="false"/>
								<v name="supply_demand" value="0.97112616658173"/>
								<v name="distance_factor" value="0.065031491219997"/>
								<v name="timer" value="26.0"/>
								<v name="capacity" value="0.0"/>
								<v name="map_id" value="15.0"/>
								<v name="price_refresh_timer" value="248.0"/>
								<v name="spawn_protection" value="0.0"/>
								<v name="time_without_trade" value="3600.0"/>
								<v name="supply_demand_target" value="0.2"/>
								<v name="timer_ui" value="3566.0"/>
								<v type="3" name="is_buy" value="true"/>
								<v name="base_factor" value="1.0"/>
							</var>
							<table/>
						</t>
						<t key_type="0" name="59">
							<var>
								<v type="2" name="business" value="manufacturer"/>
								<v type="3" name="ready" value="false"/>
								<v name="supply_demand" value="0.97112606658173"/>
								<v name="distance_factor" value="1.0"/>
								<v name="timer" value="12.0"/>
								<v name="capacity" value="0.0"/>
								<v name="map_id" value="2.0"/>
								<v name="price_refresh_timer" value="247.0"/>
								<v name="spawn_protection" value="0.0"/>
								<v name="time_without_trade" value="3600.0"/>
								<v name="supply_demand_target" value="0.2"/>
								<v name="timer_ui" value="3582.0"/>
								<v type="3" name="is_buy" value="true"/>
								<v name="base_factor" value="1.0"/>
							</var>
							<table/>
						</t>
						<t key_type="0" name="84">
							<var>
								<v type="2" name="business" value="retailer"/>
								<v type="3" name="ready" value="false"/>
								<v name="supply_demand" value="0.97112618579102"/>
								<v name="distance_factor" value="0.2937920987606"/>
								<v name="timer" value="7.0"/>
								<v name="capacity" value="0.0"/>
								<v name="map_id" value="26.0"/>
								<v name="price_refresh_timer" value="247.0"/>
								<v name="spawn_protection" value="0.0"/>
								<v name="time_without_trade" value="3600.0"/>
								<v name="supply_demand_target" value="0.2"/>
								<v name="timer_ui" value="3577.0"/>
								<v type="3" name="is_buy" value="true"/>
								<v name="base_factor" value="1.0"/>
							</var>
							<table/>
						</t>
						<t key_type="0" name="78">
							<var>
								<v type="2" name="business" value="consumer"/>
								<v type="3" name="ready" value="false"/>
								<v name="supply_demand" value="1.0288732181625"/>
								<v name="distance_factor" value="14.559367179871"/>
								<v name="timer" value="1.0"/>
								<v name="capacity" value="0.0"/>
								<v name="map_id" value="20.0"/>
								<v name="price_refresh_timer" value="247.0"/>
								<v name="spawn_protection" value="0.0"/>
								<v name="time_without_trade" value="3600.0"/>
								<v name="supply_demand_target" value="0.2"/>
								<v name="timer_ui" value="3571.0"/>
								<v type="3" name="is_buy" value="false"/>
								<v name="base_factor" value="1.0"/>
							</var>
							<table/>
						</t>
						<t key_type="0" name="82">
							<var>
								<v type="2" name="business" value="consumer"/>
								<v type="3" name="ready" value="false"/>
								<v name="supply_demand" value="1.0288566480713"/>
								<v name="distance_factor" value="2.5081984996796"/>
								<v name="timer" value="5.0"/>
								<v name="capacity" value="187.5"/>
								<v name="map_id" value="24.0"/>
								<v name="price_refresh_timer" value="362.0"/>
								<v name="spawn_protection" value="0.0"/>
								<v name="time_without_trade" value="3600.0"/>
								<v name="supply_demand_target" value="0.2"/>
								<v name="timer_ui" value="4055.0"/>
								<v type="3" name="is_buy" value="false"/>
								<v name="base_factor" value="1.0"/>
							</var>
							<table/>
						</t>
					</table>
				</t>
			</table>
		</t>
		<t key_type="0" name="2">
			<var>
				<v name="base" value="1.0"/>
				<v type="2" name="name" value="Jet Fuel"/>
			</var>
			<table>
				<t name="gantries">
					<var/>
					<table>
						<t key_type="0" name="64">
							<var>
								<v type="2" name="business" value="consumer"/>
								<v type="3" name="ready" value="false"/>
								<v name="supply_demand" value="1.0288736949997"/>
								<v name="distance_factor" value="4.1314859390259"/>
								<v name="timer" value="17.0"/>
								<v name="capacity" value="0.0"/>
								<v name="map_id" value="7.0"/>
								<v name="price_refresh_timer" value="248.0"/>
								<v name="spawn_protection" value="0.0"/>
								<v name="time_without_trade" value="3600.0"/>
								<v name="supply_demand_target" value="0.2"/>
								<v name="timer_ui" value="3557.0"/>
								<v type="3" name="is_buy" value="false"/>
								<v name="base_factor" value="1.0"/>
							</var>
							<table/>
						</t>
						<t key_type="0" name="65">
							<var>
								<v type="2" name="business" value="retailer"/>
								<v type="3" name="ready" value="false"/>
								<v name="supply_demand" value="0.97112606658173"/>
								<v name="distance_factor" value="0.22022669017315"/>
								<v name="timer" value="18.0"/>
								<v name="capacity" value="0.0"/>
								<v name="map_id" value="8.0"/>
								<v name="price_refresh_timer" value="248.0"/>
								<v name="spawn_protection" value="0.0"/>
								<v name="time_without_trade" value="3600.0"/>
								<v name="supply_demand_target" value="0.2"/>
								<v name="timer_ui" value="3558.0"/>
								<v type="3" name="is_buy" value="true"/>
								<v name="base_factor" value="1.0"/>
							</var>
							<table/>
						</t>
						<t key_type="0" name="60">
							<var>
								<v type="2" name="business" value="manufacturer"/>
								<v type="3" name="ready" value="false"/>
								<v name="supply_demand" value="0.97112606658173"/>
								<v name="distance_factor" value="1.0"/>
								<v name="timer" value="13.0"/>
								<v name="capacity" value="0.0"/>
								<v name="map_id" value="3.0"/>
								<v name="price_refresh_timer" value="248.0"/>
								<v name="spawn_protection" value="0.0"/>
								<v name="time_without_trade" value="3600.0"/>
								<v name="supply_demand_target" value="0.2"/>
								<v name="timer_ui" value="3553.0"/>
								<v type="3" name="is_buy" value="true"/>
								<v name="base_factor" value="1.0"/>
							</var>
							<table/>
						</t>
						<t key_type="0" name="152">
							<var>
								<v type="2" name="business" value="retailer"/>
								<v type="3" name="ready" value="false"/>
								<v name="supply_demand" value="0.97113053693009"/>
								<v name="distance_factor" value="0.22361177206039"/>
								<v name="timer" value="15.0"/>
								<v name="capacity" value="703.125"/>
								<v name="map_id" value="155.0"/>
								<v name="price_refresh_timer" value="272.0"/>
								<v name="spawn_protection" value="0.0"/>
								<v name="time_without_trade" value="3600.0"/>
								<v name="supply_demand_target" value="0.2"/>
								<v name="timer_ui" value="2115.0"/>
								<v type="3" name="is_buy" value="true"/>
								<v name="base_factor" value="1.0"/>
							</var>
							<table/>
						</t>
						<t key_type="0" name="76">
							<var>
								<v type="2" name="business" value="retailer"/>
								<v type="3" name="ready" value="false"/>
								<v name="supply_demand" value="0.97112634539566"/>
								<v name="distance_factor" value="0.064147315919399"/>
								<v name="timer" value="29.0"/>
								<v name="capacity" value="0.0"/>
								<v name="map_id" value="18.0"/>
								<v name="price_refresh_timer" value="248.0"/>
								<v name="spawn_protection" value="0.0"/>
								<v name="time_without_trade" value="3600.0"/>
								<v name="supply_demand_target" value="0.2"/>
								<v name="timer_ui" value="3569.0"/>
								<v type="3" name="is_buy" value="true"/>
								<v name="base_factor" value="1.0"/>
							</var>
							<table/>
						</t>
						<t key_type="0" name="63">
							<var>
								<v type="2" name="business" value="consumer"/>
								<v type="3" name="ready" value="false"/>
								<v name="supply_demand" value="1.0288735757904"/>
								<v name="distance_factor" value="1.3439242839813"/>
								<v name="timer" value="16.0"/>
								<v name="capacity" value="0.0"/>
								<v name="map_id" value="6.0"/>
								<v name="price_refresh_timer" value="248.0"/>
								<v name="spawn_protection" value="0.0"/>
								<v name="time_without_trade" value="3600.0"/>
								<v name="supply_demand_target" value="0.2"/>
								<v name="timer_ui" value="3556.0"/>
								<v type="3" name="is_buy" value="false"/>
								<v name="base_factor" value="1.0"/>
							</var>
							<table/>
						</t>
					</table>
				</t>
			</table>
		</t>
		<t key_type="0" name="5">
			<var>
				<v name="base" value="2.0"/>
				<v type="2" name="name" value="Oil"/>
			</var>
			<table>
				<t name="gantries">
					<var/>
					<table>
						<t key_type="0" name="58">
							<var>
								<v type="2" name="business" value="manufacturer"/>
								<v type="3" name="ready" value="false"/>
								<v name="supply_demand" value="1.0288734565811"/>
								<v name="distance_factor" value="1.0"/>
								<v name="timer" value="11.0"/>
								<v name="capacity" value="0.0"/>
								<v name="map_id" value="1.0"/>
								<v name="price_refresh_timer" value="247.0"/>
								<v name="spawn_protection" value="0.0"/>
								<v name="time_without_trade" value="3600.0"/>
								<v name="supply_demand_target" value="0.2"/>
								<v name="timer_ui" value="3581.0"/>
								<v type="3" name="is_buy" value="false"/>
								<v name="base_factor" value="1.0"/>
							</var>
							<table/>
						</t>
						<t key_type="0" name="77">
							<var>
								<v type="2" name="business" value="extractor"/>
								<v type="3" name="ready" value="false"/>
								<v name="supply_demand" value="0.97112630500031"/>
								<v name="distance_factor" value="14.631870269775"/>
								<v name="timer" value="0.0"/>
								<v name="capacity" value="0.0"/>
								<v name="map_id" value="19.0"/>
								<v name="price_refresh_timer" value="247.0"/>
								<v name="spawn_protection" value="0.0"/>
								<v name="time_without_trade" value="3600.0"/>
								<v name="supply_demand_target" value="0.2"/>
								<v name="timer_ui" value="3570.0"/>
								<v type="3" name="is_buy" value="true"/>
								<v name="base_factor" value="1.0"/>
							</var>
							<table/>
						</t>
						<t key_type="0" name="61">
							<var>
								<v type="2" name="business" value="extractor"/>
								<v type="3" name="ready" value="false"/>
								<v name="supply_demand" value="0.97112791432572"/>
								<v name="distance_factor" value="4.0670480728149"/>
								<v name="timer" value="14.0"/>
								<v name="capacity" value="187.5"/>
								<v name="map_id" value="4.0"/>
								<v name="price_refresh_timer" value="260.0"/>
								<v name="spawn_protection" value="0.0"/>
								<v name="time_without_trade" value="3600.0"/>
								<v name="supply_demand_target" value="0.2"/>
								<v name="timer_ui" value="2834.0"/>
								<v type="3" name="is_buy" value="true"/>
								<v name="base_factor" value="1.0"/>
							</var>
							<table/>
						</t>
						<t key_type="0" name="62">
							<var>
								<v type="2" name="business" value="extractor"/>
								<v type="3" name="ready" value="false"/>
								<v name="supply_demand" value="0.97112618579102"/>
								<v name="distance_factor" value="4.2800168991089"/>
								<v name="timer" value="15.0"/>
								<v name="capacity" value="0.0"/>
								<v name="map_id" value="5.0"/>
								<v name="price_refresh_timer" value="248.0"/>
								<v name="spawn_protection" value="0.0"/>
								<v name="time_without_trade" value="3600.0"/>
								<v name="supply_demand_target" value="0.2"/>
								<v name="timer_ui" value="3555.0"/>
								<v type="3" name="is_buy" value="true"/>
								<v name="base_factor" value="1.0"/>
							</var>
							<table/>
						</t>
						<t key_type="0" name="74">
							<var>
								<v type="2" name="business" value="extractor"/>
								<v type="3" name="ready" value="false"/>
								<v name="supply_demand" value="0.97112616658173"/>
								<v name="distance_factor" value="14.137867927551"/>
								<v name="timer" value="27.0"/>
								<v name="capacity" value="0.0"/>
								<v name="map_id" value="16.0"/>
								<v name="price_refresh_timer" value="248.0"/>
								<v name="spawn_protection" value="0.0"/>
								<v name="time_without_trade" value="3600.0"/>
								<v name="supply_demand_target" value="0.2"/>
								<v name="timer_ui" value="3567.0"/>
								<v type="3" name="is_buy" value="true"/>
								<v name="base_factor" value="1.0"/>
							</var>
							<table/>
						</t>
					</table>
				</t>
			</table>
		</t>
		<t name="Coal">
			<var>
				<v name="base" value="2.0"/>
				<v type="2" name="name" value="Coal"/>
			</var>
			<table>
				<t name="gantries">
					<var/>
					<table>
						<t key_type="0" name="72">
							<var>
								<v type="2" name="business" value="consumer"/>
								<v type="3" name="ready" value="false"/>
								<v name="supply_demand" value="1.0288735949997"/>
								<v name="distance_factor" value="1.8719168901443"/>
								<v name="timer" value="25.0"/>
								<v name="capacity" value="0.0"/>
								<v name="map_id" value="14.0"/>
								<v name="price_refresh_timer" value="248.0"/>
								<v name="spawn_protection" value="0.0"/>
								<v name="time_without_trade" value="3600.0"/>
								<v name="supply_demand_target" value="0.2"/>
								<v name="timer_ui" value="3565.0"/>
								<v type="3" name="is_buy" value="false"/>
								<v name="base_factor" value="1.0"/>
							</var>
							<table/>
						</t>
						<t key_type="0" name="81">
							<var>
								<v type="2" name="business" value="consumer"/>
								<v type="3" name="ready" value="false"/>
								<v name="supply_demand" value="1.0288710723953"/>
								<v name="distance_factor" value="1.5861744880676"/>
								<v name="timer" value="4.0"/>
								<v name="capacity" value="405.0"/>
								<v name="map_id" value="23.0"/>
								<v name="price_refresh_timer" value="263.0"/>
								<v name="spawn_protection" value="0.0"/>
								<v name="time_without_trade" value="3600.0"/>
								<v name="supply_demand_target" value="0.2"/>
								<v name="timer_ui" value="2614.0"/>
								<v type="3" name="is_buy" value="false"/>
								<v name="base_factor" value="1.0"/>
							</var>
							<table/>
						</t>
						<t key_type="0" name="67">
							<var>
								<v type="2" name="business" value="extractor"/>
								<v type="3" name="ready" value="false"/>
								<v name="supply_demand" value="0.9711264242096"/>
								<v name="distance_factor" value="1.8719168901443"/>
								<v name="timer" value="20.0"/>
								<v name="capacity" value="27.0"/>
								<v name="map_id" value="10.0"/>
								<v name="price_refresh_timer" value="250.0"/>
								<v name="spawn_protection" value="0.0"/>
								<v name="time_without_trade" value="3600.0"/>
								<v name="supply_demand_target" value="0.2"/>
								<v name="timer_ui" value="3440.0"/>
								<v type="3" name="is_buy" value="true"/>
								<v name="base_factor" value="1.0"/>
							</var>
							<table/>
						</t>
						<t key_type="0" name="75">
							<var>
								<v type="2" name="business" value="consumer"/>
								<v type="3" name="ready" value="false"/>
								<v name="supply_demand" value="1.0288733565811"/>
								<v name="distance_factor" value="12.881433486938"/>
								<v name="timer" value="28.0"/>
								<v name="capacity" value="0.0"/>
								<v name="map_id" value="17.0"/>
								<v name="price_refresh_timer" value="248.0"/>
								<v name="spawn_protection" value="0.0"/>
								<v name="time_without_trade" value="3600.0"/>
								<v name="supply_demand_target" value="0.2"/>
								<v name="timer_ui" value="3568.0"/>
								<v type="3" name="is_buy" value="false"/>
								<v name="base_factor" value="1.0"/>
							</var>
							<table/>
						</t>
						<t key_type="0" name="79">
							<var>
								<v type="2" name="business" value="extractor"/>
								<v type="3" name="ready" value="false"/>
								<v name="supply_demand" value="0.97112892760468"/>
								<v name="distance_factor" value="1.5861744880676"/>
								<v name="timer" value="2.0"/>
								<v name="capacity" value="27.0"/>
								<v name="map_id" value="21.0"/>
								<v name="price_refresh_timer" value="265.0"/>
								<v name="spawn_protection" value="0.0"/>
								<v name="time_without_trade" value="3600.0"/>
								<v name="supply_demand_target" value="0.2"/>
								<v name="timer_ui" value="2492.0"/>
								<v type="3" name="is_buy" value="true"/>
								<v name="base_factor" value="1.0"/>
							</var>
							<table/>
						</t>
					</table>
				</t>
			</table>
		</t>
	</table>
</g_savedata>

