<?xml version="1.0" encoding="UTF-8"?>
<g_savedata>
	<var>
		<v name="RoboJon" value="296.0"/>
		<v name="destZ" value="0.0"/>
		<v type="3" name="playerRespawningBoat" value="false"/>
		<v name="destY" value="0.0"/>
		<v type="3" name="starterBoatSpawned" value="false"/>
		<v name="tutorial_stage" value="0.0"/>
		<v name="boatID" value="-1.0"/>
		<v name="destX" value="0.0"/>
		<v name="UIID2" value="293.0"/>
		<v name="destboatID" value="-1.0"/>
		<v name="UIID3" value="294.0"/>
		<v name="UIID" value="292.0"/>
		<v name="Deltars" value="295.0"/>
		<v type="3" name="notifyVideo" value="false"/>
	</var>
	<table>
		<t name="mission">
			<var/>
			<table>
				<t name="survivor_list">
					<var/>
					<table/>
				</t>
				<t name="objects">
					<var/>
					<table/>
				</t>
			</table>
		</t>
	</table>
</g_savedata>

