<?xml version="1.0" encoding="UTF-8"?><vehicle_state><transform 00="0.997695" 01="-0.001611" 02="-0.067841" 10="0.019008" 11="0.966333" 12="0.256593" 20="0.065143" 21="-0.257291" 22="0.964136" 30="-3280.771554" 31="328.046942" 32="6654.570639"/><f_island_0><volume vol_total="0.628878" temp="56.666573" vol_2="0.628878"/></f_island_0><f_island_1><volume temp="20"/></f_island_1><f_island_2><volume vol_total="0.491866" temp="36.736755" vol_0="0.491866"/></f_island_2><f_island_3><volume vol_total="0.492088" temp="33.262882" vol_0="0.492088"/></f_island_3><t_island_0 rps="47.971786"/><t_island_1 rps="12.000418"/><t_island_2 rps="23.993158"/><b_0><volume_0 temp="56.586281"/><volume_1 temp="56.585533"/><volume_2 temp="56.593399"/><volume_3 temp="56.56979"/><volume_4 temp="56.57946"/><local_transform 02="-0" 10="-0" 12="0" 21="0" 30="-0.002173" 31="-1.153892" 32="3.990003"/><physics><transform><pos x="-3280.771554" y="328.046942" z="6654.570639"/><rot x="0.129641" y="0.033549" z="-0.005202" w="0.99098"/></transform><lin_vel x="1.653452" y="-0.004534" z="23.033096"/><ang_vel x="0.003508" y="-0.006235" z="0.018511"/></physics><c_0/><c_1/><c_2/><c_3/><c_4/><c_5/><c_6/><c_7/><c_8/><c_9/><c_10/><c_11/><c_12/><c_13/><c_14/><c_15/><c_16/><c_17/><c_18/><c_19/><c_20/><c_21/><c_22/><c_23/><c_24/><c_25/><c_26/><c_27/><c_28/><c_29/><c_30/><c_31/><c_32/><c_33/><c_34/><c_35/><c_36/><c_37/><c_38/><c_39/><c_40/><c_41/><c_42/><c_43/><c_44/><c_45/><c_46/><c_47/><c_48/><c_49/><c_50/><c_51/><c_52/><c_53/><c_54/><c_55/><c_56/><c_57/><c_58/><c_59/><c_60/><c_61/><c_62/><c_63/><c_64/><c_65/><c_66/><c_67/><c_68/><c_69/><c_70/><c_71/><c_72/><c_73/><c_74/><c_75/><c_76/><c_77/><c_78/><c_79/><c_80/><c_81/><c_82/><c_83/><c_84/><c_85/><c_86/><c_87/><c_88/><c_89/><c_90/><c_91/><c_92/><c_93/><c_94/><c_95/><c_96/><c_97/><c_98/><c_99/><c_100/><c_101/><c_102/><c_103/><c_104/><c_105/><c_106/><c_107/><c_108/><c_109/><c_110/><c_111/><c_112/><c_113/><c_114/><c_115/><c_116/><c_117/><c_118/><c_119/><c_120/><c_121/><c_122/><c_123/><c_124/><c_125/><c_126/><c_127/><c_128/><c_129/><c_130/><c_131/><c_132/><c_133/><c_134/><c_135/><c_136/><c_137/><c_138/><c_139 light_is_on="true"><input_value editor_connected="1" value="true"/><input_electric/></c_139><c_140><input_value/><input_electric/></c_140><c_141/><c_142/><c_143/><c_144/><c_145/><c_146/><c_147/><c_148/><c_149/><c_150/><c_151/><c_152/><c_153/><c_154/><c_155/><c_156/><c_157/><c_158/><c_159/><c_160/><c_161/><c_162/><c_163/><c_164/><c_165/><c_166/><c_167/><c_168/><c_169/><c_170/><c_171/><c_172/><c_173/><c_174/><c_175/><c_176/><c_177/><c_178/><c_179/><c_180/><c_181/><c_182/><c_183/><c_184/><c_185/><c_186/><c_187/><c_188/><c_189/><c_190/><c_191 collective="0.481941" prop_rot="5.227867" prop_vel="47.809818" render_rotation_vel="47.809662"><input_value x="-0.00428" y="0.066479"/><x_axis_value value="-0.00397"/><y_axis_value value="0.066327"/><torque_value mass="150" demand="47.809662" flow="47.971786"/><torque_value_2/></c_191><c_192/><c_193/><c_194/><c_195/><c_196/><c_197/><c_198/><c_199/><c_200/><c_201/><c_202/><c_203/><c_204/><c_205/><c_206/><c_207/><c_208/><c_209/><c_210/><c_211/><c_212/><c_213/><c_214/><c_215/><c_216/><c_217/><c_218/><c_219/><c_220/><c_221/><c_222/><c_223/><c_224/><c_225/><c_226/><c_227/><c_228/><c_229/><c_230/><c_231/><c_232/><c_233/><c_234/><c_235/><c_236/><c_237/><c_238/><c_239/><c_240/><c_241/><c_242/><c_243/><c_244/><c_245/><c_246/><c_247/><c_248/><c_249/><c_250/><c_251/><c_252/><c_253/><c_254/><c_255/><c_256/><c_257/><c_258/><c_259/><c_260/><c_261/><c_262/><c_263/><c_264/><c_265/><c_266/><c_267/><c_268/><c_269/><c_270/><c_271/><c_272/><c_273/><c_274/><c_275/><c_276/><c_277/><c_278/><c_279/><c_280/><c_281/><c_282/><c_283/><c_284/><c_285/><c_286/><c_287/><c_288/><c_289/><c_290/><c_291/><c_292/><c_293/><c_294/><c_295/><c_296/><c_297/><c_298/><c_299/><c_300/><c_301/><c_302/><c_303/><c_304/><c_305/><c_306/><c_307/><c_308/><c_309/><c_310/><c_311/><c_312/><c_313/><c_314/><c_315/><c_316/><c_317/><c_318/><c_319/><c_320/><c_321/><c_322/><c_323/><c_324/><c_325/><c_326/><c_327/><c_328><input_f32/><input_f32_2/><input_bool/><output_f32_1/><output_f32_2/><output_f32_3/><input_fluid/><electric/><torque/></c_328><c_329/><c_330/><c_331/><c_332/><c_333/><c_334/><c_335/><c_336/><c_337/><c_338/><c_339/><c_340/><c_341/><c_342/><c_343><input_bool_1/><input_bool_2/><input_float_1/><input_float_2/><input_float_3/><output_float_1/><output_float_2/><output_float_3/><output_float_4/><output_bool/><output_bool_2/><output_torque/><input_electric/><input_audio><value/></input_audio><output_audio><value/></output_audio></c_343><c_344><input_bool_1/><input_bool_2/><input_float_1/><input_float_2/><input_float_3/><output_float_1/><output_float_2/><output_float_3/><output_float_4/><output_bool/><output_bool_2/><output_torque/><input_electric/><input_audio><value/></input_audio><output_audio><value/></output_audio></c_344><c_345><input_value/><input_electric/></c_345><c_346/><c_347/><c_348/><c_349/><c_350/><c_351/><c_352/><c_353/><c_354/><c_355/><c_356/><c_357/><c_358/><c_359/><c_360/><c_361/><c_362><display_1/><display_2/><display_3/><display_4/><input_value><value/></input_value><output_value><value/></output_value><input_bool/><input_electric/></c_362><c_363><display_1/><display_2/><display_3/><display_4/><input_value><value/></input_value><output_value><value/></output_value><input_bool/><input_electric/></c_363><c_364/><c_365/><c_366/><c_367/><c_368/><c_369/><c_370/><c_371/><c_372/><c_373/><c_374/><c_375/><c_376/><c_377/><c_378><input_electric/><input_channel/><output_channel/><signal_strength/></c_378><c_379><input_electric/><input_channel/><output_channel/><signal_strength/></c_379><c_380/><c_381/><c_382/><c_383/><c_384/><c_385/><c_386/><c_387/><c_388><input_electric/><input_channel/><output_channel/><signal_strength/></c_388><c_389/><c_390/><c_391/><c_392/><c_393/><c_394/><c_395><input_f32/><input_f32_2/><input_bool/><output_f32_1/><output_f32_2/><output_f32_3/><input_fluid/><electric/><torque/></c_395><c_396/><c_397/><c_398><input_value/><input_electric/></c_398><c_399/><c_400/><c_401/><c_402/><c_403/><c_404/><c_405/><c_406/><c_407/><c_408/><c_409/><c_410/><c_411/><c_412/><c_413/><c_414/><c_415/><c_416/><c_417/><c_418/><c_419/><c_420/><c_421/><c_422/><c_423/><c_424/><c_425/><c_426/><c_427/><c_428/><c_429/><c_430/><c_431/><c_432/><c_433/><c_434/><c_435/><c_436/><c_437/><c_438/><c_439/><c_440/><c_441/><c_442/><c_443/><c_444/><c_445/><c_446/><c_447/><c_448/><c_449/><c_450/><c_451/><c_452/><c_453/><c_454/><c_455/><c_456/><c_457/><c_458/><c_459/><c_460/><c_461/><c_462/><c_463/><c_464/><c_465><display_1/><display_2/><display_3/><display_4/><input_value><value/></input_value><output_value><value/></output_value><input_bool/><input_electric/></c_465><c_466><display_1/><display_2/><display_3/><display_4/><input_value><value/></input_value><output_value><value/></output_value><input_bool/><input_electric/></c_466><c_467><input_value/><input_value_2/><output_press/><output_float/><output_float_2/><electric/></c_467><c_468><input_value/><input_value_2/><output_press/><output_float/><output_float_2/><electric/></c_468><c_469><display_1/><display_2/><display_3/><display_4/><input_value><value/></input_value><output_value><value/></output_value><input_bool/><input_electric/></c_469><c_470/><c_471/><c_472/><c_473/><c_474/><c_475/><c_476/><c_477/><c_478/><c_479/><c_480/><c_481/><c_482/><c_483/><c_484/><c_485/><c_486/><c_487/><c_488/><c_489/><c_490/><c_491/><c_492/><c_493/><c_494/><c_495/><c_496/><c_497/><c_498/><c_499/><c_500/><c_501/><c_502/><c_503/><c_504/><c_505/><c_506/><c_507/><c_508/><c_509/><c_510/><c_511/><c_512/><c_513/><c_514/><c_515/><c_516/><c_517/><c_518/><c_519/><c_520/><c_521/><c_522/><c_523/><c_524/><c_525/><c_526/><c_527/><c_528/><c_529/><c_530/><c_531/><c_532/><c_533/><c_534/><c_535/><c_536/><c_537/><c_538/><c_539/><c_540/><c_541/><c_542/><c_543/><c_544/><c_545/><c_546/><c_547/><c_548/><c_549/><c_550/><c_551/><c_552/><c_553/><c_554/><c_555/><c_556/><c_557/><c_558/><c_559/><c_560/><c_561/><c_562/><c_563/><c_564/><c_565/><c_566/><c_567/><c_568/><c_569/><c_570/><c_571/><c_572/><c_573/><c_574/><c_575/><c_576/><c_577/><c_578/><c_579/><c_580/><c_581/><c_582/><c_583/><c_584/><c_585/><c_586/><c_587/><c_588/><c_589/><c_590/><c_591/><c_592/><c_593/><c_594/><c_595/><c_596/><c_597/><c_598/><c_599/><c_600/><c_601/><c_602/><c_603/><c_604/><c_605/><c_606/><c_607/><c_608/><c_609/><c_610/><c_611/><c_612/><c_613/><c_614/><c_615/><c_616/><c_617/><c_618/><c_619/><c_620/><c_621/><c_622/><c_623/><c_624/><c_625/><c_626/><c_627/><c_628/><c_629/><c_630/><c_631/><c_632/><c_633/><c_634/><c_635/><c_636/><c_637/><c_638/><c_639/><c_640/><c_641/><c_642/><c_643/><c_644/><c_645/><c_646/><c_647/><c_648/><c_649/><c_650/><c_651/><c_652/><c_653/><c_654/><c_655/><c_656/><c_657/><c_658/><c_659/><c_660/><c_661/><c_662/><c_663/><c_664/><c_665/><c_666/><c_667/><c_668/><c_669/><c_670/><c_671/><c_672/><c_673/><c_674/><c_675/><c_676/><c_677/><c_678/><c_679/><c_680/><c_681/><c_682/><c_683/><c_684/><c_685/><c_686/><c_687/><c_688/><c_689/><c_690/><c_691/><c_692/><c_693/><c_694/><c_695/><c_696/><c_697/><c_698/><c_699/><c_700/><c_701/><c_702/><c_703/><c_704/><c_705/><c_706/><c_707/><c_708/><c_709/><c_710/><c_711/><c_712/><c_713/><c_714/><c_715/><c_716/><c_717/><c_718/><c_719/><c_720/><c_721/><c_722/><c_723/><c_724/><c_725/><c_726/><c_727/><c_728/><c_729/><c_730/><c_731/><c_732/><c_733/><c_734/><c_735/><c_736/><c_737/><c_738/><c_739/><c_740/><c_741/><c_742/><c_743/><c_744/><c_745><display_1/><display_2/><display_3/><display_4/><input_value><value/></input_value><output_value><value/></output_value><input_bool/><input_electric/></c_745><c_746><display_1/><display_2/><display_3/><display_4/><input_value><value/></input_value><output_value><value/></output_value><input_bool/><input_electric/></c_746><c_747><display_1/><display_2/><display_3/><display_4/><input_value><value/></input_value><output_value><value/></output_value><input_bool/><input_electric/></c_747><c_748><display_1/><display_2/><display_3/><display_4/><input_value><value/></input_value><output_value><value/></output_value><input_bool/><input_electric/></c_748><c_749><display_1/><display_2/><display_3/><display_4/><input_value><value/></input_value><output_value><value/></output_value><input_bool/><input_electric/></c_749><c_750><display_1/><display_2/><display_3/><display_4/><input_value><value/></input_value><output_value><value/></output_value><input_bool/><input_electric/></c_750><c_751><display_1/><display_2/><display_3/><display_4/><input_value><value/></input_value><output_value><value/></output_value><input_bool/><input_electric/></c_751><c_752><display_1/><display_2/><display_3/><display_4/><input_value><value/></input_value><output_value><value/></output_value><input_bool/><input_electric/></c_752><c_753 light_is_on="true"><display_1 val_float="11.831759"/><display_2 val_float="1403.332886"/><display_3/><display_4 val_float="1"/><input_value editor_connected="1"><value 02="1403.313477" 03="1" 04="11.8318"/></input_value><output_value><value 02="1403.332886" 03="1" 04="11.831759"/></output_value><input_bool value="true"/><input_electric/></c_753><c_754/><c_755/><c_756/><c_757/><c_758/><c_759/><c_760/><c_761/><c_762/><c_763/><c_764/><c_765/><c_766/><c_767/><c_768/><c_769/><c_770/><c_771/><c_772/><c_773/><c_774/><c_775/><c_776/><c_777/><c_778/><c_779/><c_780/><c_781/><c_782/><c_783/><c_784/><c_785/><c_786/><c_787/><c_788/><c_789/><c_790/><c_791/><c_792/><c_793/><c_794/><c_795/><c_796/><c_797/><c_798/><c_799/><c_800/><c_801/><c_802/><c_803/><c_804/><c_805/><c_806/><c_807/><c_808/><c_809/><c_810/><c_811/><c_812/><c_813/><c_814/><c_815/><c_816/><c_817/><c_818/><c_819/><c_820/><c_821/><c_822/><c_823/><c_824/><c_825/><c_826/><c_827/><c_828/><c_829/><c_830><display_1/><display_2/><display_3/><display_4/><input_value><value/></input_value><output_value><value/></output_value><input_bool/><input_electric/></c_830><c_831><display_1/><display_2/><display_3/><display_4/><input_value><value/></input_value><output_value><value/></output_value><input_bool/><input_electric/></c_831><c_832><electric/><video><value/></video><composite><value/></composite><active/></c_832><c_833 button_is_on="true"><input_value/><input_value_2/><output_press/><output_float/><output_float_2/><electric/></c_833><c_834/><c_835/><c_836/><c_837/><c_838/><c_839/><c_840/><c_841/><c_842/><c_843/><c_844/><c_845/><c_846><input_value/><input_electric/></c_846><c_847/><c_848/><c_849/><c_850/><c_851/><c_852/><c_853/><c_854/><c_855/><c_856/><c_857 value_bool="true"><input_1_axis/><input_2_axis/><input_on_off editor_connected="1" value="true"/><electric/></c_857><c_858><input_1_axis/><input_2_axis/><input_on_off/><electric/></c_858><c_859><input_1_axis/><input_2_axis/><input_on_off/><electric/></c_859><c_860/><c_861/><c_862/><c_863/><c_864/><c_865/><c_866/><c_867/><c_868/><c_869/><c_870/><c_871/><c_872/><c_873/><c_874/><c_875/><c_876/><c_877/><c_878/><c_879/><c_880/><c_881/><c_882/><c_883/><c_884/><c_885/><c_886/><c_887/><c_888/><c_889/><c_890/><c_891/><c_892/><c_893/><c_894/><c_895/><c_896/><c_897/><c_898/><c_899/><c_900/><c_901/><c_902/><c_903/><c_904/><c_905/><c_906/><c_907/><c_908/><c_909/><c_910/><c_911/><c_912/><c_913/><c_914/><c_915/><c_916/><c_917/><c_918/><c_919/><c_920/><c_921/><c_922/><c_923/><c_924/><c_925/><c_926/><c_927/><c_928/><c_929/><c_930/><c_931/><c_932/><c_933/><c_934/><c_935/><c_936/><c_937/><c_938/><c_939/><c_940/><c_941/><c_942/><c_943/><c_944/><c_945/><c_946/><c_947/><c_948/><c_949/><c_950/><c_951/><c_952/><c_953/><c_954/><c_955/><c_956/><c_957/><c_958/><c_959/><c_960/><c_961/><c_962/><c_963/><c_964/><c_965/><c_966/><c_967/><c_968/><c_969/><c_970/><c_971/><c_972/><c_973/><c_974/><c_975/><c_976/><c_977/><c_978/><c_979/><c_980/><c_981/><c_982/><c_983/><c_984/><c_985/><c_986/><c_987/><c_988/><c_989/><c_990/><c_991/><c_992/><c_993/><c_994/><c_995/><c_996/><c_997/><c_998/><c_999/><c_1000/><c_1001/><c_1002/><c_1003/><c_1004/><c_1005/><c_1006/><c_1007/><c_1008/><c_1009/><c_1010/><c_1011/><c_1012/><c_1013/><c_1014/><c_1015/><c_1016/><c_1017/><c_1018/><c_1019/><c_1020/><c_1021/><c_1022/><c_1023/><c_1024/><c_1025/><c_1026/><c_1027/><c_1028/><c_1029/><c_1030/><c_1031/><c_1032/><c_1033/><c_1034/><c_1035/><c_1036/><c_1037/><c_1038/><c_1039/><c_1040/><c_1041/><c_1042/><c_1043/><c_1044/><c_1045/><c_1046/><c_1047/><c_1048/><c_1049/><c_1050/><c_1051/><c_1052/><c_1053/><c_1054/><c_1055/><c_1056/><c_1057/><c_1058/><c_1059/><c_1060/><c_1061/><c_1062/><c_1063/><c_1064/><c_1065/><c_1066/><c_1067/><c_1068/><c_1069/><c_1070/><c_1071/><c_1072/><c_1073/><c_1074/><c_1075/><c_1076/><c_1077/><c_1078/><c_1079/><c_1080/><c_1081/><c_1082/><c_1083/><c_1084/><c_1085/><c_1086/><c_1087/><c_1088/><c_1089/><c_1090/><c_1091/><c_1092 air_out="2.232067" rps="-0.002157" rps_prev="-0.002157" prop_rotation="-3.762975"><input_f32/><input_f32_2/><input_bool/><output_f32_1 value="2.232067"/><output_f32_2 value="-0.002157"/><output_f32_3/><input_fluid/><electric/><torque/></c_1092><c_1093 air_in="1.655439" air_out="0.576697" rps="-0.002159" rps_prev="-0.002166"><input_f32/><input_f32_2/><input_bool/><output_f32_1 value="0.576697"/><output_f32_2/><output_f32_3 value="-0.002166"/><input_fluid/><electric/><torque/></c_1093><c_1094 air_out="0.288349" rps="-0.002157" rps_prev="-0.002157"><input_f32/><input_f32_2/><input_bool/><output_f32_1 value="0.288349"/><output_f32_2/><output_f32_3 value="-0.002157"/><input_fluid/><electric/><torque/></c_1094><c_1095 air_out="2.231946" rps="11.831882" rps_prev="11.831841" prop_rotation="22810.392578"><input_f32/><input_f32_2/><input_bool/><output_f32_1 value="2.231946"/><output_f32_2 value="11.831841"/><output_f32_3/><input_fluid/><electric/><torque/></c_1095><c_1096 air_in="-332.124817" air_out="334.356812" rps="11.798207" rps_prev="11.663467"><input_f32/><input_f32_2/><input_bool editor_connected="1"/><output_f32_1 value="334.356812"/><output_f32_2/><output_f32_3 value="11.663467"/><input_fluid/><electric/><torque/></c_1096><c_1097 air_out="15709.339844" temp_out="0.971385" rps="11.831882" rps_prev="11.831842"><input_f32 value="0.820968"/><input_f32_2/><input_bool/><output_f32_1 value="15709.339844"/><output_f32_2 value="0.971385"/><output_f32_3 value="11.831842"/><input_fluid demand="0.223045"/><electric/><torque/></c_1097><c_1098 air_in="5236.491211" air_out="5236.491211" temp_in="0.97141" temp_out="0.97141" rps="11.865598" rps_prev="12.000418"><input_f32/><input_f32_2/><input_bool/><output_f32_1 value="5236.491211"/><output_f32_2 value="0.97141"/><output_f32_3 value="12.000418"/><input_fluid/><electric p_charge="1" p_capacity="0.025"/><torque mass="160" demand="12.243267" flow="12.000418"/></c_1098><c_1099/><c_1100/><c_1101/><c_1102/><c_1103/><c_1104/><c_1105/><c_1106/><c_1107/><c_1108/><c_1109/><c_1110/><c_1111/><c_1112/><c_1113/><c_1114/><c_1115/><c_1116/><c_1117/><c_1118/><c_1119/><c_1120/><c_1121/><c_1122/><c_1123/><c_1124/><c_1125/><c_1126/><c_1127/><c_1128/><c_1129/><c_1130/><c_1131/><c_1132/><c_1133/><c_1134/><c_1135/><c_1136/><c_1137/><c_1138/><c_1139/><c_1140/><c_1141/><c_1142><rope_slot/><output_composite><value/></output_composite><input_composite><value/></input_composite><output_bool/><input_bool/><input_electric/><input_fluid/><input_video><value/></input_video><output_video><value/></output_video><input_audio><value/></input_audio><output_audio><value/></output_audio><winch_down/><winch_up/><output_float/></c_1142><c_1143/><c_1144/><c_1145/><c_1146/><c_1147/><c_1148/><c_1149/><c_1150/><c_1151/><c_1152/><c_1153/><c_1154/><c_1155/><c_1156/><c_1157/><c_1158/><c_1159/><c_1160/><c_1161/><c_1162/><c_1163/><c_1164/><c_1165/><c_1166/><c_1167/><c_1168/><c_1169/><c_1170/><c_1171/><c_1172/><c_1173/><c_1174/><c_1175/><c_1176/><c_1177/><c_1178/><c_1179/><c_1180/><c_1181/><c_1182/><c_1183/><c_1184/><c_1185/><c_1186/><c_1187/><c_1188/><c_1189/><c_1190/><c_1191/><c_1192 light_is_on="true"><input_value editor_connected="1" value="true"/><input_electric/></c_1192><c_1193 light_is_on="true"><input_value editor_connected="1" value="true"/><input_electric/></c_1193><c_1194 light_is_on="true"><input_value editor_connected="1"><value 01="0.14"/></input_value><output_value><value/></output_value><input_bool/><input_electric/></c_1194><c_1195/><c_1196/><c_1197/><c_1198/><c_1199/><c_1200/><c_1201/><c_1202/><c_1203/><c_1204/><c_1205/><c_1206/><c_1207/><c_1208/><c_1209/><c_1210/><c_1211/><c_1212/><c_1213/><c_1214/><c_1215/><c_1216/><c_1217/><c_1218/><c_1219/><c_1220/><c_1221/><c_1222/><c_1223/><c_1224/><c_1225/><c_1226/><c_1227/><c_1228/><c_1229/><c_1230/><c_1231/><c_1232/><c_1233/><c_1234/><c_1235/><c_1236/><c_1237/><c_1238/><c_1239/><c_1240/><c_1241/><c_1242 spawner_pending="false"><output_measure value="15.240908"/><output_measure_2/><fluid_1/><fluid_2/><input_pivot/><input_pitch/><input_pitch_2/><input_electric/><torque_value/><contained_volume vol_total="9" temp="15.240908" vol_0="9"/><contained_volume_secondary temp="15.240908"/></c_1242><c_1243 spawner_pending="false"><output_measure value="15.240908"/><output_measure_2/><fluid_1/><fluid_2/><input_pivot/><input_pitch/><input_pitch_2/><input_electric/><torque_value/><contained_volume vol_total="9" temp="15.240908" vol_0="9"/><contained_volume_secondary temp="15.240908"/></c_1243><c_1244/><c_1245/><c_1246/><c_1247/><c_1248/><c_1249/><c_1250/><c_1251/><c_1252/><c_1253/><c_1254/><c_1255/><c_1256/><c_1257/><c_1258/><c_1259/><c_1260/><c_1261/><c_1262/><c_1263/><c_1264/><c_1265/><c_1266/><c_1267/><c_1268/><c_1269/><c_1270/><c_1271/><c_1272/><c_1273/><c_1274/><c_1275/><c_1276/><c_1277/><c_1278/><c_1279/><c_1280/><c_1281/><c_1282/><c_1283/><c_1284/><c_1285/><c_1286/><c_1287/><c_1288/><c_1289/><c_1290/><c_1291/><c_1292/><c_1293/><c_1294/><c_1295/><c_1296/><c_1297/><c_1298/><c_1299/><c_1300/><c_1301/><c_1302/><c_1303/><c_1304/><c_1305/><c_1306/><c_1307/><c_1308/><c_1309/><c_1310/><c_1311/><c_1312/><c_1313/><c_1314/><c_1315/><c_1316/><c_1317/><c_1318/><c_1319/><c_1320/><c_1321/><c_1322/><c_1323/><c_1324/><c_1325/><c_1326/><c_1327/><c_1328/><c_1329/><c_1330/><c_1331/><c_1332 rotations_per_second="11.743258"><1_axis/><bool_axis/><torque_value mass="1" demand="11.743219" flow="12.000418"/><electric_a p_charge="1" p_capacity="0.1"/><electric_b/></c_1332><c_1333 rotations_per_second="11.743258"><1_axis/><bool_axis/><torque_value mass="1" demand="11.743219" flow="12.000418"/><electric_a p_charge="1" p_capacity="0.1"/><electric_b/></c_1333><c_1334><input_on_off/><input_water/><output_water/><input_electric/></c_1334><c_1335><input_on_off/><input_water/><output_water/><input_electric/></c_1335><c_1336/><c_1337/><c_1338/><c_1339/><c_1340><output_measure/><output_measure_2/><fluid_1/><fluid_2/><input_pivot/><input_pitch/><input_pitch_2/><input_electric/><torque_value/><contained_volume temp="15.240908"/><contained_volume_secondary temp="15.240908"/></c_1340><c_1341><output_measure/><output_measure_2/><fluid_1/><fluid_2/><input_pivot/><input_pitch/><input_pitch_2/><input_electric/><torque_value/><contained_volume temp="15.240908"/><contained_volume_secondary temp="15.240908"/></c_1341><c_1342/><c_1343/><c_1344/><c_1345/><c_1346/><c_1347/><c_1348/><c_1349/><c_1350/><c_1351/><c_1352/><c_1353/><c_1354/><c_1355/><c_1356/><c_1357 spawner_pending="false"><output_measure value="56.357384"/><output_measure_2/><fluid_1 demand="-0.00004"/><fluid_2 demand="0.000023"/><input_pivot/><input_pitch/><input_pitch_2/><input_electric/><torque_value/><contained_volume vol_total="8.015857" temp="56.357384" vol_0="8.015857"/><contained_volume_secondary temp="15.240908"/></c_1357><c_1358/><c_1359/><c_1360/><c_1361><output_measure value="-997.999939"/><output_measure_2/><fluid_1/><fluid_2/><input_pivot/><input_pitch/><input_pitch_2/><input_electric/><torque_value/><contained_volume temp="15.240908"/><contained_volume_secondary temp="15.240908"/></c_1361><c_1362/><c_1363/><c_1364/><c_1365/><c_1366/><c_1367/><c_1368/><c_1369/><c_1370/><c_1371/><c_1372/><c_1373/><c_1374/><c_1375/><c_1376/><c_1377/><c_1378/><c_1379/><c_1380/><c_1381/><c_1382/><c_1383/><c_1384/><c_1385/><c_1386/><c_1387/><c_1388/><c_1389/><c_1390/><c_1391/><c_1392/><c_1393/><c_1394/><c_1395/><c_1396/><c_1397/><c_1398/><c_1399/><c_1400/><c_1401/><c_1402/><c_1403/><c_1404/><c_1405/><c_1406/><c_1407/><c_1408/><c_1409/><c_1410/><c_1411/><c_1412/><c_1413/><c_1414/><c_1415/><c_1416/><c_1417/><c_1418/><c_1419/><c_1420/><c_1421/><c_1422/><c_1423/><c_1424/><c_1425/><c_1426/><c_1427/><c_1428/><c_1429/><c_1430/><c_1431/><c_1432/><c_1433/><c_1434/><c_1435/><c_1436/><c_1437/><c_1438/><c_1439 prev_rotation="-0.000177"><input_bool/><input_torque/><input_float value="1"/><input_float_2/><body><transform><pos x="-3277.931826" y="325.745287" z="6652.198378"/><rot x="0.033549" y="-0.129553" z="0.990991" w="0.005199"/></transform><lin_vel x="1.711118" y="0.057318" z="23.046535"/><ang_vel x="0.003528" y="-0.006234" z="0.018509"/></body></c_1439><c_1440 prev_rotation="-0.000176"><input_bool/><input_torque/><input_float value="1"/><input_float_2/><body><transform><pos x="-3283.917995" y="325.754955" z="6652.605423"/><rot x="0.129553" y="0.033549" z="-0.005199" w="0.990991"/></transform><lin_vel x="1.708395" y="-0.054916" z="23.009251"/><ang_vel x="0.003528" y="-0.006234" z="0.018509"/></body></c_1440><c_1441><input_bool_1/><input_bool_2/><input_float_1/><input_float_2/><input_float_3/><output_float_1 value="0.5"/><output_float_2/><output_float_3/><output_float_4/><output_bool/><output_bool_2/><output_torque/><input_electric/><input_audio><value/></input_audio><output_audio><value/></output_audio></c_1441><c_1442/><c_1443/><c_1444/><c_1445/><c_1446/><c_1447/><c_1448/><c_1449/><c_1450/><c_1451/><c_1452/><c_1453/><c_1454/><c_1455/><c_1456/><c_1457/><c_1458/><c_1459/><c_1460/><c_1461/><c_1462 value_f32="328.015442" value_bool="true"><input_1_axis editor_connected="1" value="328.015228"/><input_2_axis/><input_on_off editor_connected="1" value="true"/><electric/></c_1462><c_1463 value_f32="23.100185" value_bool="true"><input_1_axis editor_connected="1" value="23.099489"/><input_2_axis/><input_on_off editor_connected="1" value="true"/><electric/></c_1463><c_1464><rope_slot/><output_composite><value/></output_composite><input_composite><value/></input_composite><output_bool/><input_bool/><input_electric/><input_fluid/><input_video><value/></input_video><output_video><value/></output_video><input_audio><value/></input_audio><output_audio><value/></output_audio><winch_down/><winch_up/><output_float/></c_1464><c_1465><rope_slot/><output_composite><value/></output_composite><input_composite><value/></input_composite><output_bool/><input_bool/><input_electric/><input_fluid/><input_video><value/></input_video><output_video><value/></output_video><input_audio><value/></input_audio><output_audio><value/></output_audio><winch_down/><winch_up/><output_float/></c_1465><c_1466><rope_slot/><output_composite><value/></output_composite><input_composite><value/></input_composite><output_bool/><input_bool/><input_electric/><input_fluid/><input_video><value/></input_video><output_video><value/></output_video><input_audio><value/></input_audio><output_audio><value/></output_audio><winch_down/><winch_up/><output_float/></c_1466><c_1467><rope_slot/><output_composite><value/></output_composite><input_composite><value/></input_composite><output_bool/><input_bool/><input_electric/><input_fluid/><input_video><value/></input_video><output_video><value/></output_video><input_audio><value/></input_audio><output_audio><value/></output_audio><winch_down/><winch_up/><output_float/></c_1467><c_1468/><c_1469/><c_1470/><c_1471/><c_1472/><c_1473 light_is_on="true"><input_value editor_connected="1"><value 01="0.14"/></input_value><output_value><value/></output_value><input_bool/><input_electric/></c_1473><c_1474/><c_1475/><c_1476><rope_slot/><output_composite><value/></output_composite><input_composite><value/></input_composite><output_bool/><input_bool/><input_electric/><input_fluid/><input_video><value/></input_video><output_video><value/></output_video><input_audio><value/></input_audio><output_audio><value/></output_audio><winch_down/><winch_up/><output_float/></c_1476><c_1477><rope_slot/><output_composite><value/></output_composite><input_composite><value/></input_composite><output_bool/><input_bool/><input_electric/><input_fluid/><input_video><value/></input_video><output_video><value/></output_video><input_audio><value/></input_audio><output_audio><value/></output_audio><winch_down/><winch_up/><output_float/></c_1477><c_1478/><c_1479/><c_1480><input_on_off/><input_water/><output_water/><input_electric/></c_1480><c_1481 air_out="-2.232067"><input_f32/><input_f32_2/><input_bool/><output_f32_1 value="-2.232067"/><output_f32_2/><output_f32_3/><input_fluid/><electric/><torque/></c_1481><c_1482/><c_1483/><c_1484/><c_1485/><c_1486/><c_1487/><c_1488/><c_1489/><c_1490/><c_1491/><c_1492/><c_1493/><c_1494/><c_1495/><c_1496/><c_1497/><c_1498/><c_1499/><c_1500/><c_1501/><c_1502/><c_1503/><c_1504/><c_1505/><c_1506/><c_1507/><c_1508/><c_1509/><c_1510/><c_1511/><c_1512/><c_1513/><c_1514/><c_1515/><c_1516/><c_1517/><c_1518/><c_1519/><c_1520/><c_1521/><c_1522/><c_1523/><c_1524/><c_1525/><c_1526/><c_1527/><c_1528/><c_1529/><c_1530/><c_1531/><c_1532/><c_1533/><c_1534/><c_1535 heat_factor="1" value_bool="true"><input_on_off editor_connected="1" value="true"/><electric/></c_1535><c_1536/><c_1537/><c_1538/><c_1539/><c_1540/><c_1541/><c_1542/><c_1543/><c_1544/><c_1545/><c_1546/><c_1547/><c_1548/><c_1549/><c_1550/><c_1551/><c_1552/><c_1553/><c_1554/><c_1555 collective="0.026304" prop_rot="4.815706" prop_vel="47.963799" render_rotation_vel="47.963631"><x_axis_value value="0.026261"/><y_axis_value/><torque_value mass="35" demand="47.963631" flow="47.971786"/><torque_value_2/></c_1555><c_1556/><c_1557/><c_1558/><c_1559/><c_1560/><c_1561/><c_1562/><c_1563/><c_1564/><c_1565 input_float_1_val="23.099489"><input_bool_1/><input_bool_2/><input_float_1/><input_float_2/><input_float_3/><output_float_1 value="23.099489"/><output_float_2/><output_float_3/><output_float_4/><output_bool/><output_bool_2/><output_torque/><input_electric/><input_audio><value/></input_audio><output_audio><value/></output_audio></c_1565><c_1566/><c_1567><rope_slot/><output_composite><value/></output_composite><input_composite><value/></input_composite><output_bool/><input_bool/><input_electric/><input_fluid/><input_video><value/></input_video><output_video><value/></output_video><input_audio><value/></input_audio><output_audio><value/></output_audio><winch_down/><winch_up/><output_float/></c_1567><c_1568/><c_1569/><c_1570/><c_1571/><c_1572/><c_1573/><c_1574/><c_1575/><c_1576/><c_1577/><c_1578 prev_rotation="-1.232011" rotation_speed="-0.002275"><input_bool/><input_torque/><input_float/><input_float_2/><body><transform><pos x="-3280.454047" y="323.812285" z="6659.372639"/><rot x="0.030388" y="0.466756" z="0.883734" w="-0.015138"/></transform><lin_vel x="1.702165" y="-0.014673" z="23.023993"/><ang_vel x="0.001259" y="-0.006231" z="0.018663"/></body></c_1578><c_1579/><c_1580/><c_1581/><c_1582/><c_1583/><c_1584/><c_1585/><c_1586/><c_1587/><c_1588/><c_1589/><c_1590/><c_1591/><c_1592/><c_1593/><c_1594/><c_1595/><c_1596/><c_1597/><c_1598/><c_1599/><c_1600/><c_1601/><c_1602/><c_1603/><c_1604/><c_1605/><c_1606/><c_1607/><c_1608/><c_1609/><c_1610/><c_1611><output_0/><output_1/><output_2/><output_3/><output_4/><output_5/><output_6/><output_7/><hotkey_0/><hotkey_1/><hotkey_2/><hotkey_3/><hotkey_4/><hotkey_5/><hotkey_6/><hotkey_7/><hotkey_8/><hotkey_9/><hotkey_10/><hotkey_11/><hotkey_12/><hotkey_13/><hotkey_14/><hotkey_15/><hotkey_16/><hotkey_17/><hotkey_18/><hotkey_19/><hotkey_20/><hotkey_21/><hotkey_22/><hotkey_23/><hotkey_24/><hotkey_25/><hotkey_26/><hotkey_27/><hotkey_28/><hotkey_29/><hotkey_30/><hotkey_31/><hotkey_32/><hotkey_33/><hotkey_34/><hotkey_35/><hotkey_36/><hotkey_37/><hotkey_38/><hotkey_39/><hotkey_40/><hotkey_41/><hotkey_42/><hotkey_43/><hotkey_44/><hotkey_45/><hotkey_46/><hotkey_47/><look_0/><look_1/><output_trigger/><output_seated/><input_audio><value/></input_audio><output_audio><value/></output_audio></c_1611><c_1612 value="0.75" axis_input="0.75" value="0.065058" axis_input="0.065058" value="0.589061" axis_input="0.589061"><output_0/><output_1 value="0.75"/><output_2 value="0.065058"/><output_3 value="0.589061"/><output_4/><output_5/><output_6/><output_7/><hotkey_0 value="true"/><hotkey_1/><hotkey_2/><hotkey_3/><hotkey_4/><hotkey_5/><hotkey_6/><hotkey_7/><hotkey_8/><hotkey_9/><hotkey_10/><hotkey_11/><hotkey_12/><hotkey_13/><hotkey_14/><hotkey_15/><hotkey_16/><hotkey_17/><hotkey_18/><hotkey_19/><hotkey_20/><hotkey_21/><hotkey_22/><hotkey_23/><hotkey_24/><hotkey_25/><hotkey_26/><hotkey_27/><hotkey_28/><hotkey_29/><hotkey_30/><hotkey_31/><hotkey_32/><hotkey_33/><hotkey_34/><hotkey_35/><hotkey_36/><hotkey_37/><hotkey_38/><hotkey_39/><hotkey_40/><hotkey_41/><hotkey_42/><hotkey_43/><hotkey_44/><hotkey_45/><hotkey_46/><hotkey_47/><look_0/><look_1/><output_trigger/><output_seated value="true"/><input_audio><value/></input_audio><output_audio><value/></output_audio></c_1612><c_1613/><c_1614/><c_1615/><c_1616/><c_1617/><c_1618/><c_1619/><c_1620><output_0/><output_1/><output_2/><output_3/><output_4/><output_5/><output_6/><output_7/><hotkey_0/><hotkey_1/><hotkey_2/><hotkey_3/><hotkey_4/><hotkey_5/><hotkey_6/><hotkey_7/><hotkey_8/><hotkey_9/><hotkey_10/><hotkey_11/><hotkey_12/><hotkey_13/><hotkey_14/><hotkey_15/><hotkey_16/><hotkey_17/><hotkey_18/><hotkey_19/><hotkey_20/><hotkey_21/><hotkey_22/><hotkey_23/><hotkey_24/><hotkey_25/><hotkey_26/><hotkey_27/><hotkey_28/><hotkey_29/><hotkey_30/><hotkey_31/><hotkey_32/><hotkey_33/><hotkey_34/><hotkey_35/><hotkey_36/><hotkey_37/><hotkey_38/><hotkey_39/><hotkey_40/><hotkey_41/><hotkey_42/><hotkey_43/><hotkey_44/><hotkey_45/><hotkey_46/><hotkey_47/><look_0/><look_1/><output_trigger/><output_seated/><input_audio><value/></input_audio><output_audio><value/></output_audio></c_1620><c_1621/><c_1622/><c_1623/><c_1624/><c_1625/><c_1626/><c_1627/><c_1628/><c_1629/><c_1630/><c_1631/><c_1632/><c_1633/><c_1634/><c_1635/><c_1636/><c_1637/><c_1638/><c_1639/><c_1640/><c_1641/><c_1642/><c_1643/><c_1644/><c_1645/><c_1646/><c_1647/><c_1648/><c_1649/><c_1650/><c_1651/><c_1652/><c_1653/><c_1654/><c_1655/><c_1656/><c_1657/><c_1658/><c_1659/><c_1660/><c_1661/><c_1662/><c_1663/><c_1664/><c_1665/><c_1666/><c_1667/><c_1668/><c_1669/><c_1670/><c_1671/><c_1672/><c_1673/><c_1674/><c_1675/><c_1676/><c_1677/><c_1678/><c_1679/><c_1680/><c_1681/><c_1682/><c_1683/><c_1684/><c_1685/><c_1686/><c_1687/><c_1688/><c_1689/><c_1690/><c_1691/><c_1692/><c_1693/><c_1694/><c_1695/><c_1696/><c_1697/><c_1698/><c_1699/><c_1700/><c_1701/><c_1702/><c_1703/><c_1704/><c_1705/><c_1706/><c_1707/><c_1708/><c_1709/><c_1710/><c_1711/><c_1712/><c_1713/><c_1714/><c_1715/><c_1716/><c_1717/><c_1718/><c_1719/><c_1720/><c_1721/><c_1722/><c_1723/><c_1724/><c_1725/><c_1726/><c_1727/><c_1728/><c_1729/><c_1730/><c_1731/><c_1732/><c_1733/><c_1734/><c_1735/><c_1736/><c_1737/><c_1738/><c_1739/><c_1740/><c_1741/><c_1742/><c_1743/><c_1744/><c_1745/><c_1746/><c_1747/><c_1748/><c_1749/><c_1750/><c_1751/><c_1752/><c_1753/><c_1754/><c_1755/><c_1756 is_attracting="true"><input_on_off/><input_bool/><input_float/><output_bool/><output_bool2/><output_float/><input_torque/><input_electric/></c_1756><c_1757 is_attracting="true"><input_on_off/><input_bool/><input_float/><output_bool/><output_bool2/><output_float/><input_torque/><input_electric/></c_1757><c_1758/><c_1759/><c_1760/><c_1761/><c_1762/><c_1763/><c_1764/><c_1765/><c_1766/><c_1767/><c_1768/><c_1769/><c_1770/><c_1771/><c_1772/><c_1773/><c_1774/><c_1775/><c_1776/><c_1777/><c_1778/><c_1779/><c_1780/><c_1781 is_attracting="true"><input_on_off/><input_bool/><input_float/><output_bool/><output_bool2/><output_float/><input_torque/><input_electric/></c_1781><c_1782 is_attracting="true"><input_on_off/><input_bool/><input_float/><output_bool/><output_bool2/><output_float/><input_torque/><input_electric/></c_1782><c_1783/><c_1784/><c_1785/><c_1786/><c_1787/><c_1788/><c_1789/><c_1790/><c_1791/><c_1792/><c_1793/><c_1794/><c_1795/><c_1796/><c_1797/><c_1798/><c_1799/><c_1800/><c_1801/><c_1802/><c_1803/><c_1804/><c_1805/><c_1806/><c_1807/><c_1808/><c_1809/><c_1810/><c_1811/><c_1812/><c_1813/><c_1814/><c_1815/><c_1816/><c_1817/><c_1818/><c_1819/><c_1820/><c_1821/><c_1822/><c_1823/><c_1824/><c_1825/><c_1826/><c_1827/><c_1828/><c_1829/><c_1830/><c_1831/><c_1832/><c_1833/><c_1834/><c_1835/><c_1836/><c_1837/><c_1838/><c_1839/><c_1840/><c_1841/><c_1842/><c_1843/><c_1844/><c_1845/><c_1846/><c_1847/><c_1848/><c_1849/><c_1850/><c_1851/><c_1852/><c_1853/><c_1854/><c_1855/><c_1856/><c_1857/><c_1858/><c_1859/><c_1860/><c_1861/><c_1862/><c_1863/><c_1864/><c_1865/><c_1866/><c_1867/><c_1868/><c_1869/><c_1870/><c_1871/><c_1872/><c_1873/><c_1874/><c_1875/><c_1876/><c_1877/><c_1878/><c_1879/><c_1880/><c_1881/><c_1882/><c_1883/><c_1884/><c_1885/><c_1886/><c_1887/><c_1888/><c_1889/><c_1890/><c_1891/><c_1892/><c_1893/><c_1894/><c_1895/><c_1896/><c_1897/><c_1898/><c_1899/><c_1900/><c_1901/><c_1902/><c_1903/><c_1904/><c_1905/><c_1906/><c_1907/><c_1908/><c_1909/><c_1910/><c_1911/><c_1912/><c_1913/><c_1914/><c_1915/><c_1916/><c_1917/><c_1918/><c_1919/><c_1920/><c_1921/><c_1922/><c_1923/><c_1924/><c_1925/><c_1926/><c_1927/><c_1928/><c_1929/><c_1930/><c_1931/><c_1932/><c_1933/><c_1934/><c_1935/><c_1936/><c_1937/><c_1938/><c_1939/><c_1940/><c_1941/><c_1942/><c_1943/><c_1944/><c_1945/><c_1946/><c_1947/><c_1948/><c_1949/><c_1950/><c_1951/><c_1952/><c_1953/><c_1954/><c_1955/><c_1956/><c_1957/><c_1958/><c_1959/><c_1960/><c_1961/><c_1962/><c_1963/><c_1964/><c_1965/><c_1966/><c_1967/><c_1968/><c_1969/><c_1970/><c_1971/><c_1972/><c_1973/><c_1974/><c_1975/><c_1976/><c_1977/><c_1978/><c_1979/><c_1980/><c_1981/><c_1982/><c_1983/><c_1984/><c_1985/><c_1986/><c_1987/><c_1988/><c_1989/><c_1990/><c_1991/><c_1992/><c_1993/><c_1994/><c_1995/><c_1996/><c_1997/><c_1998/><c_1999/><c_2000/><c_2001/><c_2002/><c_2003/><c_2004/><c_2005/><c_2006/><c_2007/><c_2008/><c_2009/><c_2010/><c_2011/><c_2012/><c_2013/><c_2014/><c_2015/><c_2016/><c_2017/><c_2018/><c_2019/><c_2020/><c_2021/><c_2022/><c_2023/><c_2024/><c_2025/><c_2026/><c_2027/><c_2028/><c_2029/><c_2030/><c_2031/><c_2032/><c_2033/><c_2034/><c_2035/><c_2036/><c_2037/><c_2038/><c_2039/><c_2040/><c_2041/><c_2042/><c_2043/><c_2044/><c_2045/><c_2046/><c_2047/><c_2048/><c_2049/><c_2050/><c_2051/><c_2052/><c_2053/><c_2054/><c_2055/><c_2056/><c_2057/><c_2058/><c_2059/><c_2060/><c_2061/><c_2062/><c_2063/><c_2064/><c_2065/><c_2066/><c_2067/><c_2068/><c_2069/><c_2070/><c_2071/><c_2072/><c_2073/><c_2074/><c_2075/><c_2076/><c_2077/><c_2078/><c_2079/><c_2080/><c_2081/><c_2082/><c_2083/><c_2084/><c_2085/><c_2086/><c_2087/><c_2088/><c_2089/><c_2090/><c_2091/><c_2092/><c_2093/><c_2094/><c_2095/><c_2096/><c_2097/><c_2098/><c_2099/><c_2100/><c_2101/><c_2102/><c_2103/><c_2104/><c_2105/><c_2106/><c_2107/><c_2108/><c_2109/><c_2110/><c_2111/><c_2112/><c_2113/><c_2114/><c_2115/><c_2116/><c_2117/><c_2118/><c_2119/><c_2120/><c_2121/><c_2122/><c_2123/><c_2124/><c_2125/><c_2126/><c_2127/><c_2128/><c_2129/><c_2130/><c_2131/><c_2132/><c_2133/><c_2134/><c_2135/><c_2136/><c_2137/><c_2138/><c_2139/><c_2140/><c_2141/><c_2142/><c_2143/><c_2144/><c_2145/><c_2146/><c_2147/><c_2148/><c_2149/><c_2150/><c_2151/><c_2152/><c_2153/><c_2154/><c_2155/><c_2156/><c_2157/><c_2158/><c_2159/><c_2160/><c_2161/><c_2162/><c_2163/><c_2164/><c_2165/><c_2166/><c_2167/><c_2168/><c_2169/><c_2170/><c_2171/><c_2172/><c_2173/><c_2174/><c_2175/><c_2176/><c_2177/><c_2178/><c_2179/><c_2180/><c_2181/><c_2182/><c_2183/><c_2184/><c_2185/><c_2186/><c_2187/><c_2188/><c_2189/><c_2190/><c_2191/><c_2192/><c_2193/><c_2194/><c_2195/><c_2196/><c_2197/><c_2198/><c_2199/><c_2200/><c_2201/><c_2202/><c_2203/><c_2204/><c_2205/><c_2206/><c_2207/><c_2208/><c_2209/><c_2210/><c_2211/><c_2212/><c_2213/><c_2214/><c_2215/><c_2216/><c_2217/><c_2218/><c_2219/><c_2220/><c_2221/><c_2222/><c_2223/><c_2224/><c_2225/><c_2226/><c_2227/><c_2228/><c_2229/><c_2230/><c_2231/><c_2232/><c_2233/><c_2234/><c_2235/><c_2236/><c_2237/><c_2238/><c_2239/><c_2240/><c_2241/><c_2242/><c_2243/><c_2244/><c_2245/><c_2246/><c_2247/><c_2248/><c_2249/><c_2250/><c_2251/><c_2252/><c_2253/><c_2254/><c_2255/><c_2256/><c_2257/><c_2258/><c_2259/><c_2260/><c_2261/><c_2262/><c_2263/><c_2264/><c_2265/><c_2266/><c_2267/><c_2268/><c_2269/><c_2270/><c_2271/><c_2272/><c_2273/><c_2274/><c_2275/><c_2276/><c_2277/><c_2278/><c_2279/><c_2280/><c_2281/><c_2282/><c_2283/><c_2284/><c_2285/><c_2286/><c_2287/><c_2288/><c_2289/><c_2290/><c_2291/><c_2292/><c_2293/><c_2294/><c_2295/><c_2296/><c_2297/><c_2298/><c_2299/><c_2300/><c_2301/><c_2302/><c_2303/><c_2304/><c_2305/><c_2306/><c_2307/><c_2308/><c_2309/><c_2310/><c_2311/><c_2312/><c_2313/><c_2314/><c_2315/><c_2316/><c_2317/><c_2318/><c_2319/><c_2320/><c_2321/><c_2322/><c_2323/><c_2324/><c_2325/><c_2326/><c_2327/><c_2328/><c_2329/><c_2330/><c_2331/><c_2332/><c_2333/><c_2334/><c_2335/><c_2336/><c_2337/><c_2338/><c_2339/><c_2340/><c_2341/><c_2342/><c_2343/><c_2344/><c_2345/><c_2346/><c_2347/><c_2348/><c_2349/><c_2350/><c_2351/><c_2352/><c_2353/><c_2354/><c_2355/><c_2356/><c_2357/><c_2358/><c_2359/><c_2360/><c_2361/><c_2362/><c_2363/><c_2364/><c_2365/><c_2366/><c_2367/><c_2368/><c_2369/><c_2370/><c_2371/><c_2372/><c_2373/><c_2374/><c_2375/><c_2376/><c_2377/><c_2378/><c_2379/><c_2380/><c_2381/><c_2382/><c_2383/><c_2384/><c_2385/><c_2386/><c_2387/><c_2388/><c_2389/><c_2390/><c_2391/><c_2392/><c_2393/><c_2394/><c_2395/><c_2396/><c_2397/><c_2398/><c_2399/><c_2400/><c_2401/><c_2402/><c_2403/><c_2404/><c_2405/><c_2406/><c_2407/><c_2408/><c_2409/><c_2410/><c_2411/><c_2412/><c_2413/><c_2414/><c_2415/><c_2416/><c_2417/><c_2418/><c_2419/><c_2420/><c_2421/><c_2422/><c_2423/><c_2424/><c_2425/><c_2426/><c_2427/><c_2428/><c_2429/><c_2430/><c_2431/><c_2432/><c_2433/><c_2434/><c_2435/><c_2436/><c_2437/><c_2438/><c_2439/><c_2440/><c_2441/><c_2442/><c_2443/><c_2444/><c_2445/><c_2446/><c_2447/><c_2448/><c_2449/><c_2450/><c_2451/><c_2452/><c_2453/><c_2454/><c_2455/><c_2456/><c_2457/><c_2458/><c_2459/><c_2460/><c_2461/><c_2462/><c_2463/><c_2464/><c_2465/><c_2466/><c_2467/><c_2468/><c_2469/><c_2470/><c_2471/><c_2472/><c_2473/><c_2474/><c_2475/><c_2476/><c_2477/><c_2478/><c_2479/><c_2480/><c_2481/><c_2482/><c_2483/><c_2484/><c_2485/><c_2486/><c_2487/><c_2488/><c_2489/><c_2490/><c_2491/><c_2492/><c_2493/><c_2494/><c_2495/><c_2496/><c_2497/><c_2498/><c_2499/><c_2500/><c_2501/><c_2502/><c_2503/><c_2504/><c_2505/><c_2506/><c_2507/><c_2508/><c_2509/><c_2510/><c_2511/><c_2512/><c_2513/><c_2514/><c_2515/><c_2516/><c_2517/><c_2518/><c_2519/><c_2520/><c_2521/><c_2522/><c_2523/><c_2524/><c_2525/><c_2526/><c_2527/><c_2528/><c_2529/><c_2530/><c_2531/><c_2532/><c_2533/><c_2534/><c_2535/><c_2536/><c_2537/><c_2538/><c_2539/><c_2540/><c_2541/><c_2542/><c_2543/><c_2544/><c_2545/><c_2546/><c_2547/><c_2548/><c_2549/><c_2550/><c_2551/><c_2552/><c_2553/><c_2554/><c_2555/><c_2556/><c_2557/><c_2558/><c_2559/><c_2560/><c_2561/><c_2562/><c_2563/><c_2564/><c_2565/><c_2566/><c_2567/><c_2568/><c_2569/><c_2570/><c_2571/><c_2572/><c_2573/><c_2574/><c_2575/><c_2576/><c_2577/><c_2578/><c_2579/><c_2580/><c_2581/><c_2582/><c_2583/><c_2584/><c_2585/><c_2586/><c_2587/><c_2588/><c_2589/><c_2590/><c_2591><rope_slot/><output_composite><value/></output_composite><input_composite><value/></input_composite><output_bool/><input_bool/><input_electric/><input_fluid/><input_video><value/></input_video><output_video><value/></output_video><input_audio><value/></input_audio><output_audio><value/></output_audio><winch_down/><winch_up/><output_float/></c_2591><c_2592><rope_slot/><output_composite><value/></output_composite><input_composite><value/></input_composite><output_bool/><input_bool/><input_electric/><input_fluid/><input_video><value/></input_video><output_video><value/></output_video><input_audio><value/></input_audio><output_audio><value/></output_audio><winch_down/><winch_up/><output_float/></c_2592><c_2593><rope_slot/><output_composite><value/></output_composite><input_composite><value/></input_composite><output_bool/><input_bool/><input_electric/><input_fluid/><input_video><value/></input_video><output_video><value/></output_video><input_audio><value/></input_audio><output_audio><value/></output_audio><winch_down/><winch_up/><output_float/></c_2593><c_2594><rope_slot/><output_composite><value/></output_composite><input_composite><value/></input_composite><output_bool/><input_bool/><input_electric/><input_fluid/><input_video><value/></input_video><output_video><value/></output_video><input_audio><value/></input_audio><output_audio><value/></output_audio><winch_down/><winch_up/><output_float/></c_2594><c_2595/><c_2596/><c_2597/><c_2598/><c_2599/><c_2600/><c_2601/><c_2602/><c_2603/><c_2604/><c_2605/><c_2606/><c_2607/><c_2608/><c_2609/><c_2610/><c_2611/><c_2612/><c_2613/><c_2614/><c_2615/><c_2616/><c_2617/><c_2618/><c_2619/><c_2620/><c_2621/><c_2622/><c_2623/><c_2624/><c_2625/><c_2626/><c_2627/><c_2628/><c_2629/><c_2630/><c_2631/><c_2632/><c_2633/><c_2634/><c_2635/><c_2636/><c_2637/><c_2638/><c_2639/><c_2640/><c_2641/><c_2642/><c_2643/><c_2644/><c_2645/><c_2646/><c_2647/><c_2648/><c_2649/><c_2650/><c_2651/><c_2652/><c_2653/><c_2654/><c_2655/><c_2656/><c_2657/><c_2658/><c_2659/><c_2660/><c_2661/><c_2662/><c_2663/><c_2664/><c_2665/><c_2666/><c_2667/><c_2668/><c_2669/><c_2670/><c_2671/><c_2672/><c_2673/><c_2674/><c_2675/><c_2676/><c_2677/><c_2678/><c_2679/><c_2680/><c_2681/><c_2682/><c_2683/><c_2684/><c_2685/><c_2686/><c_2687/><c_2688/><c_2689/><c_2690/><c_2691/><c_2692/><c_2693/><c_2694/><c_2695/><c_2696/><c_2697/><c_2698/><c_2699/><c_2700/><c_2701/><c_2702/><c_2703/><c_2704/><c_2705/><c_2706/><c_2707/><c_2708/><c_2709/><c_2710/><c_2711/><c_2712/><c_2713/><c_2714/><c_2715/><c_2716/><c_2717/><c_2718/><c_2719/><c_2720/><c_2721/><c_2722/><c_2723/><c_2724/><c_2725/><c_2726/><c_2727/><c_2728/><c_2729/><c_2730/><c_2731/><c_2732/><c_2733/><c_2734/><c_2735/><c_2736/><c_2737/><c_2738/><c_2739/><c_2740/><c_2741/><c_2742/><c_2743/><c_2744/><c_2745/><c_2746/><c_2747/><c_2748/><c_2749/><c_2750/><c_2751/><c_2752/><c_2753/><c_2754/><c_2755/><c_2756/><c_2757/><c_2758/><c_2759/><c_2760 is_attracting="true"><input_on_off/><input_bool/><input_float/><output_bool/><output_bool2/><output_float/><input_torque/><input_electric/></c_2760><c_2761 is_attracting="true"><input_on_off/><input_bool/><input_float/><output_bool/><output_bool2/><output_float/><input_torque/><input_electric/></c_2761><c_2762 is_attracting="true"><input_on_off/><input_bool/><input_float/><output_bool/><output_bool2/><output_float/><input_torque/><input_electric/></c_2762><c_2763 is_attracting="true"><input_on_off/><input_bool/><input_float/><output_bool/><output_bool2/><output_float/><input_torque/><input_electric/></c_2763><c_2764 is_attracting="true"><input_on_off/><input_bool/><input_float/><output_bool/><output_bool2/><output_float/><input_torque/><input_electric/></c_2764><c_2765 is_attracting="true"><input_on_off/><input_bool/><input_float/><output_bool/><output_bool2/><output_float/><input_torque/><input_electric/></c_2765><c_2766 is_attracting="true"><input_on_off/><input_bool/><input_float/><output_bool/><output_bool2/><output_float/><input_torque/><input_electric/></c_2766><c_2767 is_attracting="true"><input_on_off/><input_bool/><input_float/><output_bool/><output_bool2/><output_float/><input_torque/><input_electric/></c_2767><c_2768 is_attracting="true"><input_on_off/><input_bool/><input_float/><output_bool/><output_bool2/><output_float/><input_torque/><input_electric/></c_2768><c_2769 is_attracting="true"><input_on_off/><input_bool/><input_float/><output_bool/><output_bool2/><output_float/><input_torque/><input_electric/></c_2769><c_2770 is_attracting="true"><input_on_off/><input_bool/><input_float/><output_bool/><output_bool2/><output_float/><input_torque/><input_electric/></c_2770><c_2771 is_attracting="true"><input_on_off/><input_bool/><input_float/><output_bool/><output_bool2/><output_float/><input_torque/><input_electric/></c_2771><c_2772 is_attracting="true"><input_on_off/><input_bool/><input_float/><output_bool/><output_bool2/><output_float/><input_torque/><input_electric/></c_2772><c_2773 is_attracting="true"><input_on_off/><input_bool/><input_float/><output_bool/><output_bool2/><output_float/><input_torque/><input_electric/></c_2773><c_2774 is_attracting="true"><input_on_off/><input_bool/><input_float/><output_bool/><output_bool2/><output_float/><input_torque/><input_electric/></c_2774><c_2775 is_attracting="true"><input_on_off/><input_bool/><input_float/><output_bool/><output_bool2/><output_float/><input_torque/><input_electric/></c_2775><c_2776 is_attracting="true"><input_on_off/><input_bool/><input_float/><output_bool/><output_bool2/><output_float/><input_torque/><input_electric/></c_2776><c_2777 is_attracting="true"><input_on_off/><input_bool/><input_float/><output_bool/><output_bool2/><output_float/><input_torque/><input_electric/></c_2777><c_2778 is_attracting="true"><input_on_off/><input_bool/><input_float/><output_bool/><output_bool2/><output_float/><input_torque/><input_electric/></c_2778><c_2779 is_attracting="true"><input_on_off/><input_bool/><input_float/><output_bool/><output_bool2/><output_float/><input_torque/><input_electric/></c_2779><c_2780 is_attracting="true"><input_on_off/><input_bool/><input_float/><output_bool/><output_bool2/><output_float/><input_torque/><input_electric/></c_2780><c_2781 is_attracting="true"><input_on_off/><input_bool/><input_float/><output_bool/><output_bool2/><output_float/><input_torque/><input_electric/></c_2781><c_2782 is_attracting="true"><input_on_off/><input_bool/><input_float/><output_bool/><output_bool2/><output_float/><input_torque/><input_electric/></c_2782><c_2783 is_attracting="true"><input_on_off/><input_bool/><input_float/><output_bool/><output_bool2/><output_float/><input_torque/><input_electric/></c_2783><c_2784 is_attracting="true"><input_on_off/><input_bool/><input_float/><output_bool/><output_bool2/><output_float/><input_torque/><input_electric/></c_2784><c_2785 is_attracting="true"><input_on_off/><input_bool/><input_float/><output_bool/><output_bool2/><output_float/><input_torque/><input_electric/></c_2785><c_2786 is_attracting="true"><input_on_off/><input_bool/><input_float/><output_bool/><output_bool2/><output_float/><input_torque/><input_electric/></c_2786><c_2787 is_attracting="true"><input_on_off/><input_bool/><input_float/><output_bool/><output_bool2/><output_float/><input_torque/><input_electric/></c_2787><c_2788 is_attracting="true"><input_on_off/><input_bool/><input_float/><output_bool/><output_bool2/><output_float/><input_torque/><input_electric/></c_2788><c_2789 is_attracting="true"><input_on_off/><input_bool/><input_float/><output_bool/><output_bool2/><output_float/><input_torque/><input_electric/></c_2789><c_2790 is_attracting="true"><input_on_off/><input_bool/><input_float/><output_bool/><output_bool2/><output_float/><input_torque/><input_electric/></c_2790><c_2791 is_attracting="true"><input_on_off/><input_bool/><input_float/><output_bool/><output_bool2/><output_float/><input_torque/><input_electric/></c_2791><c_2792 is_attracting="true"><input_on_off/><input_bool/><input_float/><output_bool/><output_bool2/><output_float/><input_torque/><input_electric/></c_2792><c_2793 is_attracting="true"><input_on_off/><input_bool/><input_float/><output_bool/><output_bool2/><output_float/><input_torque/><input_electric/></c_2793><c_2794 is_attracting="true"><input_on_off/><input_bool/><input_float/><output_bool/><output_bool2/><output_float/><input_torque/><input_electric/></c_2794><c_2795 is_attracting="true"><input_on_off/><input_bool/><input_float/><output_bool/><output_bool2/><output_float/><input_torque/><input_electric/></c_2795><c_2796 is_attracting="true"><input_on_off/><input_bool/><input_float/><output_bool/><output_bool2/><output_float/><input_torque/><input_electric/></c_2796><c_2797 is_attracting="true"><input_on_off/><input_bool/><input_float/><output_bool/><output_bool2/><output_float/><input_torque/><input_electric/></c_2797><c_2798 is_attracting="true"><input_on_off/><input_bool/><input_float/><output_bool/><output_bool2/><output_float/><input_torque/><input_electric/></c_2798><c_2799 is_attracting="true"><input_on_off/><input_bool/><input_float/><output_bool/><output_bool2/><output_float/><input_torque/><input_electric/></c_2799><c_2800 is_attracting="true"><input_on_off/><input_bool/><input_float/><output_bool/><output_bool2/><output_float/><input_torque/><input_electric/></c_2800><c_2801 is_attracting="true"><input_on_off/><input_bool/><input_float/><output_bool/><output_bool2/><output_float/><input_torque/><input_electric/></c_2801><c_2802 is_attracting="true"><input_on_off/><input_bool/><input_float/><output_bool/><output_bool2/><output_float/><input_torque/><input_electric/></c_2802><c_2803 is_attracting="true"><input_on_off/><input_bool/><input_float/><output_bool/><output_bool2/><output_float/><input_torque/><input_electric/></c_2803><c_2804 is_attracting="true"><input_on_off/><input_bool/><input_float/><output_bool/><output_bool2/><output_float/><input_torque/><input_electric/></c_2804><c_2805 is_attracting="true"><input_on_off/><input_bool/><input_float/><output_bool/><output_bool2/><output_float/><input_torque/><input_electric/></c_2805><c_2806 is_attracting="true"><input_on_off/><input_bool/><input_float/><output_bool/><output_bool2/><output_float/><input_torque/><input_electric/></c_2806><c_2807 is_attracting="true"><input_on_off/><input_bool/><input_float/><output_bool/><output_bool2/><output_float/><input_torque/><input_electric/></c_2807><c_2808 is_attracting="true"><input_on_off/><input_bool/><input_float/><output_bool/><output_bool2/><output_float/><input_torque/><input_electric/></c_2808><c_2809 is_attracting="true"><input_on_off/><input_bool/><input_float/><output_bool/><output_bool2/><output_float/><input_torque/><input_electric/></c_2809><c_2810/><c_2811/><c_2812/><c_2813/><c_2814/><c_2815/><c_2816/><c_2817/><c_2818/><c_2819/><c_2820/><c_2821/><c_2822/><c_2823/><c_2824/><c_2825/><c_2826><input_value/><input_value_2/><output_press/><output_float/><output_float_2/><electric/></c_2826><c_2827><input_value/><input_value_2/><output_press/><output_float/><output_float_2/><electric/></c_2827><c_2828><input_value/><input_value_2/><output_press/><output_float/><output_float_2/><electric/></c_2828><c_2829><input_value/><input_value_2/><output_press/><output_float/><output_float_2/><electric/></c_2829><c_2830/><c_2831><display_1/><display_2/><display_3/><display_4/><input_value><value/></input_value><output_value><value/></output_value><input_bool/><input_electric/></c_2831><c_2832><display_1/><display_2/><display_3/><display_4/><input_value><value/></input_value><output_value><value/></output_value><input_bool/><input_electric/></c_2832><c_2833><display_1/><display_2/><display_3/><display_4/><input_value><value/></input_value><output_value><value/></output_value><input_bool/><input_electric/></c_2833><c_2834><display_1/><display_2/><display_3/><display_4/><input_value><value/></input_value><output_value><value/></output_value><input_bool/><input_electric/></c_2834><c_2835/><c_2836/><c_2837/><c_2838/><c_2839/><c_2840/><c_2841/><c_2842/><c_2843/><c_2844/><c_2845/><c_2846/><c_2847/><c_2848/><c_2849/><c_2850/><c_2851/><c_2852/><c_2853/><c_2854/><c_2855/><c_2856/><c_2857/><c_2858/><c_2859/><c_2860/><c_2861/><c_2862/><c_2863/><c_2864/><c_2865/><c_2866/><c_2867/><c_2868/><c_2869/><c_2870/><c_2871/><c_2872/><c_2873/><c_2874/><c_2875/><c_2876/><c_2877/><c_2878/><c_2879/><c_2880/><c_2881/><c_2882/><c_2883/><c_2884/><c_2885/><c_2886/><c_2887/><c_2888/><c_2889/><c_2890/><c_2891/><c_2892/><c_2893/><c_2894/><c_2895/><c_2896/><c_2897/><c_2898/><c_2899/><c_2900/><c_2901/><c_2902/><c_2903/><c_2904/><c_2905/><c_2906/><c_2907/><c_2908/><c_2909/><c_2910/><c_2911/><c_2912/><c_2913/><c_2914/><c_2915/><c_2916/><c_2917/><c_2918/><c_2919/><c_2920/><c_2921/><c_2922/><c_2923/><c_2924/><c_2925/><c_2926/><c_2927/><c_2928 is_attracting="true"><input_on_off/><input_bool/><input_float/><output_bool/><output_bool2/><output_float/><input_torque/><input_electric/></c_2928><c_2929 is_attracting="true"><input_on_off/><input_bool/><input_float/><output_bool/><output_bool2/><output_float/><input_torque/><input_electric/></c_2929><c_2930 is_attracting="true"><input_on_off/><input_bool/><input_float/><output_bool/><output_bool2/><output_float/><input_torque/><input_electric/></c_2930><c_2931 is_attracting="true"><input_on_off/><input_bool/><input_float/><output_bool/><output_bool2/><output_float/><input_torque/><input_electric/></c_2931><c_2932 is_attracting="true"><input_on_off/><input_bool/><input_float/><output_bool/><output_bool2/><output_float/><input_torque/><input_electric/></c_2932><c_2933 is_attracting="true"><input_on_off/><input_bool/><input_float/><output_bool/><output_bool2/><output_float/><input_torque/><input_electric/></c_2933><c_2934 is_attracting="true"><input_on_off/><input_bool/><input_float/><output_bool/><output_bool2/><output_float/><input_torque/><input_electric/></c_2934><c_2935 is_attracting="true"><input_on_off/><input_bool/><input_float/><output_bool/><output_bool2/><output_float/><input_torque/><input_electric/></c_2935><c_2936/><c_2937/><c_2938/><c_2939/><c_2940/><c_2941/><c_2942/><c_2943/><c_2944/><c_2945/><c_2946/><c_2947/><c_2948/><c_2949/><c_2950/><c_2951/><c_2952/><c_2953/><c_2954><input_bool_1/><input_bool_2/><input_float_1/><input_float_2/><input_float_3/><output_float_1 value="1"/><output_float_2/><output_float_3/><output_float_4/><output_bool/><output_bool_2/><output_torque/><input_electric/><input_audio><value/></input_audio><output_audio><value/></output_audio></c_2954><c_2955/><c_2956/><c_2957 input_float_1_val="328.015228"><input_bool_1/><input_bool_2/><input_float_1/><input_float_2/><input_float_3/><output_float_1 value="328.015228"/><output_float_2/><output_float_3/><output_float_4/><output_bool/><output_bool_2/><output_torque/><input_electric/><input_audio><value/></input_audio><output_audio><value/></output_audio></c_2957><c_2958/><c_2959/><c_2960/><c_2961/><c_2962 rotations_per_second="12.000418"><1_axis editor_connected="1"/><bool_axis/><torque_value mass="60" demand="11.940377" flow="12.000418"/><electric_a/><electric_b/></c_2962><c_2963/><c_2964/><c_2965/><c_2966/><c_2967/><c_2968/><c_2969/><c_2970/><c_2971/><c_2972/><c_2973/><c_2974/><c_2975/><c_2976/><c_2977/><c_2978/><c_2979/><c_2980/><c_2981/><c_2982/><c_2983/><c_2984/><c_2985/><c_2986/><c_2987/><c_2988/><c_2989/><c_2990/><c_2991/><c_2992/><c_2993/><c_2994/><c_2995/><c_2996/><c_2997/><c_2998/><c_2999/><c_3000/><c_3001/><c_3002/><c_3003/><c_3004/><c_3005/><c_3006/><c_3007/><c_3008/><c_3009/><c_3010/><c_3011/><c_3012/><c_3013/><c_3014/><c_3015/><c_3016/><c_3017/><c_3018/><c_3019/><c_3020/><c_3021/><c_3022/><c_3023/><c_3024/><c_3025/><c_3026/><c_3027/><c_3028/><c_3029/><c_3030/><c_3031/><c_3032/><c_3033/><c_3034/><c_3035><output_measure/><output_measure_2/><fluid_1/><fluid_2/><input_pivot/><input_pitch/><input_pitch_2/><input_electric/><torque_value/><contained_volume temp="15.240908"/><contained_volume_secondary temp="15.240908"/></c_3035><c_3036/><c_3037/><c_3038/><c_3039/><c_3040/><c_3041/><c_3042/><c_3043/><c_3044/><c_3045/><c_3046/><c_3047/><c_3048/><c_3049/><c_3050/><c_3051/><c_3052/><c_3053><rope_slot/><output_composite><value/></output_composite><input_composite><value/></input_composite><output_bool/><input_bool/><input_electric/><input_fluid/><input_video><value/></input_video><output_video><value/></output_video><input_audio><value/></input_audio><output_audio><value/></output_audio><winch_down/><winch_up/><output_float/></c_3053><c_3054><rope_slot/><output_composite><value/></output_composite><input_composite><value/></input_composite><output_bool/><input_bool/><input_electric/><input_fluid/><input_video><value/></input_video><output_video><value/></output_video><input_audio><value/></input_audio><output_audio><value/></output_audio><winch_down/><winch_up/><output_float/></c_3054><c_3055><output_measure/><output_measure_2/><fluid_1/><fluid_2/><input_pivot/><input_pitch/><input_pitch_2/><input_electric/><torque_value/><contained_volume temp="15.240908"/><contained_volume_secondary temp="15.240908"/></c_3055><c_3056/><c_3057/><c_3058/><c_3059/><c_3060/><c_3061/><c_3062/><c_3063/><c_3064/><c_3065/><c_3066/><c_3067/><c_3068/><c_3069/><c_3070/><c_3071/><c_3072/><c_3073/><c_3074/><c_3075/><c_3076/><c_3077/><c_3078/><c_3079/><c_3080/><c_3081/><c_3082/><c_3083/><c_3084/><c_3085/><c_3086/><c_3087/><c_3088/><c_3089/><c_3090/><c_3091/><c_3092/><c_3093/><c_3094/><c_3095/><c_3096/><c_3097/><c_3098/><c_3099/><c_3100/><c_3101/><c_3102/><c_3103/><c_3104/><c_3105/><c_3106/><c_3107/><c_3108/><c_3109/><c_3110/><c_3111/><c_3112/><c_3113/><c_3114/><c_3115/><c_3116/><c_3117/><c_3118/><c_3119/><c_3120/><c_3121/><c_3122/><c_3123/><c_3124/><c_3125/><c_3126/><c_3127/><c_3128/><c_3129/><c_3130/><c_3131/><c_3132/><c_3133/><c_3134/><c_3135/><c_3136/><c_3137/><c_3138/><c_3139/><c_3140/><c_3141/><c_3142/><c_3143><output_measure/><output_measure_2/><fluid_1/><fluid_2/><input_pivot/><input_pitch/><input_pitch_2/><input_electric/><torque_value/><contained_volume temp="15.240908"/><contained_volume_secondary temp="15.240908"/></c_3143><c_3144 input_bool_1_val="true" output_bool_val="true"><input_bool_1 editor_connected="1" value="true"/><input_bool_2 editor_connected="1"/><input_float_1/><input_float_2/><input_float_3/><output_float_1/><output_float_2/><output_float_3/><output_float_4/><output_bool value="true"/><output_bool_2/><output_torque/><input_electric/><input_audio><value/></input_audio><output_audio><value/></output_audio></c_3144><c_3145/><c_3146/><c_3147><1_axis/><bool_axis/><torque_value/><electric_a p_charge="1" p_capacity="12800"/><electric_b/></c_3147><c_3148><1_axis/><bool_axis/><torque_value/><electric_a p_charge="1" p_capacity="12800"/><electric_b/></c_3148><c_3149><rope_slot/><output_composite><value/></output_composite><input_composite><value/></input_composite><output_bool/><input_bool/><input_electric/><input_fluid/><input_video><value/></input_video><output_video><value/></output_video><input_audio><value/></input_audio><output_audio><value/></output_audio><winch_down/><winch_up/><output_float/></c_3149><c_3150><output_measure/><output_measure_2/><fluid_1/><fluid_2/><input_pivot/><input_pitch/><input_pitch_2/><input_electric/><torque_value/><contained_volume temp="15.240908"/><contained_volume_secondary temp="15.240908"/></c_3150><c_3151><input_x_value/><input_y_value value="0.75"/><input_z_value value="0.065058"/><input_w_value value="0.589061"/><output_x_value value="-0.00397"/><output_y_value value="0.066327"/><output_z_value value="0.026261"/><output_w_value value="0.481942"/><input_bool_value value="true"/><electric/><axis_value y="0.75" z="0.065048" w="0.58906"/><vel_value x="0.087063" y="5.937183" z="22.315907"/></c_3151><c_3152><microprocessor_definition><group><component_states><c0><in1/><in2 v="true"/><out1/></c0><c1><in1 v="11.8318"/><in2 v="6"/><out1/></c1><c2><out1 v="12"/></c2><c3 te="36667.691406" pe="1.3682" pes="true"><in1 v="13.200001"/><in2 v="11.8318"/><in3 v="true"/><out1 v="0.82092"/></c3><c4><in1 v="12"/><out1 v="13.200001"/></c4><c5><in1 v="0.820968"/><in2/><in3 v="true"/><out1 v="0.820968"/></c5><c6><in1 v="0.820945"/><out1 v="0.820945"/></c6><c7><in1 v="12"/><out1 v="6"/></c7><c8><in1 v="1"/><in2/><in3/><out1/></c8><c9><out1 v="1"/></c9><c10><inc><v/></inc><in1 v="1403.313477"/><in2 v="1"/><in3 v="11.8318"/><out1><v 02="1403.313477" 03="1" 04="11.8318"/></out1></c10><c11 c2="61"><in1/><out1/></c11><c12><in1 v="1403.313477"/><in2 v="1"/><out1 v="true"/></c12><c13 c="33"><in1 v="true"/><out1/></c13><c14 is="true"><in1/><in2 v="true"/><in3/><out1 v="0.11"/></c14><c15><in1/><out1 v="true"/></c15><c16><in1 v="true"/><in2 v="true"/><out1 v="true"/></c16><c17><in1 v="1"/><in2/><in3/><out1/></c17><c18><out1 v="1"/></c18><c19><inc><v/></inc><in1 v="0.14"/><out1><v 01="0.14"/></out1></c19><c20><out1 v="1"/></c20><c21><in1 v="701.753784"/><in2 v="701.540222"/><in3/><in4/><in5/><in6/><in7/><in8/><out1 v="1403.293945"/></c21></component_states><component_bridge_states><c0><in1 v="0.820968"/><out1 v="0.820968"/></c0><c1><in1/><out1/></c1><c2><in1 v="11.8318"/><out1 v="11.8318"/></c2><c3><in1/><out1/></c3><c4><in1 v="701.753784"/><out1 v="701.753784"/></c4><c5><in1 v="701.540222"/><out1 v="701.540222"/></c5><c6><in1 v="1"/><out1 v="1"/></c6><c7><in1 v="true"/><out1 v="true"/></c7><c8><in1><v 02="1403.313477" 03="1" 04="11.8318"/></in1><out1><v 02="1403.313477" 03="1" 04="11.8318"/></out1></c8><c9><in1 v="true"/><out1 v="true"/></c9><c10><in1/><out1/></c10><c11><in1/><out1/></c11><c12><in1><v 01="0.14"/></in1><out1><v 01="0.14"/></out1></c12><c13><in1/><out1/></c13><c14><in1/><out1/></c14></component_bridge_states><group_states/></group></microprocessor_definition><ib0 value="true"/><ib1/><ob0/><ob1 value="true"/><if0 value="11.831842"/><if1 value="701.744995"/><if2 value="701.529541"/><if3 value="1"/><if4/><if5/><of0 value="0.820968"/><of1/><of2/><oc0><value 02="1403.313477" 03="1" 04="11.8318"/></oc0><oc1><value 01="0.14"/></oc1></c_3152><c_3153/><c_3154/><c_3155/><c_3156/><c_3157/><c_3158/><c_3159/><c_3160/><c_3161/><c_3162/><c_3163/><c_3164 spawner_pending="false"><output_measure value="701.529541"/><output_measure_2/><fluid_1 demand="-0.001784"/><fluid_2/><input_pivot/><input_pitch/><input_pitch_2/><input_electric/><torque_value/><contained_volume vol_total="70.152954" temp="56.573261" vol_2="70.152954"/><contained_volume_secondary temp="15.240908"/></c_3164><c_3165 spawner_pending="false"><output_measure value="701.744995"/><output_measure_2/><fluid_1 demand="-0.001457"/><fluid_2/><input_pivot/><input_pitch/><input_pitch_2/><input_electric/><torque_value/><contained_volume vol_total="70.1745" temp="56.573246" vol_2="70.1745"/><contained_volume_secondary temp="15.240908"/></c_3165><c_3166/><c_3167/><c_3168/><c_3169/><c_3170/><c_3171/><c_3172/><c_3173/><c_3174/><c_3175/><c_3176/><c_3177/><c_3178/><c_3179/><c_3180/><c_3181/><c_3182/><c_3183/><c_3184/><c_3185/><c_3186/><c_3187/><c_3188/><c_3189/><c_3190/><c_3191/><c_3192 air_in="0.096117" air_out="0.096117" rps="-0.002155" rps_prev="-0.002148"><input_f32/><input_f32_2/><input_bool/><output_f32_1 value="0.096117"/><output_f32_2/><output_f32_3 value="-0.002148"/><input_fluid/><electric p_capacity="0.025"/><torque/></c_3192><c_3193/><c_3194/><c_3195/><c_3196/><c_3197/><c_3198/><c_3199/><c_3200/><c_3201/><c_3202/><c_3203/><c_3204/><c_3205/><c_3206/><c_3207/><c_3208/><c_3209/><c_3210/><c_3211/><c_3212/><c_3213/><c_3214/><c_3215/><c_3216/><c_3217/><c_3218/><c_3219/><c_3220/><c_3221/><c_3222/><c_3223/><c_3224/><c_3225/><c_3226/><c_3227/><c_3228/><c_3229/><c_3230/><c_3231/><c_3232/><c_3233/><c_3234/><c_3235/><c_3236/><c_3237/><c_3238/><c_3239/><c_3240/><c_3241 rotations_per_second="43.862335"><1_axis/><bool_axis/><torque_value mass="1" demand="43.862206" flow="47.971786"/><electric_a p_charge="1" p_capacity="0.1"/><electric_b/></c_3241><c_3242 rotations_per_second="43.862335"><1_axis/><bool_axis/><torque_value mass="1" demand="43.862206" flow="47.971786"/><electric_a p_charge="1" p_capacity="0.1"/><electric_b/></c_3242><c_3243><input_float_1/><input_bool_1/><output_float_1/><output_float_2/><torque_1 flow="47.971786" ratio="0.5"/><torque_2 flow="23.993158" ratio="2"/><input_electric/></c_3243><c_3244><input_float_1/><input_bool_1/><output_float_1/><output_float_2/><torque_1 flow="23.993158" ratio="0.5"/><torque_2 flow="12.000418" ratio="2"/><input_electric/></c_3244><c_3245/><c_3246/><c_3247/><c_3248/><c_3249/><c_3250/><c_3251/><c_3252/><c_3253/><c_3254/><c_3255><output_measure/><output_measure_2/><fluid_1/><fluid_2/><input_pivot/><input_pitch/><input_pitch_2/><input_electric/><torque_value/><contained_volume temp="15.240908"/><contained_volume_secondary temp="15.240908"/></c_3255><c_3256/><c_3257/><c_3258/><c_3259/><c_3260/><c_3261/><c_3262/><c_3263/><c_3264/><c_3265><output_measure/><output_measure_2/><fluid_1/><fluid_2/><input_pivot/><input_pitch/><input_pitch_2/><input_electric/><torque_value/><contained_volume temp="15.240908"/><contained_volume_secondary temp="15.240908"/></c_3265></b_0></vehicle_state>