<?xml version="1.0" encoding="UTF-8"?><vehicle_state><transform 00="0.998611" 01="0.004758" 02="-0.052472" 10="-0.003525" 11="0.999716" 12="0.023555" 20="0.052569" 21="-0.023337" 22="0.998345" 30="-7786.2784" 31="363.194294" 32="-5503.791685"/><f_island_0><volume vol_total="0.332957" temp="72.433243" vol_0="0.332957"/></f_island_0><f_island_1><volume vol_total="0.760377" temp="83.460358" vol_0="0.760377"/></f_island_1><f_island_2><volume vol_total="0.509992" temp="81.033356" vol_3="0" vol_4="0.509992"/></f_island_2><f_island_3><volume vol_total="0.686002" temp="27.586262" vol_1="0.686002"/></f_island_3><f_island_4><volume vol_total="0.495039" temp="17.723711" vol_3="0.495039"/></f_island_4><t_island_0 rps="11.515347"/><t_island_1 rps="34.444469"/><b_0><volume_0 temp="52.785995"/><volume_1 temp="52.801201"/><volume_2 temp="52.807831"/><local_transform 02="0" 12="0" 20="-0" 30="-0.00402" 31="-0.233148" 32="2.49428"/><physics><transform><pos x="-7786.2784" y="363.194294" z="-5503.791685"/><rot x="0.011728" y="0.026271" z="0.002072" w="0.999584"/></transform><lin_vel x="0.128642" y="-0.175415" z="55.829712"/><ang_vel x="-0.000744" y="0.001225" z="-0.000147"/></physics><c_0/><c_1/><c_2/><c_3/><c_4/><c_5/><c_6/><c_7/><c_8/><c_9/><c_10/><c_11/><c_12/><c_13/><c_14/><c_15/><c_16/><c_17/><c_18/><c_19/><c_20/><c_21/><c_22><output_0/><output_1/><output_2/><output_3/><output_4/><output_5/><output_6/><output_7/><hotkey_0/><hotkey_1/><hotkey_2/><hotkey_3/><hotkey_4/><hotkey_5/><hotkey_6/><hotkey_7/><hotkey_8/><hotkey_9/><hotkey_10/><hotkey_11/><hotkey_12/><hotkey_13/><hotkey_14/><hotkey_15/><hotkey_16/><hotkey_17/><hotkey_18/><hotkey_19/><hotkey_20/><hotkey_21/><hotkey_22/><hotkey_23/><hotkey_24/><hotkey_25/><hotkey_26/><hotkey_27/><hotkey_28/><hotkey_29/><hotkey_30/><hotkey_31/><hotkey_32/><hotkey_33/><hotkey_34/><hotkey_35/><hotkey_36/><hotkey_37/><hotkey_38/><hotkey_39/><hotkey_40/><hotkey_41/><hotkey_42/><hotkey_43/><hotkey_44/><hotkey_45/><hotkey_46/><hotkey_47/><look_0/><look_1/><output_trigger/><output_seated/><input_audio><value/></input_audio><output_audio><value/></output_audio></c_22><c_23 value="-0.007853" axis_input="-0.007853" value="0.070167" axis_input="0.070167" value="-0.024793" axis_input="-0.024793" value="0.925185" axis_input="0.925185"><output_0 value="-0.007853"/><output_1 value="0.070167"/><output_2 value="-0.024793"/><output_3 value="0.925185"/><output_4/><output_5/><output_6/><output_7/><hotkey_0 value="true"/><hotkey_1/><hotkey_2/><hotkey_3/><hotkey_4/><hotkey_5/><hotkey_6/><hotkey_7/><hotkey_8/><hotkey_9/><hotkey_10/><hotkey_11/><hotkey_12/><hotkey_13/><hotkey_14/><hotkey_15/><hotkey_16/><hotkey_17/><hotkey_18/><hotkey_19/><hotkey_20/><hotkey_21/><hotkey_22/><hotkey_23/><hotkey_24/><hotkey_25/><hotkey_26/><hotkey_27/><hotkey_28/><hotkey_29/><hotkey_30/><hotkey_31/><hotkey_32/><hotkey_33/><hotkey_34/><hotkey_35/><hotkey_36/><hotkey_37/><hotkey_38/><hotkey_39/><hotkey_40/><hotkey_41/><hotkey_42/><hotkey_43/><hotkey_44/><hotkey_45/><hotkey_46/><hotkey_47/><look_0/><look_1/><output_trigger/><output_seated value="true"/><input_audio><value/></input_audio><output_audio><value/></output_audio></c_23><c_24><electric/><video><value/></video><composite><value/></composite><active/></c_24><c_25/><c_26><display_1/><display_2/><display_3 val_bits="63"/><display_4/><input_value><value/></input_value><output_value><value/></output_value><input_bool/><input_electric/></c_26><c_27/><c_28/><c_29/><c_30/><c_31/><c_32/><c_33/><c_34/><c_35/><c_36/><c_37/><c_38/><c_39/><c_40/><c_41/><c_42/><c_43/><c_44/><c_45/><c_46/><c_47/><c_48/><c_49/><c_50/><c_51/><c_52/><c_53/><c_54/><c_55/><c_56/><c_57/><c_58/><c_59/><c_60/><c_61/><c_62/><c_63/><c_64/><c_65/><c_66/><c_67/><c_68/><c_69/><c_70><input_value editor_connected="1"/><input_electric/></c_70><c_71><input_value editor_connected="1"/><input_electric/></c_71><c_72/><c_73/><c_74/><c_75/><c_76/><c_77/><c_78/><c_79/><c_80/><c_81/><c_82/><c_83/><c_84/><c_85/><c_86/><c_87/><c_88/><c_89/><c_90/><c_91/><c_92/><c_93/><c_94/><c_95/><c_96/><c_97/><c_98/><c_99/><c_100/><c_101/><c_102/><c_103/><c_104/><c_105/><c_106/><c_107/><c_108/><c_109/><c_110/><c_111/><c_112/><c_113/><c_114/><c_115/><c_116/><c_117/><c_118/><c_119/><c_120/><c_121/><c_122/><c_123/><c_124/><c_125/><c_126/><c_127/><c_128/><c_129 spawner_pending="false"><output_measure value="72.414551"/><output_measure_2/><fluid_1 demand="-0.1067"/><fluid_2 demand="0.293406"/><input_pivot/><input_pitch/><input_pitch_2/><input_electric/><torque_value/><contained_volume vol_total="8.93598" temp="72.414551" vol_0="8.93598"/><contained_volume_secondary temp="16.34444"/></c_129><c_130/><c_131><display_1/><display_2/><display_3/><display_4/><input_value><value/></input_value><output_value><value/></output_value><input_bool/><input_electric/></c_131><c_132><display_1/><display_2/><display_3/><display_4/><input_value><value/></input_value><output_value><value/></output_value><input_bool/><input_electric/></c_132><c_133 value_bool="true"><input_1_axis/><input_2_axis/><input_on_off editor_connected="1" value="true"/><electric/></c_133><c_134/><c_135/><c_136><output_measure/><output_measure_2/><fluid_1/><fluid_2/><input_pivot/><input_pitch/><input_pitch_2/><input_electric/><torque_value/><contained_volume temp="16.34444"/><contained_volume_secondary temp="16.34444"/></c_136><c_137><output_measure/><output_measure_2/><fluid_1/><fluid_2/><input_pivot/><input_pitch/><input_pitch_2/><input_electric/><torque_value/><contained_volume temp="16.34444"/><contained_volume_secondary temp="16.34444"/></c_137><c_138><output_measure/><output_measure_2/><fluid_1/><fluid_2/><input_pivot/><input_pitch/><input_pitch_2/><input_electric/><torque_value/><contained_volume temp="16.34444"/><contained_volume_secondary temp="16.34444"/></c_138><c_139><input_value/><input_electric/></c_139><c_140><input_value/><input_electric/></c_140><c_141/><c_142/><c_143/><c_144/><c_145 rotation="-0.004933" input_rotation="-0.00628"><input_value editor_connected="1" value="-0.006281"/><input_electric/></c_145><c_146/><c_147/><c_148 rotation="-0.004933" input_rotation="-0.00628"><input_value editor_connected="1" value="-0.006281"/><input_electric/></c_148><c_149/><c_150/><c_151/><c_152/><c_153/><c_154/><c_155/><c_156/><c_157/><c_158/><c_159/><c_160/><c_161/><c_162/><c_163/><c_164/><c_165/><c_166/><c_167/><c_168/><c_169/><c_170/><c_171/><c_172/><c_173><input_value/><input_electric/></c_173><c_174><input_value/><input_electric/></c_174><c_175/><c_176/><c_177/><c_178/><c_179/><c_180><output_measure/><output_measure_2/><fluid_1 demand="0.004996"/><fluid_2/><input_pivot/><input_pitch/><input_pitch_2/><input_electric/><torque_value/><contained_volume temp="16.34444"/><contained_volume_secondary temp="16.34444"/></c_180><c_181/><c_182/><c_183/><c_184/><c_185/><c_186/><c_187/><c_188/><c_189/><c_190/><c_191 throttle_value="0.650791" throttle="0.650791" rps="11.515347" temp="83.59581"><input_1_axis editor_connected="1" value="0.650791"/><input_on_off editor_connected="1"/><torque mass="10" demand="12.206537" flow="11.515347"/><electric/></c_191><c_192 rotations_per_second="32.325859"><1_axis/><bool_axis/><torque_value mass="1" demand="32.325871" flow="34.444469"/><electric_a p_charge="1" p_capacity="0.1"/><electric_b/></c_192><c_193><1_axis/><bool_axis/><torque_value/><electric_a p_charge="1" p_capacity="1600"/><electric_b/></c_193><c_194><1_axis/><bool_axis/><torque_value/><electric_a p_charge="1" p_capacity="1600"/><electric_b/></c_194><c_195/><c_196/><c_197/><c_198/><c_199/><c_200/><c_201/><c_202/><c_203/><c_204/><c_205/><c_206/><c_207/><c_208/><c_209/><c_210/><c_211/><c_212/><c_213/><c_214/><c_215/><c_216/><c_217/><c_218/><c_219/><c_220/><c_221/><c_222/><c_223/><c_224/><c_225/><c_226/><c_227/><c_228/><c_229/><c_230/><c_231/><c_232/><c_233/><c_234/><c_235/><c_236/><c_237/><c_238/><c_239/><c_240/><c_241/><c_242/><c_243/><c_244/><c_245/><c_246/><c_247/><c_248/><c_249/><c_250><input_bool_1/><input_bool_2/><input_float_1/><input_float_2/><input_float_3/><output_float_1 value="57.657948"/><output_float_2/><output_float_3/><output_float_4/><output_bool/><output_bool_2/><output_torque/><input_electric/><input_audio><value/></input_audio><output_audio><value/></output_audio></c_250><c_251/><c_252/><c_253/><c_254 light_is_on="true"><display_1 val_float="11.515348"/><display_2 val_float="374.646423"/><display_3/><display_4 val_float="1"/><input_value editor_connected="1"><value 02="374.644745" 03="1" 04="11.515348"/></input_value><output_value><value 02="374.646423" 03="1" 04="11.515348"/></output_value><input_bool value="true"/><input_electric/></c_254><c_255 value_f32="363.975647" value_bool="true"><input_1_axis editor_connected="1" value="363.972717"/><input_2_axis/><input_on_off editor_connected="1" value="true"/><electric/></c_255><c_256 value_f32="55.830807" value_bool="true"><input_1_axis editor_connected="1" value="55.830795"/><input_2_axis/><input_on_off editor_connected="1" value="true"/><electric/></c_256><c_257/><c_258/><c_259/><c_260/><c_261/><c_262/><c_263/><c_264/><c_265/><c_266/><c_267/><c_268/><c_269/><c_270/><c_271/><c_272/><c_273/><c_274/><c_275/><c_276/><c_277/><c_278/><c_279/><c_280/><c_281/><c_282/><c_283/><c_284/><c_285/><c_286/><c_287/><c_288/><c_289/><c_290/><c_291/><c_292/><c_293/><c_294/><c_295/><c_296/><c_297/><c_298/><c_299/><c_300/><c_301 rotation="-0.009743" input_rotation="-0.012405"><input_value editor_connected="1" value="-0.012401"/><input_electric/></c_301><c_302/><c_303/><c_304/><c_305/><c_306/><c_307/><c_308/><c_309/><c_310 rotation="-0.033065" input_rotation="-0.0421"><input_value editor_connected="1" value="0.042099"/><input_electric/></c_310><c_311 rotation="0.033065" input_rotation="0.0421"><input_value editor_connected="1" value="0.042099"/><input_electric/></c_311><c_312/><c_313/><c_314/><c_315/><c_316/><c_317/><c_318/><c_319/><c_320/><c_321/><c_322/><c_323/><c_324/><c_325/><c_326/><c_327/><c_328/><c_329/><c_330/><c_331/><c_332/><c_333/><c_334/><c_335/><c_336/><c_337/><c_338/><c_339/><c_340/><c_341/><c_342/><c_343/><c_344/><c_345/><c_346/><c_347/><c_348/><c_349/><c_350/><c_351/><c_352/><c_353/><c_354/><c_355/><c_356/><c_357/><c_358 light_is_on="true"><input_value editor_connected="1" value="true"/><input_electric/></c_358><c_359 light_is_on="true"><input_value editor_connected="1" value="true"/><input_electric/></c_359><c_360/><c_361/><c_362/><c_363/><c_364/><c_365/><c_366/><c_367/><c_368/><c_369/><c_370/><c_371/><c_372/><c_373/><c_374/><c_375/><c_376/><c_377/><c_378/><c_379/><c_380/><c_381/><c_382/><c_383/><c_384/><c_385/><c_386/><c_387/><c_388/><c_389/><c_390/><c_391/><c_392 heat_factor="1" value_bool="true"><input_on_off editor_connected="1" value="true"/><electric/></c_392><c_393/><c_394/><c_395><input_electric/><input_channel/><output_channel/><signal_strength/></c_395><c_396/><c_397/><c_398/><c_399/><c_400/><c_401/><c_402/><c_403/><c_404/><c_405/><c_406/><c_407 spawner_pending="false"><output_measure value="187.5"/><output_measure_2/><fluid_1 demand="0.012488"/><fluid_2/><input_pivot/><input_pitch/><input_pitch_2/><input_electric/><torque_value/><contained_volume vol_total="18.75" temp="52.787827" vol_1="18.75"/><contained_volume_secondary temp="16.34444"/></c_407><c_408/><c_409 input_float_1_val="363.972717"><input_bool_1/><input_bool_2/><input_float_1/><input_float_2/><input_float_3/><output_float_1 value="363.972717"/><output_float_2/><output_float_3/><output_float_4/><output_bool/><output_bool_2/><output_torque/><input_electric/><input_audio><value/></input_audio><output_audio><value/></output_audio></c_409><c_410 output_float_val="1.926767"><input_bool_1/><input_bool_2/><input_float_1/><input_float_2/><input_float_3/><output_float_1 value="54.245396"/><output_float_2 value="0.001407"/><output_float_3/><output_float_4/><output_bool/><output_bool_2/><output_torque/><input_electric/><input_audio><value/></input_audio><output_audio><value/></output_audio></c_410><c_411 light_is_on="true"><input_value editor_connected="1" value="true"/><input_electric/></c_411><c_412 light_is_on="true"><input_value editor_connected="1"><value 01="0.3"/></input_value><output_value><value/></output_value><input_bool/><input_electric/></c_412><c_413><input_value/><input_electric/></c_413><c_414/><c_415/><c_416/><c_417/><c_418/><c_419/><c_420/><c_421/><c_422/><c_423/><c_424/><c_425/><c_426/><c_427/><c_428/><c_429/><c_430/><c_431/><c_432/><c_433/><c_434/><c_435/><c_436/><c_437/><c_438><input_value/><input_electric/></c_438><c_439><input_value/><input_electric/></c_439><c_440><input_value/><input_electric/></c_440><c_441><input_value/><input_electric/></c_441><c_442><input_value/><input_electric/></c_442><c_443/><c_444><rope_slot/><output_composite><value/></output_composite><input_composite><value/></input_composite><output_bool/><input_bool/><input_electric/><input_fluid/><input_video><value/></input_video><output_video><value/></output_video><input_audio><value/></input_audio><output_audio><value/></output_audio><winch_down/><winch_up/><output_float/></c_444><c_445><rope_slot/><output_composite><value/></output_composite><input_composite><value/></input_composite><output_bool/><input_bool/><input_electric/><input_fluid/><input_video><value/></input_video><output_video><value/></output_video><input_audio><value/></input_audio><output_audio><value/></output_audio><winch_down/><winch_up/><output_float/></c_445><c_446><display_1/><display_2/><display_3/><display_4/><input_value><value/></input_value><output_value><value/></output_value><input_bool/><input_electric/></c_446><c_447><display_1/><display_2/><display_3/><display_4/><input_value><value/></input_value><output_value><value/></output_value><input_bool/><input_electric/></c_447><c_448/><c_449/><c_450/><c_451/><c_452/><c_453/><c_454/><c_455/><c_456/><c_457/><c_458/><c_459><input_float/><body><transform><pos x="-7786.557001" y="362.83392" z="-5509.049874"/><rot x="0.025933" y="0.088122" z="0.995761" w="-0.004684"/></transform><lin_vel x="0.122146" y="-0.179286" z="55.830322"/><ang_vel x="-0.000744" y="0.001225" z="-0.000147"/></body></c_459><c_460/><c_461/><c_462><input_float/><body><transform><pos x="-7785.19914" y="361.431504" z="-5502.392965"/><rot x="0.025931" y="0.088122" z="0.995761" w="-0.004685"/></transform><lin_vel x="0.130097" y="-0.174533" z="55.8297"/><ang_vel x="-0.000744" y="0.001225" z="-0.000147"/></body></c_462><c_463/><c_464/><c_465/><c_466/><c_467/><c_468/><c_469/><c_470/><c_471/><c_472/><c_473><input_bool_1/><input_bool_2/><input_float_1/><input_float_2/><input_float_3/><output_float_1/><output_float_2/><output_float_3/><output_float_4/><output_bool/><output_bool_2/><output_torque/><input_electric/><input_audio><value/></input_audio><output_audio><value/></output_audio></c_473><c_474 collective="0.925188" prop_rot="3.775674" prop_vel="31.243469" render_rotation_vel="31.243475"><x_axis_value value="0.925185"/><y_axis_value/><torque_value mass="1.5" demand="31.243475" flow="34.444469"/><torque_value_2/></c_474><c_475 input_float_1_val="55.830795"><input_bool_1/><input_bool_2/><input_float_1/><input_float_2/><input_float_3/><output_float_1 value="55.830795"/><output_float_2/><output_float_3/><output_float_4/><output_bool/><output_bool_2/><output_torque/><input_electric/><input_audio><value/></input_audio><output_audio><value/></output_audio></c_475><c_476><input_float/><body><transform><pos x="-7787.196362" y="361.421989" z="-5502.28802"/><rot x="0.025935" y="0.088122" z="0.995761" w="-0.004683"/></transform><lin_vel x="0.130224" y="-0.174161" z="55.832157"/><ang_vel x="-0.000744" y="0.001225" z="-0.000147"/></body></c_476><c_477/><c_478/><c_479/><c_480><output_measure/><output_measure_2/><fluid_1/><fluid_2/><input_pivot/><input_pitch/><input_pitch_2/><input_electric/><torque_value/><contained_volume temp="16.34444"/><contained_volume_secondary temp="16.34444"/></c_480><c_481/><c_482 input_bool_1_val="true" output_bool_val="true"><input_bool_1 editor_connected="1" value="true"/><input_bool_2 editor_connected="1"/><input_float_1/><input_float_2/><input_float_3/><output_float_1/><output_float_2/><output_float_3/><output_float_4/><output_bool value="true"/><output_bool_2/><output_torque/><input_electric/><input_audio><value/></input_audio><output_audio><value/></output_audio></c_482><c_483 spawner_pending="false"><output_measure value="187.141388"/><output_measure_2/><fluid_1 demand="-0.00028"/><fluid_2/><input_pivot/><input_pitch/><input_pitch_2/><input_electric/><torque_value/><contained_volume vol_total="18.714138" temp="52.786316" vol_1="18.714138"/><contained_volume_secondary temp="16.34444"/></c_483><c_484><microprocessor_definition><group><component_states><c0><in1/><in2 v="true"/><out1/></c0><c1><in1 v="11.515348"/><in2 v="2"/><out1/></c1><c2><out1 v="12"/></c2><c3 te="3130.384277" pe="1.084651" pes="true"><in1 v="12.599999"/><in2 v="11.515348"/><in3 v="true"/><out1 v="0.650791"/></c3><c4><in1 v="12"/><out1 v="12.599999"/></c4><c5><out1 v="1"/></c5><c6><inc><v/></inc><in1 v="374.644745"/><in2 v="1"/><in3 v="11.515348"/><out1><v 02="374.644745" 03="1" 04="11.515348"/></out1></c6><c7 c2="61"><in1/><out1/></c7><c8><in1 v="374.644745"/><in2 v="1"/><out1 v="true"/></c8><c9 c="13"><in1 v="true"/><out1 v="true"/></c9><c10 is="true"><in1 v="true"/><in2/><in3/><out1 v="0.33"/></c10><c11><in1 v="true"/><out1/></c11><c12><in1 v="true"/><in2 v="true"/><out1 v="true"/></c12><c13><inc><v/></inc><in1 v="0.3"/><out1><v 01="0.3"/></out1></c13><c14><out1 v="0.2"/></c14><c15><in1 v="-0.004962"/><out1 v="0.004962"/></c15><c16><in1 v="-0.024802"/><in2 v="0.2"/><out1 v="-0.00496"/></c16><c17><out1 v="2"/></c17><c18><in1><v bools="2147483649" 01="-0.007854" 02="0.070165" 03="-0.0248" 04="0.925185"/></in1><out1 v="-0.007854"/></c18><c19><in1><v bools="2147483649" 01="-0.007854" 02="0.070165" 03="-0.0248" 04="0.925185"/></in1><out1 v="0.070165"/></c19><c20><in1><v bools="2147483649" 01="-0.007854" 02="0.070165" 03="-0.0248" 04="0.925185"/></in1><out1 v="-0.0248"/></c20><c21><in1><v bools="2147483649" 01="-0.007854" 02="0.070165" 03="-0.0248" 04="0.925185"/></in1><out1 v="0.925185"/></c21><c22><in1 v="0.8"/><in2 v="-0.007851"/><out1 v="-0.006281"/></c22><c23><out1 v="0.8"/></c23><c24><out1 v="0.6"/></c24><c25 p2="0.6" p3="0.070165"><in1/><in2 v="0.6"/><in3 v="0.070165"/><out1 v="0.042099"/></c25><c26><out1/></c26><c27><in1 v="0.5"/><in2 v="-0.024802"/><out1 v="-0.012401"/></c27><c28><out1 v="0.5"/></c28><c29 p1="-0.4" p2="0.925185"><in1 v="-0.4"/><in2 v="0.925185"/><in3/><out1 v="0.925185"/></c29><c30><out1 v="-0.4"/></c30><c31><in1 v="187.5"/><in2 v="187.143066"/><in3/><in4/><in5/><in6/><in7/><in8/><out1 v="374.643066"/></c31></component_states><component_bridge_states><c0><in1 v="0.650791"/><out1 v="0.650791"/></c0><c1><in1/><out1/></c1><c2><in1 v="11.515348"/><out1 v="11.515348"/></c2><c3><in1 v="187.5"/><out1 v="187.5"/></c3><c4><in1 v="1"/><out1 v="1"/></c4><c5><in1 v="true"/><out1 v="true"/></c5><c6><in1><v 02="374.644745" 03="1" 04="11.515348"/></in1><out1><v 02="374.644745" 03="1" 04="11.515348"/></out1></c6><c7><in1 v="true"/><out1 v="true"/></c7><c8><in1><v 01="0.3"/></in1><out1><v 01="0.3"/></out1></c8><c9><in1 v="-0.00496"/><out1 v="-0.00496"/></c9><c10><in1 v="0.004962"/><out1 v="0.004962"/></c10><c11><in1><v bools="2147483649" 01="-0.007854" 02="0.070165" 03="-0.0248" 04="0.925185"/></in1><out1><v bools="2147483649" 01="-0.007854" 02="0.070165" 03="-0.0248" 04="0.925185"/></out1></c11><c12><in1 v="0.042099"/><out1 v="0.042099"/></c12><c13><in1 v="-0.006281"/><out1 v="-0.006281"/></c13><c14><in1 v="-0.012401"/><out1 v="-0.012401"/></c14><c15><in1 v="0.925185"/><out1 v="0.925185"/></c15><c16><in1 v="187.143066"/><out1 v="187.143066"/></c16><c17><in1/><out1/></c17><c18><in1/><out1/></c18></component_bridge_states><group_states/></group></microprocessor_definition><ib0 value="true"/><ob0/><ob1 value="true"/><if0 value="11.515348"/><if1 value="187.5"/><if2 value="1"/><if3 value="187.141388"/><if4/><if5/><of0 value="0.650791"/><of1 value="-0.00496"/><of2 value="0.004962"/><of3 value="0.042099"/><of4 value="-0.006281"/><of5 value="-0.012401"/><of6 value="0.925185"/><ic0><value bools="2147483649" 01="-0.007853" 02="0.070167" 03="-0.024793" 04="0.925185"/></ic0><oc0><value 02="374.644745" 03="1" 04="11.515348"/></oc0><oc1><value 01="0.3"/></oc1></c_484><c_485><output_measure/><output_measure_2/><fluid_1/><fluid_2/><input_pivot/><input_pitch/><input_pitch_2/><input_electric/><torque_value/><contained_volume temp="16.34444"/><contained_volume_secondary temp="16.34444"/></c_485><c_486/><c_487/><c_488/><c_489/><c_490/><c_491/><c_492/><c_493/><c_494/><c_495/><c_496/><c_497/><c_498/><c_499/><c_500/><c_501/><c_502/><c_503/><c_504/><c_505/><c_506/><c_507/><c_508/><c_509/><c_510/><c_511/><c_512/><c_513/><c_514/><c_515/><c_516><output_measure/><output_measure_2/><fluid_1 demand="-0.003544"/><fluid_2/><input_pivot/><input_pitch/><input_pitch_2/><input_electric/><torque_value/><contained_volume temp="16.34444"/><contained_volume_secondary temp="16.34444"/></c_516><c_517><output_measure/><output_measure_2/><fluid_1/><fluid_2/><input_pivot/><input_pitch/><input_pitch_2/><input_electric/><torque_value/><contained_volume temp="16.34444"/><contained_volume_secondary temp="16.34444"/></c_517><c_518><input_float_1/><input_bool_1/><output_float_1/><output_float_2/><torque_1 flow="34.444469" ratio="0.333333"/><torque_2 flow="11.515347" ratio="3"/><input_electric/></c_518><c_519/><c_520/></b_0></vehicle_state>