<?xml version="1.0" encoding="UTF-8"?><vehicle_state><transform 00="-0.84227" 01="0.180085" 02="0.508085" 10="0.11565" 11="0.980967" 12="-0.155976" 20="-0.526504" 21="-0.072614" 22="-0.847066" 30="-4839.884306" 31="384.92668" 32="-8106.285449"/><f_island_0><volume vol_total="0.481093" temp="17.296085" vol_3="0.481093"/></f_island_0><f_island_1><volume vol_total="0.682212" temp="50.719784" vol_1="0.682212"/></f_island_1><f_island_2><volume vol_total="0.512804" temp="97.329529" vol_4="0.512804"/></f_island_2><f_island_3><volume vol_total="0.356883" temp="89.731209" vol_0="0.356883"/></f_island_3><f_island_4><volume vol_total="0.604249" temp="98.594719" vol_0="0.604249"/></f_island_4><t_island_0 rps="24.653019"/><t_island_1 rps="13.71823"/><b_0><volume_0 temp="56.293423"/><volume_1 temp="56.302155"/><local_transform 01="0" 30="-0.001044" 31="-0.515546" 32="4.362445"/><physics><transform><pos x="-4839.884306" y="384.92668" z="-8106.285449"/><rot x="0.077183" y="0.957902" z="-0.059659" w="-0.270015"/></transform><lin_vel x="-2.041073" y="-0.132917" z="-52.670597"/><ang_vel x="0.001154" y="0.002125" z="0.000448"/></physics><c_0/><c_1/><c_2/><c_3/><c_4/><c_5/><c_6/><c_7/><c_8/><c_9/><c_10/><c_11/><c_12/><c_13/><c_14/><c_15/><c_16/><c_17/><c_18/><c_19/><c_20/><c_21/><c_22/><c_23/><c_24/><c_25/><c_26/><c_27/><c_28/><c_29/><c_30/><c_31/><c_32/><c_33/><c_34/><c_35/><c_36/><c_37/><c_38/><c_39/><c_40/><c_41/><c_42/><c_43/><c_44/><c_45/><c_46/><c_47/><c_48/><c_49/><c_50/><c_51/><c_52/><c_53/><c_54/><c_55/><c_56/><c_57/><c_58/><c_59/><c_60/><c_61/><c_62/><c_63/><c_64/><c_65/><c_66/><c_67/><c_68/><c_69/><c_70/><c_71/><c_72/><c_73/><c_74/><c_75/><c_76/><c_77/><c_78/><c_79/><c_80/><c_81/><c_82/><c_83/><c_84/><c_85/><c_86/><c_87/><c_88/><c_89/><c_90/><c_91/><c_92/><c_93/><c_94/><c_95/><c_96/><c_97/><c_98/><c_99/><c_100/><c_101/><c_102/><c_103/><c_104/><c_105/><c_106/><c_107/><c_108/><c_109/><c_110/><c_111/><c_112/><c_113/><c_114/><c_115/><c_116/><c_117/><c_118/><c_119/><c_120/><c_121/><c_122/><c_123/><c_124/><c_125/><c_126/><c_127/><c_128/><c_129/><c_130/><c_131/><c_132 value="0.004085" axis_input="0.004085" value="0.02739" axis_input="0.02739" value="-0.351692" axis_input="-0.351692" value="1" axis_input="1"><output_0 value="0.004085"/><output_1 value="0.02739"/><output_2 value="-0.351692"/><output_3 value="1"/><output_4/><output_5/><output_6/><output_7/><hotkey_0 value="true"/><hotkey_1/><hotkey_2/><hotkey_3/><hotkey_4/><hotkey_5/><hotkey_6/><hotkey_7/><hotkey_8/><hotkey_9/><hotkey_10/><hotkey_11/><hotkey_12/><hotkey_13/><hotkey_14/><hotkey_15/><hotkey_16/><hotkey_17/><hotkey_18/><hotkey_19/><hotkey_20/><hotkey_21/><hotkey_22/><hotkey_23/><hotkey_24/><hotkey_25/><hotkey_26/><hotkey_27/><hotkey_28/><hotkey_29/><hotkey_30/><hotkey_31/><hotkey_32/><hotkey_33/><hotkey_34/><hotkey_35/><hotkey_36/><hotkey_37/><hotkey_38/><hotkey_39/><hotkey_40/><hotkey_41/><hotkey_42/><hotkey_43/><hotkey_44/><hotkey_45/><hotkey_46/><hotkey_47/><look_0/><look_1/><output_trigger/><output_seated value="true"/><input_audio><value/></input_audio><output_audio><value/></output_audio></c_132><c_133/><c_134/><c_135/><c_136/><c_137/><c_138/><c_139/><c_140/><c_141/><c_142/><c_143/><c_144/><c_145/><c_146/><c_147/><c_148/><c_149/><c_150/><c_151/><c_152/><c_153/><c_154/><c_155/><c_156/><c_157/><c_158/><c_159/><c_160/><c_161/><c_162/><c_163/><c_164/><c_165/><c_166/><c_167/><c_168/><c_169/><c_170/><c_171/><c_172/><c_173/><c_174/><c_175/><c_176/><c_177/><c_178/><c_179/><c_180/><c_181/><c_182/><c_183/><c_184/><c_185/><c_186/><c_187/><c_188/><c_189/><c_190/><c_191/><c_192/><c_193/><c_194/><c_195/><c_196/><c_197/><c_198/><c_199/><c_200/><c_201/><c_202/><c_203/><c_204/><c_205/><c_206/><c_207/><c_208/><c_209/><c_210/><c_211/><c_212/><c_213/><c_214/><c_215/><c_216/><c_217/><c_218/><c_219/><c_220/><c_221/><c_222/><c_223/><c_224/><c_225/><c_226/><c_227/><c_228/><c_229/><c_230/><c_231/><c_232/><c_233/><c_234/><c_235/><c_236/><c_237/><c_238/><c_239/><c_240/><c_241/><c_242/><c_243/><c_244/><c_245/><c_246/><c_247/><c_248/><c_249/><c_250/><c_251/><c_252/><c_253/><c_254/><c_255/><c_256/><c_257/><c_258/><c_259/><c_260/><c_261/><c_262/><c_263/><c_264/><c_265/><c_266/><c_267/><c_268/><c_269/><c_270/><c_271/><c_272/><c_273/><c_274/><c_275/><c_276/><c_277/><c_278/><c_279/><c_280/><c_281/><c_282/><c_283/><c_284/><c_285/><c_286/><c_287/><c_288/><c_289/><c_290/><c_291/><c_292/><c_293/><c_294/><c_295/><c_296/><c_297/><c_298/><c_299/><c_300/><c_301/><c_302/><c_303/><c_304/><c_305/><c_306/><c_307/><c_308/><c_309/><c_310/><c_311/><c_312/><c_313/><c_314/><c_315/><c_316/><c_317/><c_318/><c_319/><c_320/><c_321/><c_322/><c_323/><c_324/><c_325/><c_326/><c_327/><c_328/><c_329/><c_330/><c_331/><c_332/><c_333/><c_334/><c_335/><c_336/><c_337/><c_338/><c_339/><c_340/><c_341/><c_342/><c_343/><c_344/><c_345/><c_346/><c_347/><c_348/><c_349/><c_350/><c_351/><c_352/><c_353/><c_354/><c_355/><c_356/><c_357/><c_358/><c_359/><c_360/><c_361/><c_362/><c_363/><c_364/><c_365/><c_366/><c_367/><c_368/><c_369/><c_370/><c_371/><c_372/><c_373/><c_374/><c_375/><c_376/><c_377/><c_378/><c_379/><c_380/><c_381/><c_382/><c_383/><c_384/><c_385/><c_386/><c_387/><c_388/><c_389/><c_390/><c_391/><c_392/><c_393/><c_394/><c_395/><c_396/><c_397/><c_398/><c_399/><c_400/><c_401/><c_402/><c_403/><c_404/><c_405/><c_406/><c_407/><c_408/><c_409/><c_410/><c_411/><c_412/><c_413/><c_414/><c_415/><c_416/><c_417/><c_418/><c_419/><c_420/><c_421/><c_422/><c_423/><c_424/><c_425/><c_426/><c_427/><c_428 spawner_pending="false"><output_measure/><output_measure_2/><fluid_1/><fluid_2/><input_pivot/><input_pitch/><input_pitch_2/><input_electric/><torque_value/><contained_volume temp="56.293007"/><contained_volume_secondary temp="-11.417786"/></c_428><c_429><output_0/><output_1/><output_2/><output_3/><output_4/><output_5/><output_6/><output_7/><hotkey_0/><hotkey_1/><hotkey_2/><hotkey_3/><hotkey_4/><hotkey_5/><hotkey_6/><hotkey_7/><hotkey_8/><hotkey_9/><hotkey_10/><hotkey_11/><hotkey_12/><hotkey_13/><hotkey_14/><hotkey_15/><hotkey_16/><hotkey_17/><hotkey_18/><hotkey_19/><hotkey_20/><hotkey_21/><hotkey_22/><hotkey_23/><hotkey_24/><hotkey_25/><hotkey_26/><hotkey_27/><hotkey_28/><hotkey_29/><hotkey_30/><hotkey_31/><hotkey_32/><hotkey_33/><hotkey_34/><hotkey_35/><hotkey_36/><hotkey_37/><hotkey_38/><hotkey_39/><hotkey_40/><hotkey_41/><hotkey_42/><hotkey_43/><hotkey_44/><hotkey_45/><hotkey_46/><hotkey_47/><look_0/><look_1/><output_trigger/><output_seated/><input_audio><value/></input_audio><output_audio><value/></output_audio></c_429><c_430><output_0/><output_1/><output_2/><output_3/><output_4/><output_5/><output_6/><output_7/><hotkey_0/><hotkey_1/><hotkey_2/><hotkey_3/><hotkey_4/><hotkey_5/><hotkey_6/><hotkey_7/><hotkey_8/><hotkey_9/><hotkey_10/><hotkey_11/><hotkey_12/><hotkey_13/><hotkey_14/><hotkey_15/><hotkey_16/><hotkey_17/><hotkey_18/><hotkey_19/><hotkey_20/><hotkey_21/><hotkey_22/><hotkey_23/><hotkey_24/><hotkey_25/><hotkey_26/><hotkey_27/><hotkey_28/><hotkey_29/><hotkey_30/><hotkey_31/><hotkey_32/><hotkey_33/><hotkey_34/><hotkey_35/><hotkey_36/><hotkey_37/><hotkey_38/><hotkey_39/><hotkey_40/><hotkey_41/><hotkey_42/><hotkey_43/><hotkey_44/><hotkey_45/><hotkey_46/><hotkey_47/><look_0/><look_1/><output_trigger/><output_seated/><input_audio><value/></input_audio><output_audio><value/></output_audio></c_430><c_431/><c_432/><c_433/><c_434/><c_435><rope_slot/><output_composite><value/></output_composite><input_composite><value/></input_composite><output_bool/><input_bool/><input_electric/><input_fluid/><input_video><value/></input_video><output_video><value/></output_video><input_audio><value/></input_audio><output_audio><value/></output_audio><winch_down/><winch_up/><output_float/></c_435><c_436><rope_slot/><output_composite><value/></output_composite><input_composite><value/></input_composite><output_bool/><input_bool/><input_electric/><input_fluid/><input_video><value/></input_video><output_video><value/></output_video><input_audio><value/></input_audio><output_audio><value/></output_audio><winch_down/><winch_up/><output_float/></c_436><c_437/><c_438/><c_439/><c_440/><c_441/><c_442/><c_443/><c_444/><c_445/><c_446/><c_447><display_1/><display_2/><display_3/><display_4/><input_value><value/></input_value><output_value><value/></output_value><input_bool/><input_electric/></c_447><c_448><input_value/><input_electric/></c_448><c_449><input_value/><input_electric/></c_449><c_450><input_value/><input_electric/></c_450><c_451/><c_452/><c_453 rotation="0.017206" input_rotation="0.021907"><input_value editor_connected="1" value="0.021909"/><input_electric/></c_453><c_454 rotation="0.017206" input_rotation="0.021907"><input_value editor_connected="1" value="0.021909"/><input_electric/></c_454><c_455 rotation="0.017206" input_rotation="0.021907"><input_value editor_connected="1" value="0.021909"/><input_electric/></c_455><c_456 rotation="0.017206" input_rotation="0.021907"><input_value editor_connected="1" value="0.021909"/><input_electric/></c_456><c_457><item_data item="18" oxygen="100"><color r="194" g="195" b="199"/></item_data><input_electric/></c_457><c_458><input_value/><input_value_2/><output_press/><output_float/><output_float_2/><electric/></c_458><c_459><input_value/><input_value_2/><output_press/><output_float/><output_float_2/><electric/></c_459><c_460><output_measure/><output_measure_2/><fluid_1 demand="-0.009454"/><fluid_2/><input_pivot/><input_pitch/><input_pitch_2/><input_electric/><torque_value/><contained_volume temp="-11.417786"/><contained_volume_secondary temp="-11.417786"/></c_460><c_461/><c_462/><c_463 collective="1" prop_rot="6.258897" prop_vel="24.207914" render_rotation_vel="24.207907"><x_axis_value value="1"/><y_axis_value/><torque_value mass="26.25" demand="24.207907" flow="24.653019"/><torque_value_2/></c_463><c_464/><c_465/><c_466/><c_467/><c_468/><c_469/><c_470/><c_471/><c_472/><c_473/><c_474/><c_475/><c_476/><c_477/><c_478/><c_479/><c_480/><c_481/><c_482/><c_483/><c_484/><c_485/><c_486/><c_487/><c_488/><c_489/><c_490/><c_491/><c_492/><c_493/><c_494/><c_495/><c_496/><c_497/><c_498/><c_499/><c_500/><c_501/><c_502/><c_503/><c_504/><c_505/><c_506/><c_507/><c_508/><c_509/><c_510/><c_511><input_value/><input_value_2/><output_press/><output_float/><output_float_2/><electric/></c_511><c_512><input_bool_1/><input_bool_2/><input_float_1/><input_float_2/><input_float_3/><output_float_1 value="0.218899"/><output_float_2/><output_float_3/><output_float_4/><output_bool/><output_bool_2/><output_torque/><input_electric/><input_audio><value/></input_audio><output_audio><value/></output_audio></c_512><c_513/><c_514><input_bool_1/><input_bool_2/><input_float_1/><input_float_2/><input_float_3/><output_float_1 value="-0.011567"/><output_float_2/><output_float_3/><output_float_4/><output_bool/><output_bool_2/><output_torque/><input_electric/><input_audio><value/></input_audio><output_audio><value/></output_audio></c_514><c_515><display_1/><display_2/><display_3/><display_4/><input_value><value/></input_value><output_value><value/></output_value><input_bool/><input_electric/></c_515><c_516/><c_517/><c_518/><c_519/><c_520/><c_521/><c_522/><c_523/><c_524/><c_525/><c_526/><c_527/><c_528/><c_529/><c_530/><c_531/><c_532/><c_533/><c_534/><c_535/><c_536/><c_537/><c_538/><c_539/><c_540/><c_541/><c_542/><c_543/><c_544/><c_545/><c_546/><c_547/><c_548/><c_549/><c_550/><c_551/><c_552/><c_553/><c_554/><c_555/><c_556/><c_557/><c_558/><c_559/><c_560/><c_561/><c_562/><c_563/><c_564/><c_565/><c_566/><c_567/><c_568/><c_569/><c_570/><c_571/><c_572/><c_573/><c_574/><c_575/><c_576/><c_577/><c_578/><c_579/><c_580/><c_581/><c_582/><c_583/><c_584/><c_585/><c_586/><c_587/><c_588/><c_589/><c_590/><c_591/><c_592/><c_593/><c_594/><c_595/><c_596/><c_597/><c_598/><c_599/><c_600/><c_601/><c_602/><c_603><input_1_axis/><input_2_axis/><input_on_off/><electric/></c_603><c_604/><c_605/><c_606/><c_607/><c_608/><c_609/><c_610/><c_611/><c_612/><c_613/><c_614/><c_615/><c_616/><c_617/><c_618/><c_619/><c_620/><c_621/><c_622/><c_623/><c_624/><c_625/><c_626/><c_627/><c_628/><c_629/><c_630/><c_631/><c_632/><c_633/><c_634/><c_635/><c_636/><c_637/><c_638/><c_639/><c_640/><c_641/><c_642/><c_643/><c_644/><c_645/><c_646/><c_647/><c_648/><c_649/><c_650/><c_651/><c_652/><c_653/><c_654/><c_655/><c_656/><c_657/><c_658/><c_659/><c_660/><c_661/><c_662/><c_663/><c_664/><c_665/><c_666/><c_667/><c_668/><c_669/><c_670/><c_671/><c_672/><c_673/><c_674/><c_675/><c_676/><c_677/><c_678/><c_679/><c_680><input_1_axis/><input_2_axis/><input_on_off/><electric/></c_680><c_681/><c_682/><c_683/><c_684/><c_685/><c_686/><c_687/><c_688/><c_689/><c_690/><c_691><1_axis/><bool_axis/><torque_value/><electric_a/><electric_b/></c_691><c_692><1_axis/><bool_axis/><torque_value/><electric_a/><electric_b/></c_692><c_693 rotation="0.00321" input_rotation="0.004086"><input_value editor_connected="1" value="0.004086"/><input_electric/></c_693><c_694/><c_695/><c_696/><c_697/><c_698/><c_699/><c_700/><c_701/><c_702/><c_703/><c_704/><c_705><display_1/><display_2/><display_3/><display_4/><input_value><value/></input_value><output_value><value/></output_value><input_bool/><input_electric/></c_705><c_706><display_1/><display_2/><display_3/><display_4/><input_value><value/></input_value><output_value><value/></output_value><input_bool/><input_electric/></c_706><c_707><electric/><video><value/></video><composite><value/></composite><active/></c_707><c_708 spawner_pending="false"><output_measure/><output_measure_2/><fluid_1/><fluid_2/><input_pivot/><input_pitch/><input_pitch_2/><input_electric/><torque_value/><contained_volume temp="56.288651"/><contained_volume_secondary temp="-11.417786"/></c_708><c_709><microprocessor_definition><group><component_states/><component_bridge_states/><group_states/></group></microprocessor_definition></c_709><c_710 spawner_pending="false"><output_measure/><output_measure_2/><fluid_1/><fluid_2/><input_pivot/><input_pitch/><input_pitch_2/><input_electric/><torque_value/><contained_volume temp="56.287956"/><contained_volume_secondary temp="-11.417786"/></c_710><c_711><microprocessor_definition><group><component_states/><component_bridge_states/><group_states/></group></microprocessor_definition></c_711><c_712 rotation="-0.138146" input_rotation="-0.175893"><input_value editor_connected="1" value="-0.175877"/><input_electric/></c_712><c_713/><c_714/><c_715 light_is_on="true"><input_value editor_connected="1" value="true"/><input_electric/></c_715><c_716/><c_717/><c_718/><c_719/><c_720/><c_721/><c_722/><c_723/><c_724/><c_725/><c_726/><c_727/><c_728/><c_729/><c_730/><c_731/><c_732/><c_733/><c_734/><c_735/><c_736/><c_737/><c_738/><c_739/><c_740/><c_741/><c_742/><c_743/><c_744/><c_745/><c_746/><c_747/><c_748/><c_749/><c_750/><c_751/><c_752/><c_753/><c_754/><c_755/><c_756/><c_757/><c_758/><c_759/><c_760/><c_761/><c_762/><c_763/><c_764/><c_765/><c_766/><c_767/><c_768/><c_769/><c_770/><c_771/><c_772/><c_773/><c_774/><c_775/><c_776/><c_777/><c_778/><c_779/><c_780/><c_781 light_is_on="true"><input_value editor_connected="1" value="true"/><input_electric/></c_781><c_782 light_is_on="true"><input_value editor_connected="1" value="true"/><input_electric/></c_782><c_783 light_is_on="true"><input_value editor_connected="1"><value 01="0.47"/></input_value><output_value><value/></output_value><input_bool/><input_electric/></c_783><c_784 input_float_1_val="383.604248"><input_bool_1/><input_bool_2/><input_float_1/><input_float_2/><input_float_3/><output_float_1 value="383.604248"/><output_float_2/><output_float_3/><output_float_4/><output_bool/><output_bool_2/><output_torque/><input_electric/><input_audio><value/></input_audio><output_audio><value/></output_audio></c_784><c_785/><c_786/><c_787/><c_788/><c_789/><c_790/><c_791/><c_792/><c_793 value_f32="52.707611" value_bool="true"><input_1_axis editor_connected="1" value="52.70676"/><input_2_axis/><input_on_off editor_connected="1" value="true"/><electric/></c_793><c_794 value_f32="383.606476" value_bool="true"><input_1_axis editor_connected="1" value="383.604248"/><input_2_axis/><input_on_off editor_connected="1" value="true"/><electric/></c_794><c_795 light_is_on="true"><display_1 val_float="13.718207"/><display_2 val_float="374.76767"/><display_3/><display_4 val_float="1"/><input_value editor_connected="1"><value 02="374.763184" 03="1" 04="13.718213"/></input_value><output_value><value 02="374.76767" 03="1" 04="13.718207"/></output_value><input_bool value="true"/><input_electric/></c_795><c_796/><c_797/><c_798/><c_799/><c_800><input_value/><input_electric/></c_800><c_801><output_measure/><output_measure_2/><fluid_1/><fluid_2/><input_pivot/><input_pitch/><input_pitch_2/><input_electric/><torque_value/><contained_volume temp="-11.417786"/><contained_volume_secondary temp="-11.417786"/></c_801><c_802 input_float_1_val="52.70676"><input_bool_1/><input_bool_2/><input_float_1/><input_float_2/><input_float_3/><output_float_1 value="52.70676"/><output_float_2/><output_float_3/><output_float_4/><output_bool/><output_bool_2/><output_torque/><input_electric/><input_audio><value/></input_audio><output_audio><value/></output_audio></c_802><c_803><output_measure/><output_measure_2/><fluid_1/><fluid_2/><input_pivot/><input_pitch/><input_pitch_2/><input_electric/><torque_value/><contained_volume temp="-11.417786"/><contained_volume_secondary temp="-11.417786"/></c_803><c_804/><c_805/><c_806/><c_807/><c_808 heat_factor="1" value_bool="true"><input_on_off editor_connected="1" value="true"/><electric/></c_808><c_809 throttle_value="1" throttle="1" rps="13.71823" temp="98.682854"><input_1_axis editor_connected="1" value="1.219072"/><input_on_off editor_connected="1"/><torque mass="10" demand="15.038146" flow="13.71823"/><electric/></c_809><c_810/><c_811/><c_812 spawner_pending="false"><output_measure value="89.719711"/><output_measure_2/><fluid_1 demand="0.227764"/><fluid_2 demand="-0.130358"/><input_pivot/><input_pitch/><input_pitch_2/><input_electric/><torque_value/><contained_volume vol_total="8.921785" temp="89.719711" vol_0="8.921785"/><contained_volume_secondary temp="-11.417786"/></c_812><c_813/><c_814/><c_815/><c_816/><c_817/><c_818/><c_819/><c_820><output_measure/><output_measure_2/><fluid_1 demand="0.009145"/><fluid_2/><input_pivot/><input_pitch/><input_pitch_2/><input_electric/><torque_value/><contained_volume temp="-11.417786"/><contained_volume_secondary temp="-11.417786"/></c_820><c_821/><c_822/><c_823><1_axis/><bool_axis/><torque_value/><electric_a p_charge="1" p_capacity="12800"/><electric_b/></c_823><c_824 rotations_per_second="23.567713"><1_axis/><bool_axis/><torque_value mass="1" demand="23.567705" flow="24.653019"/><electric_a p_charge="1" p_capacity="0.1"/><electric_b/></c_824><c_825/><c_826/><c_827/><c_828/><c_829/><c_830/><c_831/><c_832/><c_833/><c_834/><c_835/><c_836/><c_837/><c_838/><c_839/><c_840/><c_841/><c_842/><c_843/><c_844/><c_845/><c_846/><c_847/><c_848/><c_849/><c_850/><c_851/><c_852/><c_853/><c_854/><c_855/><c_856/><c_857/><c_858/><c_859/><c_860/><c_861 prev_rotation="-0.21302" rotation_speed="0.000362"><input_bool/><input_torque/><input_float/><input_float_2/><body><transform><pos x="-4837.392861" y="384.57947" z="-8102.034291"/><rot x="0.958816" y="-0.105451" z="-0.260279" w="-0.042512"/></transform><lin_vel x="-2.031882" y="-0.136707" z="-52.676292"/><ang_vel x="0.00085" y="0.00219" z="0.000632"/></body></c_861><c_862><input_bool/><input_torque/><input_float value="-0.070351"/><input_float_2/><body><transform><pos x="-4842.147291" y="383.428919" z="-8106.063761"/><rot x="-0.476208" y="-0.599387" z="0.602718" w="-0.22515"/></transform><lin_vel x="-2.03993" y="-0.134188" z="-52.667515"/><ang_vel x="0.00085" y="0.00219" z="0.000632"/></body></c_862><c_863><input_bool/><input_torque/><input_float value="0.070357"/><input_float_2/><body><transform><pos x="-4839.199347" y="382.79862" z="-8107.84206"/><rot x="-0.423249" y="-0.578078" z="0.641017" w="-0.275287"/></transform><lin_vel x="-2.043427" y="-0.130813" z="-52.674507"/><ang_vel x="0.00085" y="0.00219" z="0.000632"/></body></c_863><c_864/><c_865/><c_866/><c_867/><c_868/><c_869/><c_870/><c_871/><c_872/><c_873/><c_874/><c_875/><c_876/><c_877/><c_878/><c_879/><c_880/><c_881/><c_882/><c_883/><c_884/><c_885/><c_886/><c_887/><c_888/><c_889/><c_890/><c_891/><c_892/><c_893/><c_894/><c_895/><c_896/><c_897/><c_898><input_value/><input_electric/></c_898><c_899><input_value/><input_electric/></c_899><c_900><input_value/><input_electric/></c_900><c_901><input_value/><input_electric/></c_901><c_902/><c_903/><c_904/><c_905/><c_906/><c_907/><c_908/><c_909/><c_910/><c_911/><c_912/><c_913/><c_914/><c_915/><c_916/><c_917/><c_918/><c_919/><c_920><input_value editor_connected="1"/><input_electric/></c_920><c_921><input_value editor_connected="1"/><input_electric/></c_921><c_922/><c_923/><c_924/><c_925/><c_926/><c_927/><c_928/><c_929/><c_930/><c_931/><c_932/><c_933><input_value/><input_electric/></c_933><c_934><input_value/><input_electric/></c_934><c_935/><c_936/><c_937/><c_938/><c_939 rotation="0.00321" input_rotation="0.004086"><input_value editor_connected="1" value="0.004086"/><input_electric/></c_939><c_940/><c_941/><c_942/><c_943/><c_944/><c_945/><c_946/><c_947/><c_948/><c_949/><c_950/><c_951/><c_952/><c_953/><c_954/><c_955/><c_956/><c_957/><c_958/><c_959/><c_960/><c_961/><c_962/><c_963/><c_964/><c_965/><c_966/><c_967/><c_968/><c_969/><c_970/><c_971/><c_972/><c_973/><c_974/><c_975/><c_976/><c_977/><c_978/><c_979/><c_980/><c_981/><c_982/><c_983/><c_984/><c_985/><c_986/><c_987/><c_988/><c_989/><c_990/><c_991><microprocessor_definition><group><component_states><c0><in1/><in2 v="true"/><out1/></c0><c1><in1 v="13.718213"/><in2 v="2"/><out1/></c1><c2><out1 v="15"/></c2><c3 te="16218.558594" pe="2.031786" pes="true"><in1 v="15.749999"/><in2 v="13.718213"/><in3 v="true"/><out1 v="1.219072"/></c3><c4><in1 v="15"/><out1 v="15.749999"/></c4><c5><out1 v="1"/></c5><c6><inc><v/></inc><in1 v="374.763184"/><in2 v="1"/><in3 v="13.718213"/><out1><v 02="374.763184" 03="1" 04="13.718213"/></out1></c6><c7 c2="61"><in1/><out1/></c7><c8><in1 v="374.763184"/><in2 v="1"/><out1 v="true"/></c8><c9 c="22"><in1 v="true"/><out1/></c9><c10 is="true"><in1/><in2 v="true"/><in3/><out1 v="0.44"/></c10><c11><in1/><out1 v="true"/></c11><c12><in1 v="true"/><in2 v="true"/><out1 v="true"/></c12><c13><inc><v/></inc><in1 v="0.47"/><out1><v 01="0.47"/></out1></c13><c14><out1 v="0.2"/></c14><c15><in1 v="-0.070357"/><out1 v="0.070357"/></c15><c16><in1 v="-0.351754"/><in2 v="0.2"/><out1 v="-0.070351"/></c16><c17><out1 v="2"/></c17><c18><in1><v bools="2147483649" 01="0.004086" 02="0.027388" 03="-0.351723" 04="1"/></in1><out1 v="0.004086"/></c18><c19><in1><v bools="2147483649" 01="0.004086" 02="0.027388" 03="-0.351723" 04="1"/></in1><out1 v="0.027388"/></c19><c20><in1><v bools="2147483649" 01="0.004086" 02="0.027388" 03="-0.351723" 04="1"/></in1><out1 v="-0.351723"/></c20><c21><in1><v bools="2147483649" 01="0.004086" 02="0.027388" 03="-0.351723" 04="1"/></in1><out1 v="1"/></c21><c22><in1 v="1"/><in2 v="0.004086"/><out1 v="0.004086"/></c22><c23><out1 v="1"/></c23><c24><out1 v="0.8"/></c24><c25 p2="0.8" p3="0.027386"><in1/><in2 v="0.8"/><in3 v="0.027386"/><out1 v="0.021909"/></c25><c26><out1/></c26><c27><in1 v="0.5"/><in2 v="-0.351754"/><out1 v="-0.175877"/></c27><c28><out1 v="0.5"/></c28><c29 p1="-0.4" p2="1"><in1 v="-0.4"/><in2 v="1"/><in3/><out1 v="1"/></c29><c30><out1 v="-0.4"/></c30><c31><in1 v="187.258667"/><in2 v="187.5"/><in3/><in4/><in5/><in6/><in7/><in8/><out1 v="374.758667"/></c31></component_states><component_bridge_states><c0><in1 v="1.219072"/><out1 v="1.219072"/></c0><c1><in1/><out1/></c1><c2><in1 v="13.718213"/><out1 v="13.718213"/></c2><c3><in1 v="187.258667"/><out1 v="187.258667"/></c3><c4><in1 v="1"/><out1 v="1"/></c4><c5><in1 v="true"/><out1 v="true"/></c5><c6><in1><v 02="374.763184" 03="1" 04="13.718213"/></in1><out1><v 02="374.763184" 03="1" 04="13.718213"/></out1></c6><c7><in1 v="true"/><out1 v="true"/></c7><c8><in1><v 01="0.47"/></in1><out1><v 01="0.47"/></out1></c8><c9><in1 v="-0.070351"/><out1 v="-0.070351"/></c9><c10><in1 v="0.070357"/><out1 v="0.070357"/></c10><c11><in1><v bools="2147483649" 01="0.004086" 02="0.027388" 03="-0.351723" 04="1"/></in1><out1><v bools="2147483649" 01="0.004086" 02="0.027388" 03="-0.351723" 04="1"/></out1></c11><c12><in1 v="0.021909"/><out1 v="0.021909"/></c12><c13><in1 v="0.004086"/><out1 v="0.004086"/></c13><c14><in1 v="-0.175877"/><out1 v="-0.175877"/></c14><c15><in1 v="1"/><out1 v="1"/></c15><c16><in1 v="187.5"/><out1 v="187.5"/></c16><c17><in1/><out1/></c17><c18><in1/><out1/></c18></component_bridge_states><group_states/></group></microprocessor_definition><ib0 value="true"/><ob0/><ob1 value="true"/><if0 value="13.718224"/><if1 value="187.254166"/><if2 value="1"/><if3 value="187.5"/><if4/><if5/><of0 value="1.219072"/><of1 value="-0.070351"/><of2 value="0.070357"/><of3 value="0.021909"/><of4 value="0.004086"/><of5 value="-0.175877"/><of6 value="1"/><ic0><value bools="2147483649" 01="0.004085" 02="0.02739" 03="-0.351692" 04="1"/></ic0><oc0><value 02="374.763184" 03="1" 04="13.718213"/></oc0><oc1><value 01="0.47"/></oc1></c_991><c_992 input_bool_1_val="true" output_bool_val="true"><input_bool_1 editor_connected="1" value="true"/><input_bool_2 editor_connected="1"/><input_float_1/><input_float_2/><input_float_3/><output_float_1/><output_float_2/><output_float_3/><output_float_4/><output_bool value="true"/><output_bool_2/><output_torque/><input_electric/><input_audio><value/></input_audio><output_audio><value/></output_audio></c_992><c_993 spawner_pending="false"><output_measure value="187.254166"/><output_measure_2/><fluid_1 demand="-0.000751"/><fluid_2/><input_pivot/><input_pitch/><input_pitch_2/><input_electric/><torque_value/><contained_volume vol_total="18.725416" temp="56.297749" vol_1="18.725416"/><contained_volume_secondary temp="-11.417786"/></c_993><c_994 spawner_pending="false"><output_measure value="187.5"/><output_measure_2/><fluid_1 demand="0.004317"/><fluid_2/><input_pivot/><input_pitch/><input_pitch_2/><input_electric/><torque_value/><contained_volume vol_total="18.75" temp="56.298317" vol_1="18.75"/><contained_volume_secondary temp="-11.417786"/></c_994><c_995/><c_996/><c_997/><c_998/><c_999/><c_1000/><c_1001/><c_1002/><c_1003/><c_1004/><c_1005/><c_1006/><c_1007/><c_1008/><c_1009/><c_1010/><c_1011/><c_1012/><c_1013/><c_1014/><c_1015/><c_1016/><c_1017/><c_1018/><c_1019/><c_1020/><c_1021/><c_1022/><c_1023/><c_1024/><c_1025><input_float_1/><input_bool_1/><output_float_1/><output_float_2/><torque_1 flow="24.653019" ratio="0.555556"/><torque_2 flow="13.71823" ratio="1.8"/><input_electric/></c_1025></b_0></vehicle_state>