<?xml version="1.0" encoding="UTF-8"?><vehicle_state><transform 00="0.852296" 01="-0.002747" 02="0.523052" 10="-0.001979" 11="0.999962" 12="0.008476" 20="-0.523056" 21="-0.008259" 22="0.852258" 30="-7976.679383" 31="395.980199" 32="-6444.505487"/><f_island_0><volume vol_total="0.485242" temp="17.295982" vol_3="0.485242"/></f_island_0><f_island_1><volume vol_total="0.509054" temp="98.753677" vol_4="0.509054"/></f_island_1><f_island_2><volume vol_total="0.646554" temp="50.612312" vol_1="0.646554"/></f_island_2><f_island_3><volume vol_total="0.389618" temp="82.377274" vol_0="0.389618"/></f_island_3><f_island_4><volume vol_total="0.698787" temp="98.930695" vol_0="0.698787"/></f_island_4><t_island_0 rps="19.850475"/><t_island_1 rps="13.247625"/><b_0><volume_0 temp="56.695217"/><volume_1 temp="56.694027"/><local_transform 02="0" 10="0" 20="0" 21="0" 30="-0.003503" 31="1.401314" 32="0.235464"/><physics><transform><pos x="-7976.679383" y="395.980199" z="-6444.505487"/><rot x="0.004348" y="-0.271757" z="-0.0002" w="0.962356"/></transform><lin_vel x="-29.994478" y="0.007455" z="46.612915"/><ang_vel x="-0.000109" y="0.000562" z="0.000153"/></physics><c_0/><c_1/><c_2/><c_3/><c_4/><c_5/><c_6/><c_7/><c_8/><c_9/><c_10/><c_11/><c_12/><c_13/><c_14/><c_15/><c_16/><c_17/><c_18/><c_19/><c_20/><c_21/><c_22/><c_23/><c_24/><c_25/><c_26/><c_27/><c_28/><c_29/><c_30 rotation="-0.004448" input_rotation="-0.005663"><input_value editor_connected="1" value="-0.005665"/><input_electric/></c_30><c_31/><c_32/><c_33/><c_34/><c_35/><c_36/><c_37/><c_38/><c_39/><c_40/><c_41/><c_42/><c_43/><c_44/><c_45/><c_46/><c_47/><c_48/><c_49/><c_50/><c_51/><c_52/><c_53/><c_54/><c_55/><c_56/><c_57/><c_58/><c_59/><c_60/><c_61/><c_62/><c_63/><c_64/><c_65/><c_66/><c_67/><c_68/><c_69/><c_70/><c_71/><c_72/><c_73/><c_74/><c_75/><c_76/><c_77/><c_78/><c_79/><c_80/><c_81/><c_82/><c_83/><c_84/><c_85/><c_86/><c_87/><c_88/><c_89/><c_90/><c_91/><c_92/><c_93/><c_94/><c_95/><c_96/><c_97/><c_98/><c_99/><c_100/><c_101/><c_102/><c_103/><c_104/><c_105/><c_106/><c_107/><c_108/><c_109/><c_110/><c_111/><c_112/><c_113/><c_114/><c_115/><c_116/><c_117/><c_118/><c_119/><c_120/><c_121/><c_122/><c_123/><c_124/><c_125/><c_126/><c_127/><c_128/><c_129/><c_130/><c_131/><c_132/><c_133/><c_134/><c_135/><c_136/><c_137/><c_138/><c_139/><c_140/><c_141/><c_142/><c_143/><c_144/><c_145/><c_146/><c_147/><c_148/><c_149/><c_150/><c_151/><c_152/><c_153/><c_154/><c_155/><c_156/><c_157/><c_158/><c_159/><c_160/><c_161/><c_162/><c_163/><c_164/><c_165/><c_166/><c_167/><c_168/><c_169/><c_170/><c_171/><c_172/><c_173/><c_174/><c_175/><c_176/><c_177/><c_178/><c_179/><c_180/><c_181/><c_182/><c_183/><c_184/><c_185/><c_186/><c_187/><c_188/><c_189/><c_190/><c_191/><c_192/><c_193/><c_194/><c_195/><c_196/><c_197/><c_198/><c_199/><c_200/><c_201/><c_202/><c_203/><c_204/><c_205/><c_206/><c_207/><c_208/><c_209/><c_210/><c_211/><c_212/><c_213/><c_214/><c_215/><c_216/><c_217/><c_218><input_value editor_connected="1"/><input_electric/></c_218><c_219><input_value editor_connected="1"/><input_electric/></c_219><c_220><input_value/><input_electric/></c_220><c_221><input_value editor_connected="1"/><input_electric/></c_221><c_222/><c_223/><c_224/><c_225/><c_226/><c_227/><c_228/><c_229 rotation="-0.005175" input_rotation="-0.006589"><input_value editor_connected="1" value="-0.006589"/><input_electric/></c_229><c_230/><c_231/><c_232/><c_233/><c_234/><c_235/><c_236/><c_237/><c_238/><c_239/><c_240/><c_241/><c_242/><c_243/><c_244 rotation="-0.005175" input_rotation="-0.006589"><input_value editor_connected="1" value="-0.006589"/><input_electric/></c_244><c_245/><c_246/><c_247/><c_248/><c_249/><c_250/><c_251/><c_252/><c_253/><c_254/><c_255/><c_256/><c_257/><c_258 light_is_on="true"><input_value editor_connected="1" value="true"/><input_electric/></c_258><c_259/><c_260/><c_261/><c_262/><c_263 value_bool="true"><input_1_axis/><input_2_axis/><input_on_off editor_connected="1" value="true"/><electric/></c_263><c_264/><c_265/><c_266/><c_267/><c_268/><c_269/><c_270/><c_271/><c_272/><c_273 light_is_on="true"><input_value editor_connected="1" value="true"/><input_electric/></c_273><c_274 light_is_on="true"><input_value editor_connected="1" value="true"/><input_electric/></c_274><c_275><microprocessor_definition><group><component_states/><component_bridge_states/><group_states/></group></microprocessor_definition></c_275><c_276/><c_277/><c_278/><c_279/><c_280/><c_281/><c_282/><c_283/><c_284/><c_285 output_float_val="5.669048"><input_bool_1/><input_bool_2/><input_float_1/><input_float_2/><input_float_3/><output_float_1 value="57.643578"/><output_float_2 value="-0.001337"/><output_float_3/><output_float_4/><output_bool/><output_bool_2/><output_torque/><input_electric/><input_audio><value/></input_audio><output_audio><value/></output_audio></c_285><c_286/><c_287/><c_288/><c_289/><c_290/><c_291/><c_292/><c_293/><c_294/><c_295><display_1/><display_2/><display_3/><display_4/><input_value><value/></input_value><output_value><value/></output_value><input_bool/><input_electric/></c_295><c_296/><c_297/><c_298/><c_299><input_electric/><input_channel/><output_channel/><signal_strength/></c_299><c_300/><c_301/><c_302/><c_303/><c_304/><c_305/><c_306/><c_307/><c_308/><c_309/><c_310/><c_311/><c_312/><c_313/><c_314/><c_315/><c_316/><c_317/><c_318/><c_319/><c_320/><c_321/><c_322/><c_323 collective="0.958493" prop_rot="4.108177" prop_vel="19.641146" render_rotation_vel="19.641159"><x_axis_value value="0.958496"/><y_axis_value/><torque_value mass="43.75" demand="19.641159" flow="19.850475"/><torque_value_2/></c_323><c_324/><c_325/><c_326/><c_327/><c_328/><c_329/><c_330/><c_331/><c_332><output_measure/><output_measure_2/><fluid_1 demand="-0.007379"/><fluid_2/><input_pivot/><input_pitch/><input_pitch_2/><input_electric/><torque_value/><contained_volume temp="13.639826"/><contained_volume_secondary temp="13.639826"/></c_332><c_333/><c_334/><c_335/><c_336/><c_337/><c_338/><c_339/><c_340/><c_341/><c_342/><c_343/><c_344/><c_345/><c_346/><c_347/><c_348/><c_349/><c_350/><c_351/><c_352/><c_353/><c_354/><c_355/><c_356/><c_357/><c_358/><c_359/><c_360><input_bool_1/><input_bool_2/><input_float_1/><input_float_2/><input_float_3/><output_float_1/><output_float_2/><output_float_3/><output_float_4/><output_bool/><output_bool_2/><output_torque/><input_electric/><input_audio><value/></input_audio><output_audio><value/></output_audio></c_360><c_361><input_bool_1/><input_bool_2/><input_float_1/><input_float_2/><input_float_3/><output_float_1/><output_float_2/><output_float_3/><output_float_4/><output_bool/><output_bool_2/><output_torque/><input_electric/><input_audio><value/></input_audio><output_audio><value/></output_audio></c_361><c_362><input_bool_1/><input_bool_2/><input_float_1/><input_float_2/><input_float_3/><output_float_1/><output_float_2/><output_float_3/><output_float_4/><output_bool/><output_bool_2/><output_torque/><input_electric/><input_audio><value/></input_audio><output_audio><value/></output_audio></c_362><c_363><input_bool_1/><input_bool_2/><input_float_1/><input_float_2/><input_float_3/><output_float_1/><output_float_2/><output_float_3/><output_float_4/><output_bool/><output_bool_2/><output_torque/><input_electric/><input_audio><value/></input_audio><output_audio><value/></output_audio></c_363><c_364/><c_365/><c_366><output_measure/><output_measure_2/><fluid_1 demand="0.004527"/><fluid_2/><input_pivot/><input_pitch/><input_pitch_2/><input_electric/><torque_value/><contained_volume temp="13.639826"/><contained_volume_secondary temp="13.639826"/></c_366><c_367><output_measure/><output_measure_2/><fluid_1 demand="0.003169"/><fluid_2/><input_pivot/><input_pitch/><input_pitch_2/><input_electric/><torque_value/><contained_volume temp="13.639826"/><contained_volume_secondary temp="13.639826"/></c_367><c_368/><c_369/><c_370/><c_371/><c_372/><c_373/><c_374/><c_375/><c_376/><c_377/><c_378/><c_379><electric/><video><value/></video><composite><value/></composite><active/></c_379><c_380/><c_381/><c_382/><c_383/><c_384/><c_385/><c_386/><c_387/><c_388/><c_389/><c_390><input_bool_1/><input_bool_2/><input_float_1/><input_float_2/><input_float_3/><output_float_1 value="0.000437"/><output_float_2/><output_float_3/><output_float_4/><output_bool/><output_bool_2/><output_torque/><input_electric/><input_audio><value/></input_audio><output_audio><value/></output_audio></c_390><c_391/><c_392><rope_slot/><output_composite><value/></output_composite><input_composite><value/></input_composite><output_bool/><input_bool/><input_electric/><input_fluid/><input_video><value/></input_video><output_video><value/></output_video><input_audio><value/></input_audio><output_audio><value/></output_audio><winch_down/><winch_up/><output_float/></c_392><c_393><rope_slot/><output_composite><value/></output_composite><input_composite><value/></input_composite><output_bool/><input_bool/><input_electric/><input_fluid/><input_video><value/></input_video><output_video><value/></output_video><input_audio><value/></input_audio><output_audio><value/></output_audio><winch_down/><winch_up/><output_float/></c_393><c_394/><c_395/><c_396/><c_397/><c_398/><c_399/><c_400/><c_401/><c_402><input_bool_1/><input_bool_2/><input_float_1/><input_float_2/><input_float_3/><output_float_1 value="57.272877"/><output_float_2/><output_float_3/><output_float_4/><output_bool/><output_bool_2/><output_torque/><input_electric/><input_audio><value/></input_audio><output_audio><value/></output_audio></c_402><c_403/><c_404/><c_405/><c_406/><c_407/><c_408/><c_409/><c_410/><c_411/><c_412/><c_413/><c_414/><c_415/><c_416/><c_417/><c_418/><c_419/><c_420/><c_421/><c_422/><c_423/><c_424/><c_425/><c_426/><c_427/><c_428/><c_429/><c_430/><c_431/><c_432/><c_433/><c_434/><c_435/><c_436/><c_437/><c_438/><c_439/><c_440/><c_441/><c_442/><c_443/><c_444/><c_445/><c_446/><c_447/><c_448/><c_449/><c_450/><c_451/><c_452/><c_453/><c_454/><c_455/><c_456/><c_457/><c_458/><c_459><output_0/><output_1/><output_2/><output_3/><output_4/><output_5/><output_6/><output_7/><hotkey_0/><hotkey_1/><hotkey_2/><hotkey_3/><hotkey_4/><hotkey_5/><hotkey_6/><hotkey_7/><hotkey_8/><hotkey_9/><hotkey_10/><hotkey_11/><hotkey_12/><hotkey_13/><hotkey_14/><hotkey_15/><hotkey_16/><hotkey_17/><hotkey_18/><hotkey_19/><hotkey_20/><hotkey_21/><hotkey_22/><hotkey_23/><hotkey_24/><hotkey_25/><hotkey_26/><hotkey_27/><hotkey_28/><hotkey_29/><hotkey_30/><hotkey_31/><hotkey_32/><hotkey_33/><hotkey_34/><hotkey_35/><hotkey_36/><hotkey_37/><hotkey_38/><hotkey_39/><hotkey_40/><hotkey_41/><hotkey_42/><hotkey_43/><hotkey_44/><hotkey_45/><hotkey_46/><hotkey_47/><look_0/><look_1/><output_trigger/><output_seated/><input_audio><value/></input_audio><output_audio><value/></output_audio></c_459><c_460><output_0/><output_1/><output_2/><output_3/><output_4/><output_5/><output_6/><output_7/><hotkey_0/><hotkey_1/><hotkey_2/><hotkey_3/><hotkey_4/><hotkey_5/><hotkey_6/><hotkey_7/><hotkey_8/><hotkey_9/><hotkey_10/><hotkey_11/><hotkey_12/><hotkey_13/><hotkey_14/><hotkey_15/><hotkey_16/><hotkey_17/><hotkey_18/><hotkey_19/><hotkey_20/><hotkey_21/><hotkey_22/><hotkey_23/><hotkey_24/><hotkey_25/><hotkey_26/><hotkey_27/><hotkey_28/><hotkey_29/><hotkey_30/><hotkey_31/><hotkey_32/><hotkey_33/><hotkey_34/><hotkey_35/><hotkey_36/><hotkey_37/><hotkey_38/><hotkey_39/><hotkey_40/><hotkey_41/><hotkey_42/><hotkey_43/><hotkey_44/><hotkey_45/><hotkey_46/><hotkey_47/><look_0/><look_1/><output_trigger/><output_seated/><input_audio><value/></input_audio><output_audio><value/></output_audio></c_460><c_461><microprocessor_definition><group><component_states/><component_bridge_states/><group_states/></group></microprocessor_definition></c_461><c_462><microprocessor_definition><group><component_states/><component_bridge_states/><group_states/></group></microprocessor_definition></c_462><c_463><output_0/><output_1/><output_2/><output_3/><output_4/><output_5/><output_6/><output_7/><hotkey_0/><hotkey_1/><hotkey_2/><hotkey_3/><hotkey_4/><hotkey_5/><hotkey_6/><hotkey_7/><hotkey_8/><hotkey_9/><hotkey_10/><hotkey_11/><hotkey_12/><hotkey_13/><hotkey_14/><hotkey_15/><hotkey_16/><hotkey_17/><hotkey_18/><hotkey_19/><hotkey_20/><hotkey_21/><hotkey_22/><hotkey_23/><hotkey_24/><hotkey_25/><hotkey_26/><hotkey_27/><hotkey_28/><hotkey_29/><hotkey_30/><hotkey_31/><hotkey_32/><hotkey_33/><hotkey_34/><hotkey_35/><hotkey_36/><hotkey_37/><hotkey_38/><hotkey_39/><hotkey_40/><hotkey_41/><hotkey_42/><hotkey_43/><hotkey_44/><hotkey_45/><hotkey_46/><hotkey_47/><look_0/><look_1/><output_trigger/><output_seated/><input_audio><value/></input_audio><output_audio><value/></output_audio></c_463><c_464><output_0/><output_1/><output_2/><output_3/><output_4/><output_5/><output_6/><output_7/><hotkey_0/><hotkey_1/><hotkey_2/><hotkey_3/><hotkey_4/><hotkey_5/><hotkey_6/><hotkey_7/><hotkey_8/><hotkey_9/><hotkey_10/><hotkey_11/><hotkey_12/><hotkey_13/><hotkey_14/><hotkey_15/><hotkey_16/><hotkey_17/><hotkey_18/><hotkey_19/><hotkey_20/><hotkey_21/><hotkey_22/><hotkey_23/><hotkey_24/><hotkey_25/><hotkey_26/><hotkey_27/><hotkey_28/><hotkey_29/><hotkey_30/><hotkey_31/><hotkey_32/><hotkey_33/><hotkey_34/><hotkey_35/><hotkey_36/><hotkey_37/><hotkey_38/><hotkey_39/><hotkey_40/><hotkey_41/><hotkey_42/><hotkey_43/><hotkey_44/><hotkey_45/><hotkey_46/><hotkey_47/><look_0/><look_1/><output_trigger/><output_seated/><input_audio><value/></input_audio><output_audio><value/></output_audio></c_464><c_465><microprocessor_definition><group><component_states/><component_bridge_states/><group_states/></group></microprocessor_definition></c_465><c_466><microprocessor_definition><group><component_states/><component_bridge_states/><group_states/></group></microprocessor_definition></c_466><c_467/><c_468/><c_469/><c_470/><c_471/><c_472/><c_473/><c_474/><c_475/><c_476/><c_477/><c_478/><c_479/><c_480/><c_481/><c_482/><c_483 value_f32="397.130096" value_bool="true"><input_1_axis editor_connected="1" value="397.130219"/><input_2_axis/><input_on_off editor_connected="1" value="true"/><electric/></c_483><c_484 value_f32="55.429413" value_bool="true"><input_1_axis editor_connected="1" value="55.429375"/><input_2_axis/><input_on_off editor_connected="1" value="true"/><electric/></c_484><c_485 light_is_on="true"><display_1 val_float="13.247644"/><display_2 val_float="374.206116"/><display_3/><display_4 val_float="1"/><input_value editor_connected="1"><value 02="374.202576" 03="1" 04="13.247639"/></input_value><output_value><value 02="374.206116" 03="1" 04="13.247644"/></output_value><input_bool value="true"/><input_electric/></c_485><c_486/><c_487/><c_488/><c_489><display_1/><display_2/><display_3/><display_4/><input_value><value/></input_value><output_value><value/></output_value><input_bool/><input_electric/></c_489><c_490/><c_491/><c_492/><c_493/><c_494/><c_495/><c_496/><c_497/><c_498/><c_499/><c_500/><c_501/><c_502/><c_503/><c_504/><c_505/><c_506/><c_507/><c_508/><c_509/><c_510/><c_511/><c_512/><c_513/><c_514/><c_515/><c_516/><c_517/><c_518 prev_rotation="-0.427034" rotation_speed="0.000014"><input_bool/><input_torque/><input_float/><input_float_2/><body><transform><pos x="-7973.926648" y="394.975043" z="-6449.002953"/><rot x="-0.265544" y="0.199673" z="0.941424" w="0.05778"/></transform><lin_vel x="-29.996853" y="0.007389" z="46.611477"/><ang_vel x="-0.000097" y="0.000562" z="0.00016"/></body></c_518><c_519/><c_520/><c_521/><c_522/><c_523/><c_524><input_bool_1/><input_bool_2/><input_float_1/><input_float_2/><input_float_3/><output_float_1/><output_float_2/><output_float_3/><output_float_4/><output_bool/><output_bool_2/><output_torque/><input_electric/><input_audio><value/></input_audio><output_audio><value/></output_audio></c_524><c_525/><c_526/><c_527/><c_528/><c_529/><c_530/><c_531/><c_532/><c_533/><c_534/><c_535/><c_536/><c_537/><c_538/><c_539/><c_540/><c_541/><c_542/><c_543/><c_544/><c_545/><c_546/><c_547/><c_548/><c_549/><c_550/><c_551/><c_552/><c_553/><c_554/><c_555/><c_556/><c_557/><c_558/><c_559/><c_560/><c_561/><c_562/><c_563/><c_564/><c_565/><c_566/><c_567/><c_568/><c_569/><c_570/><c_571/><c_572/><c_573/><c_574/><c_575/><c_576/><c_577/><c_578/><c_579/><c_580/><c_581/><c_582/><c_583><output_0/><output_1/><output_2/><output_3/><output_4/><output_5/><output_6/><output_7/><hotkey_0/><hotkey_1/><hotkey_2/><hotkey_3/><hotkey_4/><hotkey_5/><hotkey_6/><hotkey_7/><hotkey_8/><hotkey_9/><hotkey_10/><hotkey_11/><hotkey_12/><hotkey_13/><hotkey_14/><hotkey_15/><hotkey_16/><hotkey_17/><hotkey_18/><hotkey_19/><hotkey_20/><hotkey_21/><hotkey_22/><hotkey_23/><hotkey_24/><hotkey_25/><hotkey_26/><hotkey_27/><hotkey_28/><hotkey_29/><hotkey_30/><hotkey_31/><hotkey_32/><hotkey_33/><hotkey_34/><hotkey_35/><hotkey_36/><hotkey_37/><hotkey_38/><hotkey_39/><hotkey_40/><hotkey_41/><hotkey_42/><hotkey_43/><hotkey_44/><hotkey_45/><hotkey_46/><hotkey_47/><look_0/><look_1/><output_trigger/><output_seated/><input_audio><value/></input_audio><output_audio><value/></output_audio></c_583><c_584/><c_585><input_value/><input_electric/></c_585><c_586><input_value/><input_electric/></c_586><c_587/><c_588/><c_589/><c_590/><c_591/><c_592/><c_593/><c_594/><c_595/><c_596/><c_597/><c_598/><c_599/><c_600/><c_601/><c_602/><c_603/><c_604/><c_605/><c_606/><c_607/><c_608/><c_609/><c_610/><c_611/><c_612/><c_613/><c_614/><c_615/><c_616/><c_617><1_axis/><bool_axis/><torque_value/><electric_a p_charge="1" p_capacity="12800"/><electric_b/></c_617><c_618/><c_619/><c_620 throttle_value="0.871413" throttle="0.871413" rps="13.247625" temp="98.903664"><input_1_axis editor_connected="1" value="0.871416"/><input_on_off editor_connected="1"/><torque mass="10" demand="14.344299" flow="13.247625"/><electric/></c_620><c_621/><c_622/><c_623/><c_624/><c_625/><c_626/><c_627/><c_628/><c_629/><c_630/><c_631/><c_632/><c_633/><c_634/><c_635/><c_636/><c_637/><c_638/><c_639/><c_640/><c_641/><c_642/><c_643/><c_644/><c_645/><c_646/><c_647/><c_648/><c_649/><c_650/><c_651/><c_652/><c_653/><c_654/><c_655/><c_656/><c_657/><c_658/><c_659 spawner_pending="false"><output_measure value="186.993805"/><output_measure_2/><fluid_1 demand="-0.000349"/><fluid_2/><input_pivot/><input_pitch/><input_pitch_2/><input_electric/><torque_value/><contained_volume vol_total="18.699381" temp="56.699337" vol_1="18.699381"/><contained_volume_secondary temp="13.639826"/></c_659><c_660 spawner_pending="false"><output_measure value="187.201706"/><output_measure_2/><fluid_1 demand="-0.00024"/><fluid_2/><input_pivot/><input_pitch/><input_pitch_2/><input_electric/><torque_value/><contained_volume vol_total="18.720171" temp="56.699093" vol_1="18.720171"/><contained_volume_secondary temp="13.639826"/></c_660><c_661/><c_662/><c_663/><c_664/><c_665/><c_666/><c_667/><c_668/><c_669/><c_670/><c_671/><c_672/><c_673/><c_674/><c_675/><c_676/><c_677/><c_678/><c_679/><c_680/><c_681/><c_682/><c_683/><c_684/><c_685/><c_686/><c_687/><c_688/><c_689/><c_690/><c_691/><c_692/><c_693/><c_694/><c_695/><c_696/><c_697/><c_698/><c_699/><c_700/><c_701/><c_702/><c_703/><c_704/><c_705/><c_706/><c_707/><c_708/><c_709/><c_710/><c_711/><c_712/><c_713/><c_714/><c_715/><c_716/><c_717/><c_718/><c_719/><c_720/><c_721/><c_722/><c_723/><c_724/><c_725/><c_726/><c_727/><c_728/><c_729/><c_730/><c_731/><c_732/><c_733><input_bool/><input_torque/><input_float value="0.002265"/><input_float_2/><body><transform><pos x="-7978.947209" y="394.12413" z="-6444.172331"/><rot x="0.209213" y="-0.532537" z="0.67443" w="0.466667"/></transform><lin_vel x="-29.994005" y="0.007144" z="46.614395"/><ang_vel x="-0.000097" y="0.000562" z="0.00016"/></body></c_733><c_734><input_bool/><input_torque/><input_float value="-0.002266"/><input_float_2/><body><transform><pos x="-7975.964173" y="394.114515" z="-6442.341648"/><rot x="0.670771" y="-0.457534" z="-0.220664" w="-0.540404"/></transform><lin_vel x="-29.992975" y="0.0078" z="46.612717"/><ang_vel x="-0.000097" y="0.000562" z="0.00016"/></body></c_734><c_735><1_axis/><bool_axis/><torque_value/><electric_a p_capacity="0.1"/><electric_b/></c_735><c_736><1_axis/><bool_axis/><torque_value/><electric_a p_capacity="0.1"/><electric_b/></c_736><c_737/><c_738/><c_739/><c_740/><c_741/><c_742/><c_743/><c_744/><c_745/><c_746/><c_747/><c_748/><c_749/><c_750/><c_751/><c_752/><c_753/><c_754/><c_755/><c_756/><c_757/><c_758/><c_759/><c_760/><c_761/><c_762/><c_763/><c_764/><c_765/><c_766/><c_767/><c_768/><c_769/><c_770/><c_771/><c_772/><c_773/><c_774/><c_775/><c_776/><c_777/><c_778/><c_779/><c_780/><c_781/><c_782/><c_783/><c_784/><c_785/><c_786/><c_787/><c_788/><c_789/><c_790/><c_791/><c_792/><c_793/><c_794/><c_795/><c_796/><c_797/><c_798/><c_799/><c_800/><c_801/><c_802/><c_803/><c_804/><c_805/><c_806/><c_807/><c_808/><c_809 spawner_pending="false"><output_measure value="82.258812"/><output_measure_2/><fluid_1 demand="-0.111745"/><fluid_2 demand="0.299244"/><input_pivot/><input_pitch/><input_pitch_2/><input_electric/><torque_value/><contained_volume vol_total="8.932953" temp="82.258812" vol_0="8.932953"/><contained_volume_secondary temp="13.639826"/></c_809><c_810/><c_811/><c_812/><c_813/><c_814/><c_815/><c_816/><c_817/><c_818/><c_819/><c_820/><c_821/><c_822/><c_823/><c_824/><c_825/><c_826/><c_827/><c_828/><c_829/><c_830/><c_831/><c_832/><c_833/><c_834/><c_835/><c_836/><c_837/><c_838/><c_839/><c_840/><c_841/><c_842/><c_843/><c_844/><c_845/><c_846/><c_847/><c_848/><c_849/><c_850/><c_851/><c_852/><c_853/><c_854/><c_855/><c_856/><c_857/><c_858/><c_859/><c_860/><c_861/><c_862/><c_863/><c_864/><c_865/><c_866/><c_867/><c_868/><c_869/><c_870/><c_871/><c_872/><c_873/><c_874/><c_875/><c_876/><c_877/><c_878/><c_879/><c_880/><c_881/><c_882/><c_883/><c_884/><c_885/><c_886/><c_887><input_value editor_connected="1"><value/></input_value><output_value><value/></output_value><input_bool/><input_electric/></c_887><c_888><input_value editor_connected="1"><value/></input_value><output_value><value/></output_value><input_bool/><input_electric/></c_888><c_889/><c_890/><c_891><input_on_off/><input_electric/></c_891><c_892><rope_slot/><output_composite><value/></output_composite><input_composite><value/></input_composite><output_bool/><input_bool/><input_electric/><input_fluid/><input_video><value/></input_video><output_video><value/></output_video><input_audio><value/></input_audio><output_audio><value/></output_audio><winch_down/><winch_up/><output_float/></c_892><c_893/><c_894/><c_895/><c_896/><c_897/><c_898/><c_899/><c_900/><c_901/><c_902/><c_903/><c_904/><c_905/><c_906/><c_907/><c_908/><c_909/><c_910/><c_911/><c_912/><c_913/><c_914/><c_915/><c_916/><c_917/><c_918/><c_919/><c_920/><c_921/><c_922/><c_923/><c_924/><c_925/><c_926/><c_927/><c_928/><c_929/><c_930/><c_931/><c_932/><c_933/><c_934/><c_935/><c_936/><c_937/><c_938/><c_939/><c_940/><c_941 rotations_per_second="19.14683"><1_axis/><bool_axis/><torque_value mass="1" demand="19.146841" flow="19.850475"/><electric_a p_charge="1" p_capacity="0.1"/><electric_b/></c_941><c_942 rotations_per_second="19.14683"><1_axis/><bool_axis/><torque_value mass="1" demand="19.146841" flow="19.850475"/><electric_a p_charge="1" p_capacity="0.1"/><electric_b/></c_942><c_943><1_axis/><bool_axis/><torque_value/><electric_a p_capacity="0.1"/><electric_b/></c_943><c_944/><c_945/><c_946/><c_947/><c_948/><c_949/><c_950/><c_951/><c_952/><c_953/><c_954/><c_955/><c_956/><c_957/><c_958/><c_959/><c_960/><c_961/><c_962/><c_963/><c_964/><c_965/><c_966/><c_967/><c_968 input_bool_1_val="true" output_bool_val="true"><input_bool_1 editor_connected="1" value="true"/><input_bool_2 editor_connected="1"/><input_float_1/><input_float_2/><input_float_3/><output_float_1/><output_float_2/><output_float_3/><output_float_4/><output_bool value="true"/><output_bool_2/><output_torque/><input_electric/><input_audio><value/></input_audio><output_audio><value/></output_audio></c_968><c_969 rotation="-0.011464" input_rotation="-0.014596"><input_value editor_connected="1" value="-0.014595"/><input_electric/></c_969><c_970 rotation="-0.011464" input_rotation="-0.014596"><input_value editor_connected="1" value="-0.014595"/><input_electric/></c_970><c_971/><c_972/><c_973/><c_974/><c_975/><c_976/><c_977/><c_978><1_axis/><bool_axis/><torque_value/><electric_a p_capacity="0.1"/><electric_b/></c_978><c_979/><c_980/><c_981/><c_982/><c_983/><c_984/><c_985/><c_986/><c_987><output_measure/><output_measure_2/><fluid_1/><fluid_2/><input_pivot/><input_pitch/><input_pitch_2/><input_electric/><torque_value/><contained_volume temp="13.639826"/><contained_volume_secondary temp="13.639826"/></c_987><c_988/><c_989/><c_990 input_float_1_val="55.429375"><input_bool_1/><input_bool_2/><input_float_1/><input_float_2/><input_float_3/><output_float_1 value="55.429375"/><output_float_2/><output_float_3/><output_float_4/><output_bool/><output_bool_2/><output_torque/><input_electric/><input_audio><value/></input_audio><output_audio><value/></output_audio></c_990><c_991 input_float_1_val="397.130219"><input_bool_1/><input_bool_2/><input_float_1/><input_float_2/><input_float_3/><output_float_1 value="397.130219"/><output_float_2/><output_float_3/><output_float_4/><output_bool/><output_bool_2/><output_torque/><input_electric/><input_audio><value/></input_audio><output_audio><value/></output_audio></c_991><c_992/><c_993/><c_994/><c_995/><c_996/><c_997/><c_998/><c_999/><c_1000/><c_1001/><c_1002/><c_1003/><c_1004/><c_1005/><c_1006/><c_1007/><c_1008/><c_1009/><c_1010/><c_1011><input_value/><input_electric/></c_1011><c_1012><input_value/><input_electric/></c_1012><c_1013><input_value/><input_electric/></c_1013><c_1014><input_value/><input_electric/></c_1014><c_1015><input_value/><input_electric/></c_1015><c_1016><input_value/><input_electric/></c_1016><c_1017/><c_1018/><c_1019/><c_1020/><c_1021/><c_1022/><c_1023/><c_1024/><c_1025/><c_1026/><c_1027/><c_1028/><c_1029/><c_1030/><c_1031/><c_1032/><c_1033><microprocessor_definition><group><component_states><c0><in1/><in2 v="true"/><out1/></c0><c1><in1 v="13.247639"/><in2 v="2"/><out1/></c1><c2><out1 v="14"/></c2><c3 te="27708.945313" pe="1.45236" pes="true"><in1 v="14.699999"/><in2 v="13.247639"/><in3 v="true"/><out1 v="0.871416"/></c3><c4><in1 v="14"/><out1 v="14.699999"/></c4><c5><out1 v="1"/></c5><c6><inc><v/></inc><in1 v="374.202576"/><in2 v="1"/><in3 v="13.247639"/><out1><v 02="374.202576" 03="1" 04="13.247639"/></out1></c6><c7 c2="61"><in1/><out1/></c7><c8><in1 v="374.202576"/><in2 v="1"/><out1 v="true"/></c8><c9 c="2"><in1 v="true"/><out1 v="true"/></c9><c10 is="true"><in1/><in2 v="true"/><in3/><out1/></c10><c11><in1/><out1 v="true"/></c11><c12><in1 v="true"/><in2 v="true"/><out1 v="true"/></c12><c13><inc><v/></inc><in1/><out1><v/></out1></c13><c14><out1 v="0.2"/></c14><c15><in1 v="-0.002265"/><out1 v="0.002265"/></c15><c16><in1 v="-0.011331"/><in2 v="0.2"/><out1 v="-0.002266"/></c16><c17><out1 v="2"/></c17><c18><in1><v bools="2147483649" 01="-0.008235" 02="-0.024325" 03="-0.011336" 04="0.958499"/></in1><out1 v="-0.008235"/></c18><c19><in1><v bools="2147483649" 01="-0.008235" 02="-0.024325" 03="-0.011336" 04="0.958499"/></in1><out1 v="-0.024325"/></c19><c20><in1><v bools="2147483649" 01="-0.008235" 02="-0.024325" 03="-0.011336" 04="0.958499"/></in1><out1 v="-0.011336"/></c20><c21><in1><v bools="2147483649" 01="-0.008235" 02="-0.024325" 03="-0.011336" 04="0.958499"/></in1><out1 v="0.958499"/></c21><c22><in1 v="0.8"/><in2 v="-0.008236"/><out1 v="-0.006589"/></c22><c23><out1 v="0.8"/></c23><c24><out1 v="0.6"/></c24><c25 p2="0.6" p3="-0.024326"><in1/><in2 v="0.6"/><in3 v="-0.024326"/><out1 v="-0.014595"/></c25><c26><out1/></c26><c27><in1 v="0.5"/><in2 v="-0.011331"/><out1 v="-0.005665"/></c27><c28><out1 v="0.5"/></c28><c29 p1="-0.4" p2="0.958496"><in1 v="-0.4"/><in2 v="0.958496"/><in3/><out1 v="0.958496"/></c29><c30><out1 v="-0.4"/></c30><c31><in1 v="186.995911"/><in2 v="187.20314"/><in3/><in4/><in5/><in6/><in7/><in8/><out1 v="374.199036"/></c31></component_states><component_bridge_states><c0><in1 v="0.871416"/><out1 v="0.871416"/></c0><c1><in1/><out1/></c1><c2><in1 v="13.247639"/><out1 v="13.247639"/></c2><c3><in1 v="186.995911"/><out1 v="186.995911"/></c3><c4><in1 v="1"/><out1 v="1"/></c4><c5><in1 v="true"/><out1 v="true"/></c5><c6><in1><v 02="374.202576" 03="1" 04="13.247639"/></in1><out1><v 02="374.202576" 03="1" 04="13.247639"/></out1></c6><c7><in1 v="true"/><out1 v="true"/></c7><c8><in1><v/></in1><out1><v/></out1></c8><c9><in1 v="-0.002266"/><out1 v="-0.002266"/></c9><c10><in1 v="0.002265"/><out1 v="0.002265"/></c10><c11><in1><v bools="2147483649" 01="-0.008235" 02="-0.024325" 03="-0.011336" 04="0.958499"/></in1><out1><v bools="2147483649" 01="-0.008235" 02="-0.024325" 03="-0.011336" 04="0.958499"/></out1></c11><c12><in1 v="-0.014595"/><out1 v="-0.014595"/></c12><c13><in1 v="-0.006589"/><out1 v="-0.006589"/></c13><c14><in1 v="-0.005665"/><out1 v="-0.005665"/></c14><c15><in1 v="0.958496"/><out1 v="0.958496"/></c15><c16><in1 v="187.20314"/><out1 v="187.20314"/></c16><c17><in1/><out1/></c17><c18><in1/><out1/></c18></component_bridge_states><group_states/></group></microprocessor_definition><ib0 value="true"/><ob0/><ob1 value="true"/><if0 value="13.247634"/><if1 value="186.993805"/><if2 value="1"/><if3 value="187.201706"/><if4/><if5/><of0 value="0.871416"/><of1 value="-0.002266"/><of2 value="0.002265"/><of3 value="-0.014595"/><of4 value="-0.006589"/><of5 value="-0.005665"/><of6 value="0.958496"/><ic0><value bools="2147483649" 01="-0.008235" 02="-0.024325" 03="-0.011341" 04="0.958503"/></ic0><oc0><value 02="374.202576" 03="1" 04="13.247639"/></oc0><oc1><value/></oc1></c_1033><c_1034/><c_1035/><c_1036/><c_1037/><c_1038/><c_1039/><c_1040/><c_1041/><c_1042/><c_1043/><c_1044/><c_1045/><c_1046/><c_1047/><c_1048/><c_1049/><c_1050/><c_1051/><c_1052/><c_1053/><c_1054/><c_1055/><c_1056/><c_1057><output_measure/><output_measure_2/><fluid_1/><fluid_2/><input_pivot/><input_pitch/><input_pitch_2/><input_electric/><torque_value/><contained_volume temp="13.639826"/><contained_volume_secondary temp="13.639826"/></c_1057><c_1058/><c_1059/><c_1060/><c_1061/><c_1062><input_float_1/><input_bool_1/><output_float_1/><output_float_2/><torque_1 flow="19.850475" ratio="0.666667"/><torque_2 flow="13.247625" ratio="1.5"/><input_electric/></c_1062><c_1063/><c_1064/><c_1065/><c_1066/><c_1067/><c_1068/><c_1069/><c_1070/><c_1071/><c_1072/><c_1073/><c_1074/><c_1075/><c_1076/><c_1077/><c_1078/><c_1079/><c_1080/><c_1081/><c_1082 value="-0.008235" axis_input="-0.008235" value="-0.024325" axis_input="-0.024325" value="-0.011341" axis_input="-0.011341" value="0.958503" axis_input="0.958503"><output_0 value="-0.008235"/><output_1 value="-0.024325"/><output_2 value="-0.011341"/><output_3 value="0.958503"/><output_4/><output_5/><output_6/><output_7/><hotkey_0 value="true"/><hotkey_1/><hotkey_2/><hotkey_3/><hotkey_4/><hotkey_5/><hotkey_6/><hotkey_7/><hotkey_8/><hotkey_9/><hotkey_10/><hotkey_11/><hotkey_12/><hotkey_13/><hotkey_14/><hotkey_15/><hotkey_16/><hotkey_17/><hotkey_18/><hotkey_19/><hotkey_20/><hotkey_21/><hotkey_22/><hotkey_23/><hotkey_24/><hotkey_25/><hotkey_26/><hotkey_27/><hotkey_28/><hotkey_29/><hotkey_30/><hotkey_31/><hotkey_32/><hotkey_33/><hotkey_34/><hotkey_35/><hotkey_36/><hotkey_37/><hotkey_38/><hotkey_39/><hotkey_40/><hotkey_41/><hotkey_42/><hotkey_43/><hotkey_44/><hotkey_45/><hotkey_46/><hotkey_47/><look_0/><look_1/><output_trigger/><output_seated value="true"/><input_audio><value/></input_audio><output_audio><value/></output_audio></c_1082><c_1083 heat_factor="1" value_bool="true"><input_on_off editor_connected="1" value="true"/><electric/></c_1083></b_0></vehicle_state>