<?xml version="1.0" encoding="UTF-8"?><vehicle_state><transform 00="0.9738" 01="-0.130014" 02="-0.186572" 10="0.225281" 11="0.439677" 12="0.869444" 20="-0.031008" 21="-0.888696" 22="0.457447" 30="-501.802242" 31="-13.988703" 32="-4999.025651"/><f_island_0><volume vol_total="0.669389" temp="20.458471" vol_2="0.669389"/></f_island_0><t_island_0 rps="0.072552"/><t_island_1 rps="0"/><t_island_2 rps="25.706043"/><b_0 compartment_1="1"><volume_0 temp="13.286283"/><volume_1 vol_total="68.75" temp="15.157495" vol_1="68.75"/><local_transform 01="-0" 02="-0" 10="0" 12="-0" 20="-0" 21="-0" 30="0.002198" 31="-1.795656" 32="6.223082"/><physics><transform><pos x="-501.802242" y="-13.988703" z="-4999.025651"/><rot x="0.518815" y="0.045906" z="-0.104845" w="0.84719"/></transform><lin_vel x="-0.001438" y="-0.000617" z="-0.000526"/><ang_vel x="-0.000319" y="-0.000404" z="0.000991"/></physics><c_0/><c_1/><c_2/><c_3/><c_4/><c_5/><c_6/><c_7/><c_8/><c_9/><c_10/><c_11/><c_12/><c_13/><c_14/><c_15/><c_16/><c_17/><c_18/><c_19/><c_20/><c_21/><c_22/><c_23/><c_24/><c_25/><c_26/><c_27/><c_28/><c_29/><c_30/><c_31/><c_32/><c_33 damage="4"/><c_34 damage="3"/><c_35 damage="3"/><c_36 damage="3"/><c_37 damage="2"/><c_38 damage="2"/><c_39 damage="4"/><c_40 damage="3"/><c_41 damage="4"/><c_42 damage="3"/><c_43 damage="3"/><c_44 damage="3"/><c_45 damage="1"/><c_46 damage="1"/><c_47 damage="1"/><c_48/><c_49 damage="1"/><c_50 damage="1"/><c_51/><c_52/><c_53/><c_54 damage="50"/><c_55 damage="50"/><c_56 damage="50"/><c_57 damage="50"/><c_58 damage="50"/><c_59 damage="50"/><c_60 damage="50"/><c_61 damage="50"/><c_62 damage="50"/><c_63 damage="50"/><c_64 damage="50"/><c_65 damage="50"/><c_66 damage="50"/><c_67 damage="50"/><c_68 damage="50"/><c_69 damage="50"/><c_70 damage="50"/><c_71 damage="50"/><c_72 damage="50"/><c_73 damage="50"/><c_74 damage="50"/><c_75 damage="50"/><c_76 damage="50"/><c_77 damage="50"/><c_78 damage="50"/><c_79 damage="50"/><c_80 damage="50"/><c_81 damage="50"/><c_82 damage="50"/><c_83 damage="50"/><c_84 damage="50"/><c_85 damage="50"/><c_86 damage="50"/><c_87 damage="50"/><c_88 damage="50"/><c_89 damage="50"/><c_90 damage="50"/><c_91 damage="50"/><c_92 damage="50"/><c_93 damage="50"/><c_94 damage="50"/><c_95 damage="50"/><c_96 damage="50"/><c_97 damage="50"/><c_98 damage="50"/><c_99 damage="50"/><c_100/><c_101/><c_102/><c_103/><c_104/><c_105/><c_106/><c_107/><c_108/><c_109/><c_110/><c_111/><c_112/><c_113/><c_114/><c_115 damage="50"/><c_116 damage="50"/><c_117/><c_118/><c_119/><c_120/><c_121 damage="50"/><c_122 damage="50"/><c_123 damage="50"/><c_124 damage="50"/><c_125 damage="50"/><c_126 damage="50"/><c_127/><c_128/><c_129/><c_130/><c_131 damage="50"/><c_132 damage="50"/><c_133 damage="50"/><c_134 damage="50"/><c_135 damage="50"/><c_136 damage="50"/><c_137 damage="50"/><c_138 damage="50"/><c_139 damage="50"/><c_140 damage="50"/><c_141 damage="50"/><c_142 damage="50"/><c_143/><c_144/><c_145/><c_146/><c_147/><c_148/><c_149/><c_150/><c_151/><c_152/><c_153/><c_154/><c_155 damage="50"/><c_156 damage="50"/><c_157 damage="50"/><c_158 damage="50"/><c_159/><c_160 damage="50"/><c_161 damage="50"/><c_162 damage="50"/><c_163 damage="50"/><c_164/><c_165/><c_166/><c_167/><c_168/><c_169 damage="50"/><c_170 damage="50"/><c_171 damage="50"/><c_172 damage="50"/><c_173 damage="50"/><c_174/><c_175/><c_176/><c_177/><c_178/><c_179/><c_180/><c_181/><c_182/><c_183/><c_184/><c_185 damage="4"/><c_186 damage="3"/><c_187 damage="4"/><c_188 damage="3"/><c_189 damage="3"/><c_190 damage="2"/><c_191 damage="2"/><c_192 damage="1"/><c_193 damage="3"/><c_194 damage="2"/><c_195 damage="3"/><c_196 damage="2"/><c_197 damage="2"/><c_198 damage="2"/><c_199 damage="2"/><c_200 damage="2"/><c_201 damage="2"/><c_202 damage="1"/><c_203 damage="2"/><c_204 damage="2"/><c_205 damage="2"/><c_206 damage="2"/><c_207 damage="1"/><c_208 damage="1"/><c_209 damage="1"/><c_210 damage="1"/><c_211 damage="2"/><c_212 damage="1"/><c_213 damage="2"/><c_214 damage="1"/><c_215 damage="2"/><c_216 damage="2"/><c_217 damage="2"/><c_218 damage="2"/><c_219 damage="3"/><c_220 damage="3"/><c_221 damage="2"/><c_222 damage="2"/><c_223 damage="2"/><c_224 damage="2"/><c_225 damage="2"/><c_226 damage="1"/><c_227 damage="3"/><c_228 damage="3"/><c_229 damage="2"/><c_230 damage="2"/><c_231 damage="2"/><c_232 damage="1"/><c_233 damage="1"/><c_234 damage="1"/><c_235 damage="1"/><c_236 damage="1"/><c_237/><c_238 damage="1"/><c_239 damage="1"/><c_240/><c_241/><c_242/><c_243/><c_244/><c_245/><c_246/><c_247/><c_248/><c_249 damage="50"/><c_250 damage="50"/><c_251 damage="50"/><c_252 damage="50"/><c_253 damage="50"/><c_254 damage="50"/><c_255 damage="50"/><c_256 damage="50"/><c_257 damage="50"/><c_258 damage="50"/><c_259 damage="50"/><c_260 damage="50"/><c_261 damage="50"/><c_262 damage="50"/><c_263 damage="50"/><c_264 damage="50"/><c_265 damage="50"/><c_266 damage="50"/><c_267 damage="50"/><c_268/><c_269/><c_270/><c_271/><c_272/><c_273/><c_274/><c_275/><c_276/><c_277/><c_278/><c_279/><c_280/><c_281/><c_282/><c_283/><c_284/><c_285/><c_286/><c_287/><c_288/><c_289/><c_290/><c_291/><c_292/><c_293/><c_294/><c_295/><c_296/><c_297/><c_298/><c_299/><c_300/><c_301/><c_302/><c_303/><c_304/><c_305/><c_306/><c_307/><c_308/><c_309/><c_310/><c_311/><c_312/><c_313/><c_314/><c_315/><c_316/><c_317/><c_318/><c_319/><c_320/><c_321/><c_322/><c_323/><c_324/><c_325/><c_326/><c_327/><c_328/><c_329/><c_330/><c_331/><c_332/><c_333/><c_334/><c_335/><c_336/><c_337/><c_338/><c_339/><c_340/><c_341/><c_342/><c_343/><c_344/><c_345/><c_346/><c_347/><c_348/><c_349/><c_350/><c_351/><c_352/><c_353/><c_354/><c_355/><c_356/><c_357/><c_358/><c_359/><c_360/><c_361/><c_362/><c_363/><c_364/><c_365/><c_366/><c_367/><c_368/><c_369/><c_370/><c_371/><c_372/><c_373/><c_374/><c_375/><c_376/><c_377/><c_378/><c_379/><c_380/><c_381/><c_382/><c_383/><c_384/><c_385/><c_386/><c_387/><c_388/><c_389/><c_390/><c_391/><c_392/><c_393/><c_394/><c_395/><c_396/><c_397/><c_398/><c_399/><c_400/><c_401/><c_402/><c_403/><c_404/><c_405/><c_406/><c_407/><c_408/><c_409/><c_410/><c_411/><c_412/><c_413/><c_414/><c_415/><c_416/><c_417/><c_418/><c_419/><c_420/><c_421/><c_422/><c_423/><c_424/><c_425/><c_426/><c_427/><c_428/><c_429/><c_430/><c_431/><c_432/><c_433/><c_434/><c_435/><c_436/><c_437/><c_438/><c_439/><c_440/><c_441/><c_442/><c_443 damage="1"/><c_444 damage="2"/><c_445 damage="3"/><c_446/><c_447/><c_448 damage="2"/><c_449 damage="2"/><c_450/><c_451/><c_452/><c_453/><c_454/><c_455/><c_456/><c_457/><c_458/><c_459/><c_460/><c_461/><c_462 damage="50"/><c_463 damage="50"/><c_464 damage="50"/><c_465 damage="50"/><c_466 damage="50"/><c_467 damage="50"/><c_468 damage="50"/><c_469 damage="50"/><c_470 damage="50"/><c_471 damage="50"/><c_472 damage="50"/><c_473/><c_474/><c_475/><c_476/><c_477/><c_478/><c_479/><c_480/><c_481/><c_482/><c_483/><c_484/><c_485/><c_486/><c_487/><c_488/><c_489/><c_490/><c_491/><c_492/><c_493/><c_494/><c_495/><c_496/><c_497/><c_498/><c_499/><c_500/><c_501/><c_502/><c_503/><c_504/><c_505/><c_506/><c_507/><c_508/><c_509/><c_510/><c_511/><c_512/><c_513/><c_514/><c_515/><c_516/><c_517/><c_518/><c_519/><c_520/><c_521/><c_522/><c_523/><c_524/><c_525/><c_526/><c_527/><c_528/><c_529/><c_530/><c_531/><c_532/><c_533/><c_534/><c_535/><c_536/><c_537/><c_538/><c_539/><c_540/><c_541/><c_542/><c_543 damage="50"/><c_544 damage="50"/><c_545 damage="50"/><c_546/><c_547/><c_548/><c_549/><c_550 damage="50"/><c_551 damage="50"/><c_552 damage="50"/><c_553 damage="50"/><c_554/><c_555/><c_556/><c_557/><c_558/><c_559/><c_560/><c_561/><c_562/><c_563/><c_564/><c_565/><c_566/><c_567/><c_568/><c_569 damage="50"/><c_570 damage="50"/><c_571 damage="50"/><c_572 damage="50"/><c_573 damage="50"/><c_574 damage="50"/><c_575 damage="50"/><c_576 damage="50"/><c_577/><c_578 damage="50"/><c_579 damage="50"/><c_580 damage="50"/><c_581 damage="50"/><c_582 damage="50"/><c_583 damage="50"/><c_584 damage="50"/><c_585 damage="50"/><c_586 damage="50"/><c_587 damage="50"/><c_588 damage="50"/><c_589 damage="50"/><c_590/><c_591/><c_592 damage="50"/><c_593 damage="50"/><c_594 damage="50"/><c_595 damage="50"/><c_596 damage="50"/><c_597 damage="50"/><c_598/><c_599/><c_600/><c_601/><c_602/><c_603/><c_604/><c_605/><c_606/><c_607/><c_608/><c_609/><c_610 damage="50"/><c_611/><c_612 damage="50"/><c_613 damage="50"/><c_614 damage="50"/><c_615 damage="50"/><c_616 damage="3"/><c_617 damage="3"/><c_618 damage="3"/><c_619 damage="2"/><c_620 damage="3"/><c_621 damage="2"/><c_622 damage="50"/><c_623 damage="50"/><c_624 damage="50"/><c_625 damage="50"/><c_626 damage="50"/><c_627 damage="50"/><c_628 damage="50"/><c_629 damage="50"/><c_630/><c_631/><c_632/><c_633/><c_634/><c_635 damage="50"/><c_636 damage="50"/><c_637 damage="50"/><c_638 damage="50"/><c_639/><c_640/><c_641/><c_642/><c_643/><c_644/><c_645/><c_646/><c_647/><c_648/><c_649/><c_650/><c_651/><c_652/><c_653/><c_654/><c_655/><c_656/><c_657/><c_658/><c_659/><c_660/><c_661/><c_662/><c_663/><c_664/><c_665/><c_666/><c_667/><c_668/><c_669/><c_670/><c_671/><c_672/><c_673/><c_674/><c_675/><c_676/><c_677/><c_678/><c_679/><c_680/><c_681/><c_682/><c_683/><c_684/><c_685/><c_686/><c_687/><c_688/><c_689/><c_690/><c_691/><c_692/><c_693/><c_694/><c_695/><c_696/><c_697 prop_rot="6.030903" prop_vel="0.000007" render_rotation_vel="0.000007" active_rotors="4294967280"><x_axis_value/><y_axis_value/><torque_value demand="0.000007" flow="0.072552"/><torque_value_2/></c_697><c_698 damage="50"/><c_699 damage="2"/><c_700 damage="2"/><c_701 damage="2"/><c_702 damage="2"/><c_703 damage="2"/><c_704 damage="2"/><c_705 damage="2"/><c_706 damage="2"/><c_707 damage="1"/><c_708 damage="2"/><c_709 damage="2"/><c_710 damage="2"/><c_711/><c_712/><c_713/><c_714/><c_715/><c_716/><c_717/><c_718/><c_719/><c_720/><c_721/><c_722/><c_723/><c_724/><c_725/><c_726/><c_727/><c_728/><c_729/><c_730/><c_731 damage="2"/><c_732 damage="1"/><c_733 damage="1"/><c_734 damage="2"/><c_735 damage="2"/><c_736 damage="1"/><c_737 damage="1"/><c_738 damage="1"/><c_739 damage="1"/><c_740 damage="1"/><c_741 damage="2"/><c_742 damage="1"/><c_743 damage="1"/><c_744 damage="1"/><c_745/><c_746/><c_747 damage="1"/><c_748 prev_rotation="0" total_rotation="0"><input_1_axis/><input_bool_0/><input_bool_1/><output_float_0/><fluid/><electric/></c_748><c_749 prev_rotation="0" total_rotation="0"><input_1_axis/><input_bool_0/><input_bool_1/><output_float_0/><fluid/><electric/></c_749><c_750/><c_751/><c_752/><c_753/><c_754/><c_755/><c_756/><c_757/><c_758/><c_759/><c_760 damage="50"/><c_761 damage="50"/><c_762/><c_763/><c_764/><c_765/><c_766/><c_767/><c_768/><c_769/><c_770/><c_771/><c_772/><c_773/><c_774/><c_775/><c_776 damage="50"/><c_777 damage="50"/><c_778 damage="50"/><c_779 damage="50"/><c_780 damage="50"/><c_781 damage="50"/><c_782 damage="50"/><c_783 damage="50"/><c_784 damage="50"/><c_785 damage="50"/><c_786 damage="50"/><c_787 damage="50"/><c_788 damage="50"/><c_789 damage="50"/><c_790 damage="50"/><c_791 damage="50"/><c_792 damage="50"/><c_793 damage="50"/><c_794 damage="50"/><c_795 damage="50"/><c_796 damage="50"/><c_797 damage="50"/><c_798 damage="50"/><c_799 damage="50"/><c_800 damage="50"/><c_801 damage="50"/><c_802/><c_803/><c_804/><c_805/><c_806 damage="50"/><c_807 damage="50"/><c_808/><c_809/><c_810/><c_811/><c_812/><c_813/><c_814/><c_815/><c_816/><c_817/><c_818/><c_819/><c_820/><c_821/><c_822/><c_823 damage="1"/><c_824/><c_825/><c_826/><c_827/><c_828 damage="4"/><c_829 damage="3"/><c_830 damage="4"/><c_831 damage="3"/><c_832/><c_833/><c_834/><c_835/><c_836/><c_837/><c_838/><c_839 damage="50"/><c_840/><c_841/><c_842/><c_843/><c_844/><c_845 damage="50"/><c_846 damage="50"/><c_847 damage="50"/><c_848 damage="50"/><c_849 damage="50"/><c_850 damage="50"/><c_851 damage="50"/><c_852/><c_853/><c_854/><c_855/><c_856/><c_857/><c_858/><c_859/><c_860/><c_861 damage="50"/><c_862 damage="50"/><c_863 damage="50"/><c_864 damage="50"/><c_865 damage="50"/><c_866 damage="50"/><c_867 damage="50"/><c_868 damage="50"/><c_869 damage="50"/><c_870 damage="50"/><c_871 damage="50"/><c_872 damage="50"/><c_873 damage="50"/><c_874 damage="50"/><c_875 damage="50"/><c_876/><c_877/><c_878 damage="2"/><c_879 damage="1"/><c_880 damage="50" value="-0.474581" value="-0.474581" axis_input="-0.492799" value="-0.474581" axis_input="0.293349" value="-0.474581" axis_input="1" value="-0.474581" value="-0.474581" value="-0.474581" value="-0.474581"><output_0/><output_1 value="-0.474581"/><output_2 value="-0.170048"/><output_3 value="1"/><output_4/><output_5/><output_6/><output_7/><hotkey_0 value="true"/><hotkey_1/><hotkey_2/><hotkey_3/><hotkey_4/><hotkey_5/><hotkey_6/><hotkey_7/><hotkey_8/><hotkey_9/><hotkey_10/><hotkey_11/><hotkey_12/><hotkey_13/><hotkey_14/><hotkey_15/><hotkey_16/><hotkey_17/><hotkey_18/><hotkey_19/><hotkey_20/><hotkey_21/><hotkey_22/><hotkey_23/><hotkey_24/><hotkey_25/><hotkey_26/><hotkey_27/><hotkey_28/><hotkey_29/><hotkey_30/><hotkey_31/><hotkey_32/><hotkey_33/><hotkey_34/><hotkey_35/><hotkey_36/><hotkey_37/><hotkey_38/><hotkey_39/><hotkey_40/><hotkey_41/><hotkey_42/><hotkey_43/><hotkey_44/><hotkey_45/><hotkey_46/><hotkey_47/><look_0/><look_1/><output_trigger/><output_seated value="true"/><input_audio><value/></input_audio><output_audio><value/></output_audio></c_880><c_881 damage="50"><output_0/><output_1/><output_2/><output_3/><output_4/><output_5/><output_6/><output_7/><hotkey_0/><hotkey_1/><hotkey_2/><hotkey_3/><hotkey_4/><hotkey_5/><hotkey_6/><hotkey_7/><hotkey_8/><hotkey_9/><hotkey_10/><hotkey_11/><hotkey_12/><hotkey_13/><hotkey_14/><hotkey_15/><hotkey_16/><hotkey_17/><hotkey_18/><hotkey_19/><hotkey_20/><hotkey_21/><hotkey_22/><hotkey_23/><hotkey_24/><hotkey_25/><hotkey_26/><hotkey_27/><hotkey_28/><hotkey_29/><hotkey_30/><hotkey_31/><hotkey_32/><hotkey_33/><hotkey_34/><hotkey_35/><hotkey_36/><hotkey_37/><hotkey_38/><hotkey_39/><hotkey_40/><hotkey_41/><hotkey_42/><hotkey_43/><hotkey_44/><hotkey_45/><hotkey_46/><hotkey_47/><look_0/><look_1/><output_trigger/><output_seated/><input_audio><value/></input_audio><output_audio><value/></output_audio></c_881><c_882 damage="2"/><c_883 damage="2"/><c_884 damage="1"/><c_885 damage="1"/><c_886 damage="1"/><c_887 damage="1"/><c_888 damage="1"/><c_889 damage="1"/><c_890 damage="1"/><c_891 damage="50"/><c_892 damage="50"/><c_893 damage="50"/><c_894 damage="50"/><c_895 damage="50"/><c_896 damage="50"/><c_897 damage="50"/><c_898 damage="50"/><c_899 damage="50"/><c_900 damage="50"/><c_901 damage="50"/><c_902 damage="50"/><c_903 damage="50"/><c_904 damage="50"/><c_905 damage="50"/><c_906 damage="50"/><c_907 damage="50"/><c_908 damage="50"/><c_909/><c_910/><c_911 damage="50"/><c_912 damage="50"/><c_913 damage="50"/><c_914/><c_915 damage="50"/><c_916 damage="50"/><c_917 damage="50"/><c_918 damage="50"/><c_919 damage="50"/><c_920 damage="50"/><c_921 damage="50"/><c_922 damage="50"/><c_923 damage="50"/><c_924/><c_925 damage="50"/><c_926 damage="50"/><c_927 damage="50"/><c_928 damage="50"/><c_929 damage="50"/><c_930 damage="50"/><c_931 damage="50"/><c_932 damage="50"/><c_933 damage="50"/><c_934 damage="50"/><c_935 damage="50"/><c_936/><c_937/><c_938/><c_939/><c_940 damage="50"/><c_941/><c_942 damage="50"><input_bool_1/><output_bool_1/></c_942><c_943 damage="50"><input_bool_1/><output_bool_1/></c_943><c_944><input_bool_1/><output_bool_1/></c_944><c_945><input_bool_1/><output_bool_1/></c_945><c_946 damage="50"/><c_947 damage="50"/><c_948 damage="50"/><c_949 damage="50"/><c_950 damage="50"/><c_951 damage="50"/><c_952 damage="50"/><c_953 damage="50"/><c_954 damage="50"/><c_955 damage="50"><input_bool_1/><output_bool_1/></c_955><c_956 damage="50"><input_bool_1/><output_bool_1/></c_956><c_957 damage="50"><input_bool_1/><output_bool_1/></c_957><c_958 damage="50"><input_bool_1/><output_bool_1/></c_958><c_959 damage="50"/><c_960 damage="50"/><c_961 damage="50"/><c_962 damage="50"/><c_963 damage="50"/><c_964><input_bool_1/><output_bool_1/></c_964><c_965 damage="50"><input_bool_1/><output_bool_1/></c_965><c_966 damage="50"><input_bool_1/><output_bool_1/></c_966><c_967 damage="50"><input_bool_1/><output_bool_1/></c_967><c_968 damage="50"/><c_969/><c_970 damage="50"/><c_971 damage="50"/><c_972 damage="50"/><c_973/><c_974/><c_975 damage="50"/><c_976/><c_977 damage="50"><input_bool_1/><output_bool_1/></c_977><c_978 damage="50"><input_bool_1/><output_bool_1/></c_978><c_979><input_bool_1/><output_bool_1/></c_979><c_980><input_bool_1/><output_bool_1/></c_980><c_981 damage="50"><input_bool_1/><output_bool_1/></c_981><c_982 damage="50"><input_bool_1/><output_bool_1/></c_982><c_983 damage="50"><input_bool_1/><output_bool_1/></c_983><c_984 damage="50"><input_bool_1/><output_bool_1/></c_984><c_985 damage="50"><input_bool_1/><output_bool_1/></c_985><c_986 damage="50"><input_bool_1/><output_bool_1/></c_986><c_987 damage="50"><input_bool_1/><output_bool_1/></c_987><c_988 damage="50"><input_bool_1/><output_bool_1/></c_988><c_989/><c_990/><c_991/><c_992/><c_993/><c_994/><c_995/><c_996/><c_997/><c_998/><c_999/><c_1000/><c_1001/><c_1002/><c_1003/><c_1004/><c_1005/><c_1006/><c_1007/><c_1008/><c_1009/><c_1010/><c_1011/><c_1012/><c_1013/><c_1014/><c_1015/><c_1016/><c_1017/><c_1018/><c_1019/><c_1020/><c_1021/><c_1022/><c_1023 damage="2"/><c_1024 damage="1"/><c_1025 damage="1"/><c_1026 damage="1"/><c_1027 damage="1"/><c_1028 damage="1"/><c_1029 damage="1"/><c_1030 damage="1"/><c_1031 damage="1"/><c_1032 damage="1"/><c_1033 damage="1"/><c_1034 damage="1"/><c_1035 damage="2"/><c_1036 damage="1" input_float_1_val="0.000859"><input_bool_1/><input_bool_2/><input_float_1/><input_float_2/><input_float_3/><output_float_1/><output_float_2/><output_float_3/><output_float_4/><output_bool/><output_bool_2/><output_torque/><input_electric/><input_audio><value/></input_audio><output_audio><value/></output_audio></c_1036><c_1037 damage="2" input_float_1_val="1.270674"><input_bool_1/><input_bool_2/><input_float_1/><input_float_2/><input_float_3/><output_float_1/><output_float_2/><output_float_3/><output_float_4/><output_bool/><output_bool_2/><output_torque/><input_electric/><input_audio><value/></input_audio><output_audio><value/></output_audio></c_1037><c_1038 damage="1" input_float_1_val="0.002582" damage_counter="1"><input_bool_1/><input_bool_2/><input_float_1/><input_float_2/><input_float_3/><output_float_1 value="0.002582"/><output_float_2/><output_float_3/><output_float_4/><output_bool/><output_bool_2/><output_torque/><input_electric/><input_audio><value/></input_audio><output_audio><value/></output_audio></c_1038><c_1039 damage="2" input_float_1_val="1.190173"><input_bool_1/><input_bool_2/><input_float_1/><input_float_2/><input_float_3/><output_float_1/><output_float_2/><output_float_3/><output_float_4/><output_bool/><output_bool_2/><output_torque/><input_electric/><input_audio><value/></input_audio><output_audio><value/></output_audio></c_1039><c_1040 damage="50"/><c_1041 damage="50"/><c_1042 damage="50"/><c_1043 damage="50"/><c_1044 damage="50"/><c_1045 damage="50"/><c_1046 damage="50"/><c_1047 damage="50"/><c_1048 damage="50"/><c_1049 damage="50"/><c_1050 damage="50"/><c_1051 damage="50"/><c_1052 damage="50"/><c_1053 damage="50"/><c_1054 damage="50"/><c_1055 damage="50"/><c_1056/><c_1057/><c_1058/><c_1059/><c_1060/><c_1061/><c_1062/><c_1063/><c_1064/><c_1065/><c_1066/><c_1067/><c_1068/><c_1069/><c_1070 damage="50"/><c_1071 damage="50"/><c_1072/><c_1073/><c_1074/><c_1075/><c_1076/><c_1077><rope_slot/><output_composite><value/></output_composite><input_composite><value/></input_composite><output_bool/><input_bool/><input_electric/><input_fluid/><input_video><value/></input_video><output_video><value/></output_video><input_audio><value/></input_audio><output_audio><value/></output_audio><winch_down/><winch_up/><output_float/></c_1077><c_1078><rope_slot/><output_composite><value/></output_composite><input_composite><value/></input_composite><output_bool/><input_bool/><input_electric/><input_fluid/><input_video><value/></input_video><output_video><value/></output_video><input_audio><value/></input_audio><output_audio><value/></output_audio><winch_down/><winch_up/><output_float/></c_1078><c_1079/><c_1080/><c_1081/><c_1082/><c_1083/><c_1084/><c_1085/><c_1086/><c_1087/><c_1088/><c_1089/><c_1090/><c_1091/><c_1092/><c_1093/><c_1094/><c_1095/><c_1096/><c_1097/><c_1098/><c_1099 damage="1" output_float_val="5.749858" damage_counter="14"><input_bool_1/><input_bool_2/><input_float_1/><input_float_2/><input_float_3/><output_float_1/><output_float_2/><output_float_3/><output_float_4/><output_bool/><output_bool_2/><output_torque/><input_electric/><input_audio><value/></input_audio><output_audio><value/></output_audio></c_1099><c_1100 damage="50" input_float_1_val="2.636767"><input_bool_1/><input_bool_2/><input_float_1/><input_float_2/><input_float_3/><output_float_1/><output_float_2/><output_float_3/><output_float_4/><output_bool/><output_bool_2/><output_torque/><input_electric/><input_audio><value/></input_audio><output_audio><value/></output_audio></c_1100><c_1101><input_bool_1/><input_bool_2/><input_float_1/><input_float_2/><input_float_3/><output_float_1/><output_float_2/><output_float_3/><output_float_4/><output_bool/><output_bool_2/><output_torque/><input_electric/><input_audio><value/></input_audio><output_audio><value/></output_audio></c_1101><c_1102/><c_1103/><c_1104 damage="50"/><c_1105/><c_1106/><c_1107/><c_1108/><c_1109/><c_1110 damage="50"/><c_1111/><c_1112/><c_1113 damage="50"/><c_1114 damage="50"/><c_1115/><c_1116/><c_1117/><c_1118/><c_1119/><c_1120/><c_1121 damage="50" value_bool="true"><input_1_axis/><input_2_axis/><input_on_off editor_connected="1" value="true"/><electric/></c_1121><c_1122 damage="3"/><c_1123 damage="4"/><c_1124 damage="4"/><c_1125 damage="4"/><c_1126 damage="4"/><c_1127 damage="3"/><c_1128 damage="4"/><c_1129 damage="4"/><c_1130 damage="3"/><c_1131 damage="3"/><c_1132 damage="4"/><c_1133 damage="50"/><c_1134 damage="50"/><c_1135/><c_1136/><c_1137/><c_1138/><c_1139/><c_1140/><c_1141/><c_1142/><c_1143/><c_1144/><c_1145/><c_1146 damage="50"/><c_1147 damage="50"/><c_1148 damage="50"/><c_1149/><c_1150/><c_1151/><c_1152 damage="50"/><c_1153 damage="50"/><c_1154 damage="50"/><c_1155/><c_1156/><c_1157 damage="50"/><c_1158 damage="50"/><c_1159 damage="50"><input_bool_1/><input_bool_2/><input_float_1/><input_float_2/><input_float_3/><output_float_1/><output_float_2/><output_float_3/><output_float_4/><output_bool/><output_bool_2/><output_torque/><input_electric/><input_audio><value/></input_audio><output_audio><value/></output_audio></c_1159><c_1160 damage="50"><input_bool_1/><input_bool_2/><input_float_1/><input_float_2/><input_float_3/><output_float_1/><output_float_2/><output_float_3/><output_float_4/><output_bool/><output_bool_2/><output_torque/><input_electric/><input_audio><value/></input_audio><output_audio><value/></output_audio></c_1160><c_1161 damage="50"><input_bool_1/><input_bool_2/><input_float_1/><input_float_2/><input_float_3/><output_float_1/><output_float_2/><output_float_3/><output_float_4/><output_bool/><output_bool_2/><output_torque/><input_electric/><input_audio><value/></input_audio><output_audio><value/></output_audio></c_1161><c_1162 damage="50"><input_bool_1/><input_bool_2/><input_float_1/><input_float_2/><input_float_3/><output_float_1/><output_float_2/><output_float_3/><output_float_4/><output_bool/><output_bool_2/><output_torque/><input_electric/><input_audio><value/></input_audio><output_audio><value/></output_audio></c_1162><c_1163 damage="50"><input_bool_1/><input_bool_2/><input_float_1/><input_float_2/><input_float_3/><output_float_1/><output_float_2/><output_float_3/><output_float_4/><output_bool/><output_bool_2/><output_torque/><input_electric/><input_audio><value/></input_audio><output_audio><value/></output_audio></c_1163><c_1164 light_is_on="true"><input_value editor_connected="1"><value 01="0.38"/></input_value><output_value><value/></output_value><input_bool/><input_electric/></c_1164><c_1165 light_is_on="true"><input_value editor_connected="1"><value 01="0.38"/></input_value><output_value><value/></output_value><input_bool/><input_electric/></c_1165><c_1166/><c_1167/><c_1168 damage="1"/><c_1169 damage="1"/><c_1170/><c_1171/><c_1172><input_on_off/><input_electric/></c_1172><c_1173/><c_1174/><c_1175><input_on_off/><input_electric/></c_1175><c_1176 damage="50"/><c_1177 damage="50"/><c_1178 damage="3"/><c_1179 damage="50"/><c_1180 damage="50"/><c_1181 damage="50"/><c_1182 damage="50"/><c_1183 damage="50"/><c_1184 damage="50"/><c_1185 damage="50"/><c_1186 damage="50"/><c_1187/><c_1188 damage="50"/><c_1189 damage="50"/><c_1190/><c_1191/><c_1192/><c_1193/><c_1194/><c_1195/><c_1196/><c_1197/><c_1198/><c_1199/><c_1200/><c_1201/><c_1202/><c_1203/><c_1204/><c_1205/><c_1206/><c_1207/><c_1208/><c_1209/><c_1210/><c_1211/><c_1212/><c_1213/><c_1214/><c_1215/><c_1216/><c_1217/><c_1218/><c_1219/><c_1220/><c_1221/><c_1222/><c_1223/><c_1224/><c_1225/><c_1226/><c_1227/><c_1228/><c_1229/><c_1230/><c_1231/><c_1232/><c_1233/><c_1234 damage="50"/><c_1235 damage="50"/><c_1236 damage="50"/><c_1237/><c_1238/><c_1239/><c_1240/><c_1241/><c_1242/><c_1243 damage="50"/><c_1244/><c_1245/><c_1246/><c_1247/><c_1248/><c_1249/><c_1250 damage="50"/><c_1251 damage="50"/><c_1252 damage="50"/><c_1253 damage="50"/><c_1254 damage="50"/><c_1255 damage="50"/><c_1256 damage="50"/><c_1257/><c_1258 damage="50"/><c_1259 damage="50"/><c_1260 damage="50"/><c_1261 damage="50"/><c_1262/><c_1263 damage="50"/><c_1264 damage="50"/><c_1265 damage="50"/><c_1266 damage="50"><item_data item="11" uses="4"><color r="89" g="89" b="89"/></item_data><input_electric/></c_1266><c_1267><item_data item="11" uses="4"><color r="89" g="89" b="89"/></item_data><input_electric/></c_1267><c_1268 damage="50"><item_data item="10" oxygen="9"><color r="89" g="89" b="89"/></item_data><input_electric/></c_1268><c_1269 damage="50"/><c_1270 damage="50"/><c_1271 damage="50"/><c_1272 damage="50"/><c_1273 damage="50"/><c_1274 damage="50"/><c_1275 damage="50"/><c_1276 damage="50"/><c_1277 damage="50"/><c_1278/><c_1279/><c_1280/><c_1281/><c_1282/><c_1283/><c_1284/><c_1285/><c_1286/><c_1287/><c_1288 damage="50"/><c_1289 damage="50"/><c_1290/><c_1291/><c_1292/><c_1293/><c_1294/><c_1295/><c_1296/><c_1297><item_data item="13" uses="1"><color r="89" g="89" b="89"/></item_data><input_electric/></c_1297><c_1298 damage="50"><item_data item="14" uses="4"><color r="89" g="89" b="89"/></item_data><input_electric/></c_1298><c_1299 damage="50"><item_data item="15" oxygen="100"><color g="127" b="39"/></item_data><input_electric/></c_1299><c_1300/><c_1301/><c_1302/><c_1303/><c_1304/><c_1305/><c_1306><display_1/><display_2/><display_3/><display_4/><input_value><value/></input_value><output_value><value/></output_value><input_bool/><input_electric/></c_1306><c_1307 damage="50"><display_1/><display_2/><display_3/><display_4/><input_value><value/></input_value><output_value><value/></output_value><input_bool/><input_electric/></c_1307><c_1308/><c_1309/><c_1310 damage="50"><display_1/><display_2/><display_3/><display_4/><input_value><value/></input_value><output_value><value/></output_value><input_bool/><input_electric/></c_1310><c_1311 damage="50"><display_1/><display_2/><display_3/><display_4/><input_value><value/></input_value><output_value><value/></output_value><input_bool/><input_electric/></c_1311><c_1312/><c_1313 damage="4"><rope_slot/><output_composite><value/></output_composite><input_composite><value/></input_composite><output_bool/><input_bool/><input_electric/><input_fluid/><input_video><value/></input_video><output_video><value/></output_video><input_audio><value/></input_audio><output_audio><value/></output_audio><winch_down/><winch_up/><output_float/></c_1313><c_1314 damage="4"><rope_slot/><output_composite><value/></output_composite><input_composite><value/></input_composite><output_bool/><input_bool/><input_electric/><input_fluid/><input_video><value/></input_video><output_video><value/></output_video><input_audio><value/></input_audio><output_audio><value/></output_audio><winch_down/><winch_up/><output_float/></c_1314><c_1315/><c_1316/><c_1317/><c_1318/><c_1319 damage="50"><output_0/><output_1/><output_2/><output_3/><output_4/><output_5/><output_6/><output_7/><hotkey_0/><hotkey_1/><hotkey_2/><hotkey_3/><hotkey_4/><hotkey_5/><hotkey_6/><hotkey_7/><hotkey_8/><hotkey_9/><hotkey_10/><hotkey_11/><hotkey_12/><hotkey_13/><hotkey_14/><hotkey_15/><hotkey_16/><hotkey_17/><hotkey_18/><hotkey_19/><hotkey_20/><hotkey_21/><hotkey_22/><hotkey_23/><hotkey_24/><hotkey_25/><hotkey_26/><hotkey_27/><hotkey_28/><hotkey_29/><hotkey_30/><hotkey_31/><hotkey_32/><hotkey_33/><hotkey_34/><hotkey_35/><hotkey_36/><hotkey_37/><hotkey_38/><hotkey_39/><hotkey_40/><hotkey_41/><hotkey_42/><hotkey_43/><hotkey_44/><hotkey_45/><hotkey_46/><hotkey_47/><look_0/><look_1/><output_trigger/><output_seated/><input_audio><value/></input_audio><output_audio><value/></output_audio></c_1319><c_1320 damage="50"><microprocessor_definition><group><component_states/><component_bridge_states/><group_states/></group></microprocessor_definition></c_1320><c_1321 damage="50"><input_bool_1/><output_bool_1/></c_1321><c_1322 damage="50"><input_bool_1/><output_bool_1/></c_1322><c_1323 damage="50"><microprocessor_definition><group><component_states/><component_bridge_states/><group_states/></group></microprocessor_definition></c_1323><c_1324 damage="50"><output_0/><output_1/><output_2/><output_3/><output_4/><output_5/><output_6/><output_7/><hotkey_0/><hotkey_1/><hotkey_2/><hotkey_3/><hotkey_4/><hotkey_5/><hotkey_6/><hotkey_7/><hotkey_8/><hotkey_9/><hotkey_10/><hotkey_11/><hotkey_12/><hotkey_13/><hotkey_14/><hotkey_15/><hotkey_16/><hotkey_17/><hotkey_18/><hotkey_19/><hotkey_20/><hotkey_21/><hotkey_22/><hotkey_23/><hotkey_24/><hotkey_25/><hotkey_26/><hotkey_27/><hotkey_28/><hotkey_29/><hotkey_30/><hotkey_31/><hotkey_32/><hotkey_33/><hotkey_34/><hotkey_35/><hotkey_36/><hotkey_37/><hotkey_38/><hotkey_39/><hotkey_40/><hotkey_41/><hotkey_42/><hotkey_43/><hotkey_44/><hotkey_45/><hotkey_46/><hotkey_47/><look_0/><look_1/><output_trigger/><output_seated/><input_audio><value/></input_audio><output_audio><value/></output_audio></c_1324><c_1325 damage="50"><microprocessor_definition><group><component_states/><component_bridge_states/><group_states/></group></microprocessor_definition></c_1325><c_1326 damage="50"><input_bool_1/><output_bool_1/></c_1326><c_1327 damage="50"><input_bool_1/><output_bool_1/></c_1327><c_1328 damage="50"><microprocessor_definition><group><component_states/><component_bridge_states/><group_states/></group></microprocessor_definition></c_1328><c_1329 damage="50"><output_0/><output_1/><output_2/><output_3/><output_4/><output_5/><output_6/><output_7/><hotkey_0/><hotkey_1/><hotkey_2/><hotkey_3/><hotkey_4/><hotkey_5/><hotkey_6/><hotkey_7/><hotkey_8/><hotkey_9/><hotkey_10/><hotkey_11/><hotkey_12/><hotkey_13/><hotkey_14/><hotkey_15/><hotkey_16/><hotkey_17/><hotkey_18/><hotkey_19/><hotkey_20/><hotkey_21/><hotkey_22/><hotkey_23/><hotkey_24/><hotkey_25/><hotkey_26/><hotkey_27/><hotkey_28/><hotkey_29/><hotkey_30/><hotkey_31/><hotkey_32/><hotkey_33/><hotkey_34/><hotkey_35/><hotkey_36/><hotkey_37/><hotkey_38/><hotkey_39/><hotkey_40/><hotkey_41/><hotkey_42/><hotkey_43/><hotkey_44/><hotkey_45/><hotkey_46/><hotkey_47/><look_0/><look_1/><output_trigger/><output_seated/><input_audio><value/></input_audio><output_audio><value/></output_audio></c_1329><c_1330 damage="50"><microprocessor_definition><group><component_states/><component_bridge_states/><group_states/></group></microprocessor_definition></c_1330><c_1331 damage="50"><input_bool_1/><output_bool_1/></c_1331><c_1332 damage="50"><input_bool_1/><output_bool_1/></c_1332><c_1333 damage="50"><microprocessor_definition><group><component_states/><component_bridge_states/><group_states/></group></microprocessor_definition></c_1333><c_1334 damage="50"><output_0/><output_1/><output_2/><output_3/><output_4/><output_5/><output_6/><output_7/><hotkey_0/><hotkey_1/><hotkey_2/><hotkey_3/><hotkey_4/><hotkey_5/><hotkey_6/><hotkey_7/><hotkey_8/><hotkey_9/><hotkey_10/><hotkey_11/><hotkey_12/><hotkey_13/><hotkey_14/><hotkey_15/><hotkey_16/><hotkey_17/><hotkey_18/><hotkey_19/><hotkey_20/><hotkey_21/><hotkey_22/><hotkey_23/><hotkey_24/><hotkey_25/><hotkey_26/><hotkey_27/><hotkey_28/><hotkey_29/><hotkey_30/><hotkey_31/><hotkey_32/><hotkey_33/><hotkey_34/><hotkey_35/><hotkey_36/><hotkey_37/><hotkey_38/><hotkey_39/><hotkey_40/><hotkey_41/><hotkey_42/><hotkey_43/><hotkey_44/><hotkey_45/><hotkey_46/><hotkey_47/><look_0/><look_1/><output_trigger/><output_seated/><input_audio><value/></input_audio><output_audio><value/></output_audio></c_1334><c_1335 damage="50"><microprocessor_definition><group><component_states/><component_bridge_states/><group_states/></group></microprocessor_definition></c_1335><c_1336 damage="50"><input_bool_1/><output_bool_1/></c_1336><c_1337 damage="50"><input_bool_1/><output_bool_1/></c_1337><c_1338 damage="50"><microprocessor_definition><group><component_states/><component_bridge_states/><group_states/></group></microprocessor_definition></c_1338><c_1339 damage="50"><output_0/><output_1/><output_2/><output_3/><output_4/><output_5/><output_6/><output_7/><hotkey_0/><hotkey_1/><hotkey_2/><hotkey_3/><hotkey_4/><hotkey_5/><hotkey_6/><hotkey_7/><hotkey_8/><hotkey_9/><hotkey_10/><hotkey_11/><hotkey_12/><hotkey_13/><hotkey_14/><hotkey_15/><hotkey_16/><hotkey_17/><hotkey_18/><hotkey_19/><hotkey_20/><hotkey_21/><hotkey_22/><hotkey_23/><hotkey_24/><hotkey_25/><hotkey_26/><hotkey_27/><hotkey_28/><hotkey_29/><hotkey_30/><hotkey_31/><hotkey_32/><hotkey_33/><hotkey_34/><hotkey_35/><hotkey_36/><hotkey_37/><hotkey_38/><hotkey_39/><hotkey_40/><hotkey_41/><hotkey_42/><hotkey_43/><hotkey_44/><hotkey_45/><hotkey_46/><hotkey_47/><look_0/><look_1/><output_trigger/><output_seated/><input_audio><value/></input_audio><output_audio><value/></output_audio></c_1339><c_1340 damage="50"><microprocessor_definition><group><component_states/><component_bridge_states/><group_states/></group></microprocessor_definition></c_1340><c_1341 damage="50"><input_bool_1/><output_bool_1/></c_1341><c_1342 damage="50"><input_bool_1/><output_bool_1/></c_1342><c_1343 damage="50"><microprocessor_definition><group><component_states/><component_bridge_states/><group_states/></group></microprocessor_definition></c_1343><c_1344 damage="50"><output_0/><output_1/><output_2/><output_3/><output_4/><output_5/><output_6/><output_7/><hotkey_0/><hotkey_1/><hotkey_2/><hotkey_3/><hotkey_4/><hotkey_5/><hotkey_6/><hotkey_7/><hotkey_8/><hotkey_9/><hotkey_10/><hotkey_11/><hotkey_12/><hotkey_13/><hotkey_14/><hotkey_15/><hotkey_16/><hotkey_17/><hotkey_18/><hotkey_19/><hotkey_20/><hotkey_21/><hotkey_22/><hotkey_23/><hotkey_24/><hotkey_25/><hotkey_26/><hotkey_27/><hotkey_28/><hotkey_29/><hotkey_30/><hotkey_31/><hotkey_32/><hotkey_33/><hotkey_34/><hotkey_35/><hotkey_36/><hotkey_37/><hotkey_38/><hotkey_39/><hotkey_40/><hotkey_41/><hotkey_42/><hotkey_43/><hotkey_44/><hotkey_45/><hotkey_46/><hotkey_47/><look_0/><look_1/><output_trigger/><output_seated/><input_audio><value/></input_audio><output_audio><value/></output_audio></c_1344><c_1345 damage="50"><microprocessor_definition><group><component_states/><component_bridge_states/><group_states/></group></microprocessor_definition></c_1345><c_1346><input_bool_1/><output_bool_1/></c_1346><c_1347 damage="50"><input_bool_1/><output_bool_1/></c_1347><c_1348 damage="50"><microprocessor_definition><group><component_states/><component_bridge_states/><group_states/></group></microprocessor_definition></c_1348><c_1349 damage="50"><output_0/><output_1/><output_2/><output_3/><output_4/><output_5/><output_6/><output_7/><hotkey_0/><hotkey_1/><hotkey_2/><hotkey_3/><hotkey_4/><hotkey_5/><hotkey_6/><hotkey_7/><hotkey_8/><hotkey_9/><hotkey_10/><hotkey_11/><hotkey_12/><hotkey_13/><hotkey_14/><hotkey_15/><hotkey_16/><hotkey_17/><hotkey_18/><hotkey_19/><hotkey_20/><hotkey_21/><hotkey_22/><hotkey_23/><hotkey_24/><hotkey_25/><hotkey_26/><hotkey_27/><hotkey_28/><hotkey_29/><hotkey_30/><hotkey_31/><hotkey_32/><hotkey_33/><hotkey_34/><hotkey_35/><hotkey_36/><hotkey_37/><hotkey_38/><hotkey_39/><hotkey_40/><hotkey_41/><hotkey_42/><hotkey_43/><hotkey_44/><hotkey_45/><hotkey_46/><hotkey_47/><look_0/><look_1/><output_trigger/><output_seated/><input_audio><value/></input_audio><output_audio><value/></output_audio></c_1349><c_1350 damage="50"><microprocessor_definition><group><component_states/><component_bridge_states/><group_states/></group></microprocessor_definition></c_1350><c_1351 damage="50"><input_bool_1/><output_bool_1/></c_1351><c_1352 damage="50"><input_bool_1/><output_bool_1/></c_1352><c_1353 damage="50"><microprocessor_definition><group><component_states/><component_bridge_states/><group_states/></group></microprocessor_definition></c_1353><c_1354 damage="50"><output_0/><output_1/><output_2/><output_3/><output_4/><output_5/><output_6/><output_7/><hotkey_0/><hotkey_1/><hotkey_2/><hotkey_3/><hotkey_4/><hotkey_5/><hotkey_6/><hotkey_7/><hotkey_8/><hotkey_9/><hotkey_10/><hotkey_11/><hotkey_12/><hotkey_13/><hotkey_14/><hotkey_15/><hotkey_16/><hotkey_17/><hotkey_18/><hotkey_19/><hotkey_20/><hotkey_21/><hotkey_22/><hotkey_23/><hotkey_24/><hotkey_25/><hotkey_26/><hotkey_27/><hotkey_28/><hotkey_29/><hotkey_30/><hotkey_31/><hotkey_32/><hotkey_33/><hotkey_34/><hotkey_35/><hotkey_36/><hotkey_37/><hotkey_38/><hotkey_39/><hotkey_40/><hotkey_41/><hotkey_42/><hotkey_43/><hotkey_44/><hotkey_45/><hotkey_46/><hotkey_47/><look_0/><look_1/><output_trigger/><output_seated/><input_audio><value/></input_audio><output_audio><value/></output_audio></c_1354><c_1355 damage="50"><microprocessor_definition><group><component_states/><component_bridge_states/><group_states/></group></microprocessor_definition></c_1355><c_1356 damage="50"><input_bool_1/><output_bool_1/></c_1356><c_1357 damage="50"><input_bool_1/><output_bool_1/></c_1357><c_1358 damage="50"><microprocessor_definition><group><component_states/><component_bridge_states/><group_states/></group></microprocessor_definition></c_1358><c_1359 damage="50"><output_0/><output_1/><output_2/><output_3/><output_4/><output_5/><output_6/><output_7/><hotkey_0/><hotkey_1/><hotkey_2/><hotkey_3/><hotkey_4/><hotkey_5/><hotkey_6/><hotkey_7/><hotkey_8/><hotkey_9/><hotkey_10/><hotkey_11/><hotkey_12/><hotkey_13/><hotkey_14/><hotkey_15/><hotkey_16/><hotkey_17/><hotkey_18/><hotkey_19/><hotkey_20/><hotkey_21/><hotkey_22/><hotkey_23/><hotkey_24/><hotkey_25/><hotkey_26/><hotkey_27/><hotkey_28/><hotkey_29/><hotkey_30/><hotkey_31/><hotkey_32/><hotkey_33/><hotkey_34/><hotkey_35/><hotkey_36/><hotkey_37/><hotkey_38/><hotkey_39/><hotkey_40/><hotkey_41/><hotkey_42/><hotkey_43/><hotkey_44/><hotkey_45/><hotkey_46/><hotkey_47/><look_0/><look_1/><output_trigger/><output_seated/><input_audio><value/></input_audio><output_audio><value/></output_audio></c_1359><c_1360 damage="50"><microprocessor_definition><group><component_states/><component_bridge_states/><group_states/></group></microprocessor_definition></c_1360><c_1361 damage="50"><input_bool_1/><output_bool_1/></c_1361><c_1362 damage="50"><input_bool_1/><output_bool_1/></c_1362><c_1363 damage="50"><microprocessor_definition><group><component_states/><component_bridge_states/><group_states/></group></microprocessor_definition></c_1363><c_1364 damage="50"><output_0/><output_1/><output_2/><output_3/><output_4/><output_5/><output_6/><output_7/><hotkey_0/><hotkey_1/><hotkey_2/><hotkey_3/><hotkey_4/><hotkey_5/><hotkey_6/><hotkey_7/><hotkey_8/><hotkey_9/><hotkey_10/><hotkey_11/><hotkey_12/><hotkey_13/><hotkey_14/><hotkey_15/><hotkey_16/><hotkey_17/><hotkey_18/><hotkey_19/><hotkey_20/><hotkey_21/><hotkey_22/><hotkey_23/><hotkey_24/><hotkey_25/><hotkey_26/><hotkey_27/><hotkey_28/><hotkey_29/><hotkey_30/><hotkey_31/><hotkey_32/><hotkey_33/><hotkey_34/><hotkey_35/><hotkey_36/><hotkey_37/><hotkey_38/><hotkey_39/><hotkey_40/><hotkey_41/><hotkey_42/><hotkey_43/><hotkey_44/><hotkey_45/><hotkey_46/><hotkey_47/><look_0/><look_1/><output_trigger/><output_seated/><input_audio><value/></input_audio><output_audio><value/></output_audio></c_1364><c_1365 damage="50"><microprocessor_definition><group><component_states/><component_bridge_states/><group_states/></group></microprocessor_definition></c_1365><c_1366 damage="50"><input_bool_1/><output_bool_1/></c_1366><c_1367 damage="50"><input_bool_1/><output_bool_1/></c_1367><c_1368 damage="50"><microprocessor_definition><group><component_states/><component_bridge_states/><group_states/></group></microprocessor_definition></c_1368><c_1369 damage="50"><output_0/><output_1/><output_2/><output_3/><output_4/><output_5/><output_6/><output_7/><hotkey_0/><hotkey_1/><hotkey_2/><hotkey_3/><hotkey_4/><hotkey_5/><hotkey_6/><hotkey_7/><hotkey_8/><hotkey_9/><hotkey_10/><hotkey_11/><hotkey_12/><hotkey_13/><hotkey_14/><hotkey_15/><hotkey_16/><hotkey_17/><hotkey_18/><hotkey_19/><hotkey_20/><hotkey_21/><hotkey_22/><hotkey_23/><hotkey_24/><hotkey_25/><hotkey_26/><hotkey_27/><hotkey_28/><hotkey_29/><hotkey_30/><hotkey_31/><hotkey_32/><hotkey_33/><hotkey_34/><hotkey_35/><hotkey_36/><hotkey_37/><hotkey_38/><hotkey_39/><hotkey_40/><hotkey_41/><hotkey_42/><hotkey_43/><hotkey_44/><hotkey_45/><hotkey_46/><hotkey_47/><look_0/><look_1/><output_trigger/><output_seated/><input_audio><value/></input_audio><output_audio><value/></output_audio></c_1369><c_1370 damage="50"><microprocessor_definition><group><component_states/><component_bridge_states/><group_states/></group></microprocessor_definition></c_1370><c_1371 damage="50"><input_bool_1/><output_bool_1/></c_1371><c_1372 damage="50"><input_bool_1/><output_bool_1/></c_1372><c_1373 damage="50"><microprocessor_definition><group><component_states/><component_bridge_states/><group_states/></group></microprocessor_definition></c_1373><c_1374 damage="50"><output_0/><output_1/><output_2/><output_3/><output_4/><output_5/><output_6/><output_7/><hotkey_0/><hotkey_1/><hotkey_2/><hotkey_3/><hotkey_4/><hotkey_5/><hotkey_6/><hotkey_7/><hotkey_8/><hotkey_9/><hotkey_10/><hotkey_11/><hotkey_12/><hotkey_13/><hotkey_14/><hotkey_15/><hotkey_16/><hotkey_17/><hotkey_18/><hotkey_19/><hotkey_20/><hotkey_21/><hotkey_22/><hotkey_23/><hotkey_24/><hotkey_25/><hotkey_26/><hotkey_27/><hotkey_28/><hotkey_29/><hotkey_30/><hotkey_31/><hotkey_32/><hotkey_33/><hotkey_34/><hotkey_35/><hotkey_36/><hotkey_37/><hotkey_38/><hotkey_39/><hotkey_40/><hotkey_41/><hotkey_42/><hotkey_43/><hotkey_44/><hotkey_45/><hotkey_46/><hotkey_47/><look_0/><look_1/><output_trigger/><output_seated/><input_audio><value/></input_audio><output_audio><value/></output_audio></c_1374><c_1375 damage="50"><microprocessor_definition><group><component_states/><component_bridge_states/><group_states/></group></microprocessor_definition></c_1375><c_1376 damage="50"><input_bool_1/><output_bool_1/></c_1376><c_1377 damage="50"><input_bool_1/><output_bool_1/></c_1377><c_1378 damage="50"><microprocessor_definition><group><component_states/><component_bridge_states/><group_states/></group></microprocessor_definition></c_1378><c_1379 damage="50"><output_0/><output_1/><output_2/><output_3/><output_4/><output_5/><output_6/><output_7/><hotkey_0/><hotkey_1/><hotkey_2/><hotkey_3/><hotkey_4/><hotkey_5/><hotkey_6/><hotkey_7/><hotkey_8/><hotkey_9/><hotkey_10/><hotkey_11/><hotkey_12/><hotkey_13/><hotkey_14/><hotkey_15/><hotkey_16/><hotkey_17/><hotkey_18/><hotkey_19/><hotkey_20/><hotkey_21/><hotkey_22/><hotkey_23/><hotkey_24/><hotkey_25/><hotkey_26/><hotkey_27/><hotkey_28/><hotkey_29/><hotkey_30/><hotkey_31/><hotkey_32/><hotkey_33/><hotkey_34/><hotkey_35/><hotkey_36/><hotkey_37/><hotkey_38/><hotkey_39/><hotkey_40/><hotkey_41/><hotkey_42/><hotkey_43/><hotkey_44/><hotkey_45/><hotkey_46/><hotkey_47/><look_0/><look_1/><output_trigger/><output_seated/><input_audio><value/></input_audio><output_audio><value/></output_audio></c_1379><c_1380 damage="50"><microprocessor_definition><group><component_states/><component_bridge_states/><group_states/></group></microprocessor_definition></c_1380><c_1381 damage="50"><input_bool_1/><output_bool_1/></c_1381><c_1382 damage="50"><input_bool_1/><output_bool_1/></c_1382><c_1383 damage="50"><microprocessor_definition><group><component_states/><component_bridge_states/><group_states/></group></microprocessor_definition></c_1383><c_1384 damage="50"><output_0/><output_1/><output_2/><output_3/><output_4/><output_5/><output_6/><output_7/><hotkey_0/><hotkey_1/><hotkey_2/><hotkey_3/><hotkey_4/><hotkey_5/><hotkey_6/><hotkey_7/><hotkey_8/><hotkey_9/><hotkey_10/><hotkey_11/><hotkey_12/><hotkey_13/><hotkey_14/><hotkey_15/><hotkey_16/><hotkey_17/><hotkey_18/><hotkey_19/><hotkey_20/><hotkey_21/><hotkey_22/><hotkey_23/><hotkey_24/><hotkey_25/><hotkey_26/><hotkey_27/><hotkey_28/><hotkey_29/><hotkey_30/><hotkey_31/><hotkey_32/><hotkey_33/><hotkey_34/><hotkey_35/><hotkey_36/><hotkey_37/><hotkey_38/><hotkey_39/><hotkey_40/><hotkey_41/><hotkey_42/><hotkey_43/><hotkey_44/><hotkey_45/><hotkey_46/><hotkey_47/><look_0/><look_1/><output_trigger/><output_seated/><input_audio><value/></input_audio><output_audio><value/></output_audio></c_1384><c_1385 damage="50"><microprocessor_definition><group><component_states/><component_bridge_states/><group_states/></group></microprocessor_definition></c_1385><c_1386 damage="50"><input_bool_1/><output_bool_1/></c_1386><c_1387 damage="50"><input_bool_1/><output_bool_1/></c_1387><c_1388 damage="50"><microprocessor_definition><group><component_states/><component_bridge_states/><group_states/></group></microprocessor_definition></c_1388><c_1389 damage="50"/><c_1390 damage="50"/><c_1391 damage="50"/><c_1392 damage="50"/><c_1393 damage="50"/><c_1394 damage="50"/><c_1395 damage="50"/><c_1396 damage="50"/><c_1397 damage="50"/><c_1398 damage="50"/><c_1399 damage="50"><input_on_off/><input_electric/></c_1399><c_1400 damage="50"><input_on_off/><input_electric/></c_1400><c_1401 damage="50"><input_on_off/><input_electric/></c_1401><c_1402 damage="50"/><c_1403 damage="50"/><c_1404 damage="50"/><c_1405 damage="50"/><c_1406 damage="50"/><c_1407 damage="50"/><c_1408 damage="50"/><c_1409 damage="50"/><c_1410 damage="50"/><c_1411 damage="50"/><c_1412 damage="50"/><c_1413 damage="50"/><c_1414 damage="50"><input_on_off/><input_electric/></c_1414><c_1415 damage="50"><input_on_off/><input_electric/></c_1415><c_1416 damage="50"><input_on_off/><input_electric/></c_1416><c_1417 damage="50"><input_on_off/><input_electric/></c_1417><c_1418 damage="50"><input_on_off/><input_electric/></c_1418><c_1419 damage="50"><input_on_off/><input_electric/></c_1419><c_1420 damage="50"><input_on_off/><input_electric/></c_1420><c_1421 damage="50"><input_on_off/><input_electric/></c_1421><c_1422 damage="50"><input_on_off/><input_electric/></c_1422><c_1423 damage="50"><input_on_off/><input_electric/></c_1423><c_1424 damage="50"><input_on_off/><input_electric/></c_1424><c_1425 damage="50"><input_on_off/><input_electric/></c_1425><c_1426 damage="50"><input_on_off/><input_electric/></c_1426><c_1427 damage="50"><input_on_off/><input_electric/></c_1427><c_1428 damage="50"><input_on_off/><input_electric/></c_1428><c_1429 damage="50"><input_on_off/><input_electric/></c_1429><c_1430 damage="50"><input_on_off/><input_electric/></c_1430><c_1431 damage="50"><input_on_off/><input_electric/></c_1431><c_1432 damage="50"><input_on_off/><input_electric/></c_1432><c_1433 damage="50"><input_on_off/><input_electric/></c_1433><c_1434 damage="50"><input_on_off/><input_electric/></c_1434><c_1435 damage="50"><input_on_off/><input_electric/></c_1435><c_1436 damage="50"><input_on_off/><input_electric/></c_1436><c_1437 damage="50"><input_on_off/><input_electric/></c_1437><c_1438 damage="50"><input_on_off/><input_electric/></c_1438><c_1439 damage="50"><input_on_off/><input_electric/></c_1439><c_1440 damage="50"><input_on_off/><input_electric/></c_1440><c_1441 damage="50"><input_on_off/><input_electric/></c_1441><c_1442 damage="50"><input_on_off/><input_electric/></c_1442><c_1443 damage="50"><input_on_off/><input_electric/></c_1443><c_1444 damage="50"><input_on_off/><input_electric/></c_1444><c_1445 damage="50"><input_on_off/><input_electric/></c_1445><c_1446 damage="50"><input_on_off/><input_electric/></c_1446><c_1447 damage="50"><input_on_off/><input_electric/></c_1447><c_1448 damage="50"><input_on_off/><input_electric/></c_1448><c_1449 damage="50"><input_on_off/><input_electric/></c_1449><c_1450 damage="50"><input_on_off/><input_electric/></c_1450><c_1451 damage="50"><input_on_off/><input_electric/></c_1451><c_1452 damage="50"><input_on_off/><input_electric/></c_1452><c_1453 damage="50"><input_on_off/><input_electric/></c_1453><c_1454 damage="50"><input_on_off/><input_electric/></c_1454><c_1455 damage="50"><input_on_off/><input_electric/></c_1455><c_1456 damage="50"><input_on_off/><input_electric/></c_1456><c_1457 damage="50"><input_on_off/><input_electric/></c_1457><c_1458 damage="50"><input_on_off/><input_electric/></c_1458><c_1459 damage="50"/><c_1460 damage="50"/><c_1461 damage="50"/><c_1462 damage="50"/><c_1463/><c_1464/><c_1465/><c_1466/><c_1467/><c_1468/><c_1469/><c_1470 damage="50"/><c_1471 damage="50"/><c_1472 damage="50"/><c_1473 damage="50"/><c_1474 damage="50"/><c_1475 damage="50"/><c_1476/><c_1477/><c_1478/><c_1479 damage="50"/><c_1480 damage="50"/><c_1481 damage="50"/><c_1482 damage="50"/><c_1483 damage="50"/><c_1484 damage="50"/><c_1485 damage="50"/><c_1486 damage="50"/><c_1487 damage="50"/><c_1488 damage="50"/><c_1489 damage="50"/><c_1490 damage="50"/><c_1491 damage="50"/><c_1492 damage="50"/><c_1493/><c_1494/><c_1495/><c_1496/><c_1497 damage="50"/><c_1498 damage="50"/><c_1499 damage="50"/><c_1500 damage="50"/><c_1501 damage="50"/><c_1502 damage="50"/><c_1503 damage="50"/><c_1504 damage="50"/><c_1505 damage="50"/><c_1506 damage="50"/><c_1507 damage="50"/><c_1508 damage="50"/><c_1509 damage="50"/><c_1510 damage="50"/><c_1511 damage="50"/><c_1512 damage="50"/><c_1513 damage="50"/><c_1514 damage="50"/><c_1515 damage="50"/><c_1516 damage="50"/><c_1517 damage="50"/><c_1518 damage="50"><input_bool_1/><input_bool_2/><input_float_1/><input_float_2/><input_float_3/><output_float_1/><output_float_2/><output_float_3/><output_float_4/><output_bool/><output_bool_2/><output_torque/><input_electric/><input_audio><value/></input_audio><output_audio><value/></output_audio></c_1518><c_1519 damage="50"><input_bool_1/><output_bool_1/></c_1519><c_1520 damage="50"><input_bool_1/><output_bool_1/></c_1520><c_1521 damage="50"><input_bool_1/><output_bool_1/></c_1521><c_1522 damage="50"><input_bool_1/><output_bool_1/></c_1522><c_1523 damage="50" prop_rot="5.466847" prop_vel="0.000007" render_rotation_vel="0.000007" active_rotors="4294967264"><x_axis_value/><y_axis_value/><torque_value demand="0.000007" flow="0.072552"/><torque_value_2/></c_1523><c_1524 damage="50"/><c_1525 damage="50"/><c_1526 damage="50"/><c_1527 damage="50"/><c_1528 damage="50"/><c_1529 damage="50"/><c_1530 damage="50"/><c_1531 damage="50"/><c_1532 damage="50"/><c_1533 damage="50"/><c_1534/><c_1535/><c_1536/><c_1537/><c_1538/><c_1539/><c_1540/><c_1541/><c_1542/><c_1543/><c_1544/><c_1545/><c_1546/><c_1547/><c_1548/><c_1549/><c_1550/><c_1551><output_measure/><output_measure_2/><fluid_1/><fluid_2/><input_pivot/><input_pitch/><input_pitch_2/><input_electric/><torque_value/><contained_volume temp="13.472805"/><contained_volume_secondary temp="13.472805"/></c_1551><c_1552><output_measure/><output_measure_2/><fluid_1/><fluid_2/><input_pivot/><input_pitch/><input_pitch_2/><input_electric/><torque_value/><contained_volume temp="13.472805"/><contained_volume_secondary temp="13.472805"/></c_1552><c_1553 damage="50"/><c_1554 damage="50"/><c_1555 damage="50"/><c_1556 damage="50"/><c_1557 damage="50"/><c_1558 damage="50"/><c_1559 damage="50"/><c_1560 damage="50"/><c_1561 damage="50"/><c_1562 damage="50"><input_bool_1/><output_bool_1/></c_1562><c_1563 damage="50"><input_bool_1/><output_bool_1/></c_1563><c_1564 damage="50"><input_bool_1/><output_bool_1/></c_1564><c_1565 damage="50"><input_bool_1/><output_bool_1/></c_1565><c_1566 damage="50"/><c_1567 damage="50"/><c_1568 damage="50"/><c_1569 damage="50"/><c_1570 damage="50"/><c_1571 damage="50"/><c_1572 damage="50"/><c_1573 damage="50"/><c_1574 damage="50"/><c_1575 damage="50"/><c_1576 damage="50"/><c_1577 damage="50"/><c_1578 damage="50"/><c_1579 damage="50"/><c_1580 damage="50"/><c_1581 damage="50"/><c_1582 damage="50"/><c_1583 damage="50"/><c_1584 damage="50"><input_bool_1/><output_bool_1/></c_1584><c_1585 damage="50"><input_bool_1/><output_bool_1/></c_1585><c_1586 damage="50"><input_bool_1/><output_bool_1/></c_1586><c_1587 damage="50"><input_bool_1/><output_bool_1/></c_1587><c_1588 damage="50"/><c_1589 damage="50"/><c_1590 damage="50"/><c_1591 damage="50"/><c_1592 damage="50"/><c_1593 damage="50"/><c_1594 damage="50"/><c_1595 damage="50"/><c_1596 damage="50"/><c_1597 damage="50"/><c_1598 damage="50"/><c_1599 damage="50"/><c_1600/><c_1601 damage="50"/><c_1602 damage="50"/><c_1603/><c_1604/><c_1605/><c_1606 damage="50"/><c_1607 damage="50"/><c_1608 damage="50"/><c_1609 damage="50"/><c_1610 damage="50"/><c_1611 damage="50"/><c_1612 damage="50"/><c_1613 damage="50"/><c_1614 damage="50"/><c_1615 damage="50"/><c_1616 damage="50"/><c_1617 damage="50"/><c_1618 damage="50"/><c_1619 damage="50"/><c_1620 damage="50"/><c_1621 damage="50"/><c_1622/><c_1623 damage="50"/><c_1624 damage="4"><input_value/><input_electric/></c_1624><c_1625 light_is_on="true"><input_value editor_connected="1" value="true"/><input_electric/></c_1625><c_1626 light_is_on="true"><input_value editor_connected="1" value="true"/><input_electric/></c_1626><c_1627 damage="50"/><c_1628 damage="50"/><c_1629 damage="50"/><c_1630 damage="50"/><c_1631 damage="50"/><c_1632 damage="50"/><c_1633 damage="50"/><c_1634 damage="50"><input_value/><input_value_2/><output_press/><output_float/><output_float_2/><electric/></c_1634><c_1635 damage="50"/><c_1636 damage="50"/><c_1637 damage="50"/><c_1638 damage="50"/><c_1639 damage="50"/><c_1640 damage="50"/><c_1641 damage="50"/><c_1642 damage="50"/><c_1643 damage="50"/><c_1644 damage="50"/><c_1645 damage="50"/><c_1646 damage="50"/><c_1647 damage="50"/><c_1648 damage="50"/><c_1649 damage="50"/><c_1650 damage="50"/><c_1651 damage="50"/><c_1652 damage="50"/><c_1653 damage="50"/><c_1654 damage="50"/><c_1655 damage="50"/><c_1656 damage="50"/><c_1657 damage="50"/><c_1658 damage="50"/><c_1659 damage="50"/><c_1660 damage="50"/><c_1661 damage="50"/><c_1662 damage="50"/><c_1663 damage="50"/><c_1664 damage="50"><input_value/><input_value_2/><output_press/><output_float/><output_float_2/><electric/></c_1664><c_1665 damage="50"/><c_1666 damage="50"/><c_1667 damage="50"/><c_1668 damage="50"/><c_1669 damage="50"/><c_1670 damage="50"/><c_1671 damage="50"/><c_1672 damage="50"/><c_1673 damage="50"/><c_1674 damage="50"/><c_1675 damage="50"/><c_1676 damage="50"/><c_1677 damage="50"/><c_1678 damage="50"/><c_1679 damage="50"/><c_1680 damage="50"/><c_1681 damage="50"/><c_1682 damage="50"/><c_1683 damage="50"/><c_1684 damage="50"/><c_1685 damage="50"/><c_1686/><c_1687/><c_1688/><c_1689/><c_1690/><c_1691/><c_1692/><c_1693/><c_1694/><c_1695/><c_1696/><c_1697/><c_1698/><c_1699/><c_1700/><c_1701/><c_1702/><c_1703/><c_1704/><c_1705/><c_1706/><c_1707/><c_1708/><c_1709/><c_1710/><c_1711/><c_1712/><c_1713/><c_1714/><c_1715/><c_1716/><c_1717/><c_1718/><c_1719/><c_1720/><c_1721/><c_1722/><c_1723/><c_1724/><c_1725/><c_1726/><c_1727/><c_1728/><c_1729/><c_1730/><c_1731/><c_1732/><c_1733/><c_1734/><c_1735/><c_1736/><c_1737/><c_1738/><c_1739/><c_1740/><c_1741/><c_1742/><c_1743/><c_1744/><c_1745/><c_1746/><c_1747/><c_1748/><c_1749/><c_1750/><c_1751/><c_1752/><c_1753/><c_1754/><c_1755/><c_1756/><c_1757/><c_1758/><c_1759/><c_1760/><c_1761/><c_1762/><c_1763/><c_1764/><c_1765/><c_1766/><c_1767/><c_1768/><c_1769/><c_1770/><c_1771/><c_1772/><c_1773/><c_1774/><c_1775/><c_1776/><c_1777/><c_1778/><c_1779/><c_1780/><c_1781/><c_1782/><c_1783/><c_1784/><c_1785/><c_1786/><c_1787/><c_1788/><c_1789/><c_1790/><c_1791/><c_1792/><c_1793/><c_1794/><c_1795/><c_1796/><c_1797/><c_1798/><c_1799/><c_1800/><c_1801/><c_1802/><c_1803/><c_1804/><c_1805/><c_1806/><c_1807/><c_1808/><c_1809/><c_1810/><c_1811/><c_1812/><c_1813/><c_1814/><c_1815/><c_1816/><c_1817/><c_1818/><c_1819/><c_1820/><c_1821/><c_1822/><c_1823/><c_1824/><c_1825/><c_1826/><c_1827/><c_1828/><c_1829/><c_1830/><c_1831/><c_1832/><c_1833/><c_1834/><c_1835/><c_1836/><c_1837/><c_1838/><c_1839/><c_1840/><c_1841/><c_1842/><c_1843/><c_1844/><c_1845/><c_1846/><c_1847/><c_1848/><c_1849/><c_1850/><c_1851/><c_1852/><c_1853/><c_1854/><c_1855/><c_1856/><c_1857/><c_1858/><c_1859/><c_1860/><c_1861/><c_1862/><c_1863/><c_1864/><c_1865/><c_1866/><c_1867/><c_1868/><c_1869/><c_1870/><c_1871/><c_1872/><c_1873/><c_1874/><c_1875/><c_1876 damage="1"><electric/><video><value/></video><composite><value/></composite><active/></c_1876><c_1877 damage="1"><electric/><video><value/></video><composite><value/></composite><active/></c_1877><c_1878 damage="1"><electric/><video><value/></video><composite><value/></composite><active/></c_1878><c_1879 damage="1"><display_1/><display_2/><display_3/><display_4/><input_value><value/></input_value><output_value><value/></output_value><input_bool/><input_electric/></c_1879><c_1880 damage="1"><input_on_off/><input_electric/></c_1880><c_1881 damage="1"><input_on_off/><input_electric/></c_1881><c_1882 damage="1"><input_on_off/><input_electric/></c_1882><c_1883><input_on_off/><input_electric/></c_1883><c_1884 damage="50"><display_1/><display_2/><display_3/><display_4/><input_value><value/></input_value><output_value><value/></output_value><input_bool/><input_electric/></c_1884><c_1885 damage="1"><display_1/><display_2/><display_3/><display_4/><input_value><value/></input_value><output_value><value/></output_value><input_bool/><input_electric/></c_1885><c_1886/><c_1887 damage="1"/><c_1888 damage="1"/><c_1889 damage="1"/><c_1890/><c_1891 damage="1"/><c_1892 damage="1"/><c_1893 damage="1"/><c_1894/><c_1895 damage="1"/><c_1896 damage="1"/><c_1897 damage="1"/><c_1898 damage="2"/><c_1899 damage="1"/><c_1900 damage="2"/><c_1901 damage="1"><electric/><video><value/></video><composite><value/></composite><active/></c_1901><c_1902 damage="1"><electric/><video><value/></video><composite><value/></composite><active/></c_1902><c_1903 damage="1"><display_1/><display_2/><display_3/><display_4/><input_value><value/></input_value><output_value><value/></output_value><input_bool/><input_electric/></c_1903><c_1904 damage="1"><electric/><video><value/></video><composite><value/></composite><active/></c_1904><c_1905 damage="50"><display_1 val_float="10.13648"/><display_2 val_float="365.977264"/><display_3/><display_4 val_float="1"/><input_value editor_connected="1"><value 02="374.309082" 04="0"/></input_value><output_value><value 02="365.977264" 03="1" 04="10.13648"/></output_value><input_bool value="true"/><input_electric/></c_1905><c_1906 damage="1"/><c_1907 damage="1"/><c_1908 damage="1"/><c_1909 damage="2"/><c_1910 damage="1"/><c_1911 damage="2"/><c_1912 damage="1"/><c_1913 damage="2"/><c_1914 damage="1"/><c_1915 damage="2"/><c_1916 damage="2"/><c_1917 damage="2"/><c_1918 damage="4"/><c_1919 damage="3"/><c_1920 damage="2"/><c_1921 damage="2"/><c_1922 damage="2"/><c_1923 damage="2"/><c_1924 damage="2"/><c_1925 damage="2"/><c_1926 damage="1"/><c_1927 damage="1"/><c_1928 damage="2"/><c_1929 damage="2"/><c_1930 damage="1"/><c_1931 damage="1"/><c_1932 damage="2"/><c_1933 damage="2"/><c_1934 damage="1"/><c_1935 damage="1"/><c_1936 damage="1"/><c_1937 damage="1"/><c_1938 damage="1"/><c_1939 damage="1"/><c_1940 damage="1"/><c_1941 damage="2"/><c_1942 damage="1"/><c_1943 damage="1"/><c_1944 damage="1"/><c_1945 damage="2"/><c_1946 damage="2"/><c_1947 damage="1"/><c_1948 damage="1"/><c_1949 damage="1"/><c_1950 damage="1"/><c_1951 damage="2"/><c_1952 damage="1"/><c_1953 damage="1"/><c_1954 damage="1"/><c_1955 damage="2"/><c_1956 damage="2"/><c_1957 damage="1"/><c_1958 damage="1"/><c_1959 damage="1"/><c_1960 damage="1"/><c_1961 damage="2"/><c_1962 damage="1"/><c_1963 damage="1"/><c_1964 damage="1"/><c_1965 damage="2"/><c_1966 damage="2"/><c_1967 damage="3"/><c_1968 damage="2"/><c_1969 damage="2"/><c_1970 damage="2"/><c_1971 damage="2"/><c_1972 damage="2"/><c_1973 damage="2"/><c_1974 damage="1"/><c_1975 damage="2"/><c_1976 damage="2"/><c_1977 damage="2"/><c_1978 damage="2"/><c_1979 damage="2"/><c_1980 damage="2"/><c_1981 damage="2"/><c_1982 damage="3"/><c_1983 damage="2"/><c_1984 damage="2"/><c_1985 damage="2" prev_rotation="1.112329" total_rotation="1.112329"><input_1_axis/><input_bool_0/><input_bool_1/><output_float_0/><fluid/><electric/></c_1985><c_1986 damage="2"/><c_1987 damage="2"/><c_1988 damage="3"/><c_1989 damage="2"/><c_1990 damage="3"/><c_1991 damage="3"/><c_1992 damage="2"/><c_1993 damage="3"/><c_1994 damage="2"/><c_1995 damage="2"/><c_1996 damage="3"/><c_1997 damage="2"/><c_1998 damage="3"/><c_1999 damage="2"/><c_2000 damage="3"/><c_2001 damage="2"/><c_2002 damage="3"/><c_2003 damage="3"/><c_2004 damage="4"/><c_2005 damage="2"><1_axis/><bool_axis/><torque_value/><electric_a/><electric_b/></c_2005><c_2006 damage="2"><1_axis/><bool_axis/><torque_value/><electric_a/><electric_b/></c_2006><c_2007 damage="2"/><c_2008 damage="2"/><c_2009 damage="2"/><c_2010 damage="2"/><c_2011 damage="2"/><c_2012 damage="3"/><c_2013 damage="3"/><c_2014 damage="4"/><c_2015 damage="3"/><c_2016 damage="3"/><c_2017 damage="3"/><c_2018 damage="4"/><c_2019 damage="3"/><c_2020/><c_2021 damage="50"/><c_2022 damage="50"/><c_2023 damage="50"/><c_2024 damage="50"/><c_2025 damage="50"/><c_2026 damage="50"><input_value/><input_value_2/><output_press/><output_float/><output_float_2/><electric/></c_2026><c_2027 damage="50"/><c_2028 damage="50"/><c_2029 damage="50"/><c_2030/><c_2031/><c_2032/><c_2033 damage="50"/><c_2034 damage="50"><input_value/><input_value_2/><output_press/><output_float/><output_float_2/><electric/></c_2034><c_2035 damage="50"/><c_2036 damage="50"/><c_2037 damage="50"/><c_2038/><c_2039 damage="50"/><c_2040 damage="50"/><c_2041/><c_2042/><c_2043 damage="50"/><c_2044/><c_2045 damage="50"><display_1/><display_2/><display_3/><display_4/><input_value><value/></input_value><output_value><value/></output_value><input_bool/><input_electric/></c_2045><c_2046 damage="50"><display_1/><display_2/><display_3/><display_4/><input_value><value/></input_value><output_value><value/></output_value><input_bool/><input_electric/></c_2046><c_2047 damage="50"><display_1/><display_2/><display_3/><display_4/><input_value><value/></input_value><output_value><value/></output_value><input_bool/><input_electric/></c_2047><c_2048 damage="50"><display_1/><display_2/><display_3/><display_4/><input_value><value/></input_value><output_value><value/></output_value><input_bool/><input_electric/></c_2048><c_2049 damage="50"><display_1/><display_2/><display_3/><display_4/><input_value><value/></input_value><output_value><value/></output_value><input_bool/><input_electric/></c_2049><c_2050 damage="50"><display_1/><display_2/><display_3/><display_4/><input_value><value/></input_value><output_value><value/></output_value><input_bool/><input_electric/></c_2050><c_2051 damage="50"/><c_2052 damage="50"/><c_2053 damage="50"/><c_2054 damage="50"/><c_2055 damage="50"/><c_2056 damage="50"/><c_2057 damage="50"/><c_2058 damage="50"/><c_2059 damage="50"/><c_2060 damage="50"/><c_2061 damage="50"/><c_2062 damage="50"/><c_2063 damage="50"/><c_2064 damage="1"/><c_2065 damage="1"/><c_2066 damage="1"/><c_2067 damage="2"/><c_2068 damage="2"/><c_2069 damage="2"/><c_2070 damage="2"/><c_2071 damage="2"/><c_2072 damage="1"/><c_2073 damage="2"/><c_2074 damage="2"/><c_2075 damage="2"/><c_2076 damage="2"/><c_2077/><c_2078/><c_2079/><c_2080/><c_2081/><c_2082/><c_2083 damage="50"/><c_2084 damage="50"/><c_2085 damage="50" input_float_1_val="24.628132"><input_bool_1/><input_bool_2/><input_float_1/><input_float_2/><input_float_3/><output_float_1/><output_float_2/><output_float_3/><output_float_4/><output_bool/><output_bool_2/><output_torque/><input_electric/><input_audio><value/></input_audio><output_audio><value/></output_audio></c_2085><c_2086 damage="50"/><c_2087 damage="50"/><c_2088 damage="50"/><c_2089 damage="50"/><c_2090 damage="50"/><c_2091 damage="50"/><c_2092 damage="50"/><c_2093 damage="50"/><c_2094 damage="50"/><c_2095 damage="50"/><c_2096 damage="50"/><c_2097/><c_2098/><c_2099/><c_2100/><c_2101/><c_2102/><c_2103/><c_2104/><c_2105/><c_2106/><c_2107/><c_2108/><c_2109/><c_2110/><c_2111/><c_2112/><c_2113/><c_2114/><c_2115/><c_2116/><c_2117/><c_2118/><c_2119/><c_2120/><c_2121/><c_2122 light_is_on="true"><input_value editor_connected="1" value="true"/><input_electric/></c_2122><c_2123/><c_2124/><c_2125/><c_2126/><c_2127/><c_2128/><c_2129/><c_2130/><c_2131/><c_2132/><c_2133/><c_2134/><c_2135/><c_2136/><c_2137 damage="50"/><c_2138 damage="50"/><c_2139 damage="50"/><c_2140 damage="50"/><c_2141 damage="50"/><c_2142 damage="50"/><c_2143 damage="50"/><c_2144 damage="50"/><c_2145 damage="50"/><c_2146 damage="50"/><c_2147 damage="50"/><c_2148 damage="50"/><c_2149 damage="50"/><c_2150 damage="50"/><c_2151 damage="50"/><c_2152 damage="50"/><c_2153 damage="50"/><c_2154 damage="50"/><c_2155 damage="50"/><c_2156 damage="50"/><c_2157 damage="50"/><c_2158 damage="50"/><c_2159 damage="50"/><c_2160 damage="50"/><c_2161 damage="50"/><c_2162 damage="50"/><c_2163 damage="50"/><c_2164 damage="50"/><c_2165 damage="50"/><c_2166 damage="50"/><c_2167 damage="50"/><c_2168 damage="50"/><c_2169 damage="50"/><c_2170 damage="50"/><c_2171 damage="50"/><c_2172 damage="50"/><c_2173 damage="50"/><c_2174 damage="50"/><c_2175 damage="50"/><c_2176 damage="50"/><c_2177 damage="50"/><c_2178 damage="50"/><c_2179 damage="50"/><c_2180 damage="50"/><c_2181 damage="50"/><c_2182 damage="50"/><c_2183 damage="50"/><c_2184 damage="50"/><c_2185 damage="50"/><c_2186 damage="50"/><c_2187 damage="50"/><c_2188 damage="50"/><c_2189 damage="50"/><c_2190 damage="50"/><c_2191 damage="50"/><c_2192 damage="50"><electric/><video><value/></video><composite><value/></composite><active/></c_2192><c_2193 damage="50"><electric/><video><value/></video><composite><value/></composite><active/></c_2193><c_2194 damage="1"><input_value/><input_value_2/><output_press/><output_float/><output_float_2/><electric/></c_2194><c_2195 damage="50" value_f32="39.201317" value_bool="true"><input_1_axis editor_connected="1"/><input_2_axis/><input_on_off editor_connected="1" value="true"/><electric/></c_2195><c_2196 damage="50" value_f32="24.655024" value_bool="true"><input_1_axis editor_connected="1"/><input_2_axis/><input_on_off editor_connected="1" value="true"/><electric/></c_2196><c_2197/><c_2198 damage="50"/><c_2199 damage="50"/><c_2200 damage="50"/><c_2201 damage="50"/><c_2202 damage="50"/><c_2203 damage="50"/><c_2204 damage="50"/><c_2205 damage="50"/><c_2206 damage="50"/><c_2207 damage="50"/><c_2208 damage="50"/><c_2209 damage="50"/><c_2210 damage="50"/><c_2211 damage="50"/><c_2212 damage="50"/><c_2213 damage="50"/><c_2214 damage="50"/><c_2215 damage="50"/><c_2216/><c_2217 damage="50"/><c_2218 damage="50"/><c_2219 damage="50"/><c_2220 damage="50"/><c_2221 damage="50"/><c_2222 damage="50"/><c_2223 damage="50"/><c_2224 damage="50"/><c_2225 damage="50"/><c_2226 damage="50"/><c_2227 damage="50"/><c_2228 damage="50"/><c_2229 damage="50"/><c_2230 damage="50"/><c_2231 damage="50"/><c_2232 damage="50"/><c_2233 damage="50"/><c_2234 damage="50"/><c_2235 damage="50"/><c_2236 damage="50"/><c_2237 damage="50"/><c_2238 damage="50"/><c_2239 damage="50"/><c_2240 damage="50"/><c_2241 damage="50"/><c_2242 damage="50"/><c_2243 damage="50"/><c_2244 damage="50"/><c_2245 damage="50"/><c_2246 damage="50"/><c_2247 damage="50"/><c_2248 damage="50"/><c_2249 damage="50"/><c_2250 damage="50"/><c_2251 damage="50"/><c_2252 damage="50"/><c_2253 damage="50"/><c_2254 damage="50"/><c_2255 damage="50"/><c_2256 damage="50"/><c_2257 damage="50"/><c_2258 damage="50"/><c_2259 damage="50"/><c_2260 damage="50"/><c_2261 damage="50"/><c_2262 damage="50"/><c_2263 damage="50" air_in="-0" air_out="0" rps="0" rps_prev="0"><input_f32/><input_f32_2/><input_bool editor_connected="1" value="true"/><output_f32_1 value="0"/><output_f32_2/><output_f32_3 value="0"/><input_fluid/><electric/><torque/></c_2263><c_2264 damage="50" rps="0" rps_prev="0"><input_f32/><input_f32_2/><input_bool/><output_f32_1/><output_f32_2 value="0"/><output_f32_3/><input_fluid/><electric/><torque/></c_2264><c_2265 damage="50"/><c_2266 damage="50"/><c_2267 damage="50"/><c_2268 damage="50"/><c_2269 damage="50"/><c_2270 damage="50" spawner_pending="false"><output_measure value="186.809097"/><output_measure_2/><fluid_1 demand="0.000002"/><fluid_2/><input_pivot/><input_pitch/><input_pitch_2/><input_electric/><torque_value/><contained_volume vol_total="18.68091" temp="13.676797" vol_2="18.68091"/><contained_volume_secondary temp="13.472805"/></c_2270><c_2271 damage="50" spawner_pending="false"><output_measure value="187.5"/><output_measure_2/><fluid_1 demand="0.006736"/><fluid_2/><input_pivot/><input_pitch/><input_pitch_2/><input_electric/><torque_value/><contained_volume vol_total="18.75" temp="13.592028" vol_2="18.75"/><contained_volume_secondary temp="13.472805"/></c_2271><c_2272 damage="50"/><c_2273 damage="50"/><c_2274 damage="50"/><c_2275 damage="50"/><c_2276 damage="50"/><c_2277 damage="50"/><c_2278 damage="50"/><c_2279 damage="50"/><c_2280 damage="50"/><c_2281 damage="50"/><c_2282 damage="50"/><c_2283 damage="50"/><c_2284 damage="50"/><c_2285 damage="50"/><c_2286 damage="50"/><c_2287 damage="50"/><c_2288 damage="50"/><c_2289 damage="50"/><c_2290 damage="50"/><c_2291 damage="50"/><c_2292 damage="50"/><c_2293 damage="50"/><c_2294 damage="50"/><c_2295 damage="50"/><c_2296 damage="50"/><c_2297 damage="50"/><c_2298 damage="50"/><c_2299 damage="50"/><c_2300 damage="50"/><c_2301 damage="50"/><c_2302 damage="50"/><c_2303 damage="50"/><c_2304 damage="50"/><c_2305 damage="50"/><c_2306 damage="50"/><c_2307 damage="50"/><c_2308 damage="50"/><c_2309 damage="50"/><c_2310 damage="50"/><c_2311 damage="50"/><c_2312 damage="50"/><c_2313 damage="50"/><c_2314 damage="50"/><c_2315 damage="50"/><c_2316 damage="50"/><c_2317 damage="50"/><c_2318 damage="50"/><c_2319 damage="50"/><c_2320 damage="50"/><c_2321 damage="50"/><c_2322 damage="50"/><c_2323 damage="50"/><c_2324 damage="50"/><c_2325 damage="50"/><c_2326 damage="50"/><c_2327 damage="50"/><c_2328 damage="50"/><c_2329 damage="50"/><c_2330 damage="50"/><c_2331 damage="50"/><c_2332 damage="50"/><c_2333 damage="50"/><c_2334 damage="50"/><c_2335 damage="50"/><c_2336 damage="50"/><c_2337 damage="50"/><c_2338 damage="50"/><c_2339 damage="50"/><c_2340 damage="50"/><c_2341 damage="50"/><c_2342 damage="50"/><c_2343 damage="50"/><c_2344 damage="50"/><c_2345 damage="50"/><c_2346 damage="50"/><c_2347 damage="50"/><c_2348 damage="50"/><c_2349 damage="50"/><c_2350 damage="50"/><c_2351 damage="50"/><c_2352 damage="50"/><c_2353 damage="50"/><c_2354 damage="50"/><c_2355 damage="50"/><c_2356 damage="50"/><c_2357 damage="50"/><c_2358 damage="50"/><c_2359 damage="50"/><c_2360 damage="50"/><c_2361 damage="50"/><c_2362 damage="50"/><c_2363 damage="50"/><c_2364 damage="50"/><c_2365 damage="50"/><c_2366 damage="50"/><c_2367 damage="50"/><c_2368 damage="50"/><c_2369 damage="50"/><c_2370 damage="50"/><c_2371 damage="50"/><c_2372 damage="50"/><c_2373 damage="50"/><c_2374 damage="50"/><c_2375 damage="50"/><c_2376 damage="50"/><c_2377 damage="50"/><c_2378 damage="50"/><c_2379 damage="50"/><c_2380 damage="50"/><c_2381 damage="50"/><c_2382 damage="50"/><c_2383 damage="50"/><c_2384 damage="50"/><c_2385 damage="50"/><c_2386/><c_2387/><c_2388/><c_2389/><c_2390/><c_2391/><c_2392/><c_2393/><c_2394/><c_2395/><c_2396/><c_2397/><c_2398/><c_2399/><c_2400/><c_2401/><c_2402/><c_2403/><c_2404/><c_2405/><c_2406/><c_2407/><c_2408/><c_2409/><c_2410/><c_2411/><c_2412/><c_2413/><c_2414/><c_2415/><c_2416/><c_2417/><c_2418/><c_2419/><c_2420/><c_2421/><c_2422/><c_2423/><c_2424/><c_2425/><c_2426/><c_2427/><c_2428/><c_2429/><c_2430/><c_2431/><c_2432/><c_2433/><c_2434/><c_2435/><c_2436/><c_2437/><c_2438/><c_2439/><c_2440/><c_2441/><c_2442/><c_2443/><c_2444/><c_2445/><c_2446/><c_2447/><c_2448/><c_2449/><c_2450/><c_2451/><c_2452/><c_2453/><c_2454/><c_2455/><c_2456/><c_2457/><c_2458/><c_2459/><c_2460/><c_2461/><c_2462/><c_2463/><c_2464/><c_2465/><c_2466/><c_2467/><c_2468/><c_2469/><c_2470/><c_2471/><c_2472/><c_2473/><c_2474/><c_2475/><c_2476/><c_2477/><c_2478/><c_2479/><c_2480/><c_2481/><c_2482/><c_2483/><c_2484/><c_2485/><c_2486/><c_2487/><c_2488/><c_2489/><c_2490/><c_2491/><c_2492/><c_2493/><c_2494/><c_2495/><c_2496/><c_2497/><c_2498/><c_2499/><c_2500/><c_2501/><c_2502/><c_2503/><c_2504/><c_2505/><c_2506/><c_2507/><c_2508/><c_2509/><c_2510/><c_2511/><c_2512/><c_2513/><c_2514/><c_2515/><c_2516/><c_2517/><c_2518/><c_2519/><c_2520/><c_2521/><c_2522/><c_2523/><c_2524/><c_2525/><c_2526/><c_2527/><c_2528/><c_2529/><c_2530/><c_2531/><c_2532/><c_2533/><c_2534/><c_2535/><c_2536/><c_2537/><c_2538/><c_2539/><c_2540/><c_2541/><c_2542/><c_2543/><c_2544/><c_2545/><c_2546/><c_2547/><c_2548/><c_2549/><c_2550/><c_2551/><c_2552/><c_2553/><c_2554/><c_2555/><c_2556/><c_2557/><c_2558/><c_2559/><c_2560/><c_2561/><c_2562/><c_2563/><c_2564/><c_2565/><c_2566/><c_2567/><c_2568/><c_2569/><c_2570/><c_2571/><c_2572/><c_2573/><c_2574/><c_2575/><c_2576/><c_2577/><c_2578/><c_2579/><c_2580/><c_2581/><c_2582/><c_2583/><c_2584/><c_2585/><c_2586/><c_2587/><c_2588/><c_2589/><c_2590/><c_2591/><c_2592/><c_2593/><c_2594/><c_2595/><c_2596/><c_2597/><c_2598/><c_2599/><c_2600/><c_2601/><c_2602/><c_2603/><c_2604/><c_2605/><c_2606/><c_2607/><c_2608/><c_2609/><c_2610/><c_2611/><c_2612/><c_2613/><c_2614/><c_2615/><c_2616/><c_2617/><c_2618/><c_2619/><c_2620/><c_2621/><c_2622/><c_2623/><c_2624/><c_2625 damage="2"/><c_2626 damage="3"/><c_2627/><c_2628/><c_2629/><c_2630/><c_2631/><c_2632/><c_2633/><c_2634/><c_2635/><c_2636/><c_2637/><c_2638/><c_2639/><c_2640/><c_2641/><c_2642/><c_2643/><c_2644/><c_2645/><c_2646/><c_2647/><c_2648/><c_2649/><c_2650/><c_2651/><c_2652/><c_2653/><c_2654/><c_2655/><c_2656/><c_2657/><c_2658/><c_2659/><c_2660 damage="50"/><c_2661 damage="50"/><c_2662/><c_2663/><c_2664/><c_2665/><c_2666/><c_2667 damage="50"/><c_2668 damage="50"/><c_2669/><c_2670/><c_2671/><c_2672/><c_2673/><c_2674/><c_2675/><c_2676/><c_2677/><c_2678/><c_2679/><c_2680/><c_2681/><c_2682/><c_2683/><c_2684/><c_2685/><c_2686/><c_2687/><c_2688/><c_2689/><c_2690/><c_2691/><c_2692/><c_2693/><c_2694/><c_2695/><c_2696/><c_2697/><c_2698/><c_2699/><c_2700/><c_2701/><c_2702/><c_2703/><c_2704/><c_2705/><c_2706/><c_2707/><c_2708/><c_2709/><c_2710/><c_2711/><c_2712/><c_2713/><c_2714/><c_2715/><c_2716><input_x_value/><input_y_value value="-0.474581"/><input_z_value value="-0.170048"/><input_w_value value="1"/><output_x_value/><output_y_value/><output_z_value/><output_w_value/><input_bool_value value="true"/><electric/><axis_value y="-0.474581" z="-0.170048"/><vel_value x="0.137494" y="-2.478398" z="-1.056207"/></c_2716><c_2717/><c_2718/><c_2719/><c_2720/><c_2721/><c_2722/><c_2723/><c_2724/><c_2725/><c_2726/><c_2727/><c_2728/><c_2729/><c_2730/><c_2731/><c_2732 damage="50"/><c_2733 damage="50"/><c_2734 damage="50"/><c_2735 damage="50"/><c_2736 damage="50"/><c_2737 damage="50"/><c_2738 damage="50"/><c_2739 damage="50"><input_bool_1/><input_bool_2/><input_float_1/><input_float_2/><input_float_3/><output_float_1/><output_float_2/><output_float_3/><output_float_4/><output_bool/><output_bool_2/><output_torque/><input_electric/><input_audio><value/></input_audio><output_audio><value/></output_audio></c_2739><c_2740 damage="50"/><c_2741 damage="50"/><c_2742 damage="50"/><c_2743 damage="50"/><c_2744 damage="50"/><c_2745 damage="50"/><c_2746 damage="50"/><c_2747 damage="50"/><c_2748 damage="50"/><c_2749 damage="50"/><c_2750 damage="50"/><c_2751 damage="50"/><c_2752 damage="50"/><c_2753 damage="50"/><c_2754 damage="50"/><c_2755 damage="50" throttle="1" rotations_per_second="0"><1_axis editor_connected="1" value="2"/><bool_axis/><torque_value mass="60" demand="0" flow="0"/><electric_a/><electric_b/></c_2755><c_2756 damage="50"/><c_2757 damage="50"/><c_2758 damage="50"/><c_2759 damage="50"/><c_2760 damage="50"/><c_2761 damage="50"/><c_2762 damage="50"/><c_2763 damage="50"/><c_2764 damage="50"/><c_2765 damage="50"/><c_2766 damage="50"/><c_2767 damage="50"/><c_2768 damage="50"/><c_2769 damage="50"/><c_2770 damage="50"/><c_2771 damage="50"/><c_2772 damage="50"/><c_2773 damage="50"/><c_2774 damage="50"/><c_2775 damage="50"/><c_2776 damage="50"/><c_2777 damage="50"/><c_2778 damage="50"/><c_2779 damage="50"/><c_2780 damage="50"/><c_2781 damage="50"/><c_2782 damage="50" rotations_per_second="0.072543"><1_axis/><bool_axis/><torque_value mass="1" demand="0.072547" flow="0.072552"/><electric_a p_charge="0" p_capacity="0.1"/><electric_b/></c_2782><c_2783 damage="50" rotations_per_second="0.072543"><1_axis/><bool_axis/><torque_value mass="1" demand="0.072547" flow="0.072552"/><electric_a p_charge="0" p_capacity="0.1"/><electric_b/></c_2783><c_2784 damage="50"/><c_2785 damage="50"/><c_2786 damage="50"/><c_2787 damage="50"/><c_2788 damage="50"/><c_2789 damage="50"/><c_2790 damage="50"/><c_2791 damage="50"/><c_2792 damage="50"/><c_2793 damage="50"/><c_2794 damage="50"/><c_2795 damage="50"/><c_2796 damage="50"/><c_2797/><c_2798 damage="50"/><c_2799/><c_2800 damage="50"/><c_2801/><c_2802 damage="50"/><c_2803 input_bool_1_val="true" output_bool_val="true"><input_bool_1 editor_connected="1" value="true"/><input_bool_2 editor_connected="1"/><input_float_1/><input_float_2/><input_float_3/><output_float_1/><output_float_2/><output_float_3/><output_float_4/><output_bool value="true"/><output_bool_2/><output_torque/><input_electric/><input_audio><value/></input_audio><output_audio><value/></output_audio></c_2803><c_2804><input_bool_1 editor_connected="1"/><input_bool_2 editor_connected="1"/><input_float_1/><input_float_2/><input_float_3/><output_float_1/><output_float_2/><output_float_3/><output_float_4/><output_bool/><output_bool_2 value="true"/><output_torque/><input_electric/><input_audio><value/></input_audio><output_audio><value/></output_audio></c_2804><c_2805 damage="50"/><c_2806 damage="50"/><c_2807 damage="50"/><c_2808 damage="50" air_in="0" air_out="0" rps="0" rps_prev="0"><input_f32/><input_f32_2/><input_bool/><output_f32_1 value="0"/><output_f32_2/><output_f32_3 value="0"/><input_fluid/><electric p_charge="0" p_capacity="0.025"/><torque mass="160" demand="0" flow="0"/></c_2808><c_2809 damage="50"/><c_2810 damage="50"/><c_2811 damage="50"/><c_2812 damage="50"/><c_2813 damage="50"/><c_2814 damage="50"/><c_2815 damage="50"/><c_2816 damage="50"/><c_2817 damage="50"/><c_2818 damage="50"/><c_2819 damage="50"/><c_2820 damage="50" air_out="0" rps="0" rps_prev="0"><input_f32 value="1"/><input_f32_2/><input_bool/><output_f32_1 value="0"/><output_f32_2/><output_f32_3 value="0"/><input_fluid/><electric/><torque/></c_2820><c_2821 damage="3"/><c_2822 damage="3"/><c_2823 damage="2"/><c_2824 damage="3"/><c_2825 damage="3"/><c_2826 damage="3"/><c_2827 damage="3"/><c_2828 damage="3"/><c_2829 damage="3"/><c_2830 damage="3"/><c_2831 damage="3"/><c_2832 damage="4"/><c_2833 damage="3"/><c_2834 damage="3"/><c_2835 damage="3"/><c_2836 damage="3"/><c_2837 damage="3"/><c_2838 damage="3"/><c_2839 damage="3"/><c_2840 damage="3"/><c_2841 damage="3"/><c_2842 damage="2"/><c_2843 damage="3"/><c_2844 damage="3"/><c_2845 damage="3"/><c_2846 damage="3"/><c_2847 damage="3"/><c_2848 damage="3"/><c_2849 damage="3"/><c_2850 damage="3"/><c_2851 damage="4"/><c_2852 damage="3"/><c_2853 damage="4"/><c_2854 damage="3"/><c_2855 damage="4"/><c_2856 damage="4"/><c_2857 damage="4"/><c_2858 damage="3"/><c_2859 damage="3"/><c_2860 damage="2"/><c_2861 damage="3"/><c_2862 damage="3"/><c_2863 damage="4"/><c_2864 damage="3"/><c_2865 damage="4"/><c_2866 damage="3"/><c_2867 damage="3"/><c_2868 damage="2"/><c_2869 damage="2"/><c_2870 damage="2"/><c_2871 damage="3"/><c_2872 damage="3"/><c_2873 damage="3"/><c_2874 damage="2"/><c_2875 damage="3"/><c_2876 damage="2"/><c_2877 damage="3"/><c_2878 damage="3"/><c_2879 damage="3"/><c_2880/><c_2881/><c_2882/><c_2883/><c_2884/><c_2885/><c_2886/><c_2887/><c_2888 damage="50"/><c_2889 damage="50"><input_on_off editor_connected="1" value="true"/><electric/></c_2889><c_2890 damage="50"/><c_2891 damage="50"/><c_2892 damage="50"/><c_2893 damage="50"/><c_2894 damage="50"/><c_2895 damage="50"/><c_2896 damage="50"/><c_2897 damage="50"/><c_2898 damage="50"/><c_2899 damage="50"/><c_2900 damage="50"/><c_2901 damage="50"/><c_2902/><c_2903/><c_2904 damage="50"/><c_2905 damage="50"/><c_2906 damage="50"/><c_2907 damage="50"/><c_2908 damage="50"/><c_2909 damage="50"/><c_2910 damage="50"/><c_2911 damage="50"/><c_2912 spawner_pending="false"><output_measure/><output_measure_2/><fluid_1/><fluid_2/><input_pivot/><input_pitch/><input_pitch_2/><input_electric/><torque_value/><contained_volume temp="13.472805"/><contained_volume_secondary temp="13.472805"/></c_2912><c_2913 damage="50"/><c_2914 damage="50"/><c_2915 damage="50"/><c_2916 damage="50"/><c_2917 damage="50"/><c_2918 damage="50"/><c_2919 damage="50"/><c_2920 damage="50"/><c_2921 damage="50"/><c_2922 damage="50"/><c_2923 damage="50"/><c_2924 damage="50"/><c_2925 damage="50"/><c_2926 damage="50"/><c_2927 damage="50"/><c_2928 damage="50"/><c_2929 damage="50"/><c_2930 damage="1"/><c_2931 damage="1"/><c_2932 damage="1"/><c_2933 damage="1"/><c_2934 damage="2"/><c_2935 damage="1"/><c_2936 damage="2"/><c_2937 damage="1"/><c_2938 damage="1"/><c_2939 damage="1"/><c_2940 damage="1"/><c_2941 damage="50"/><c_2942 damage="50"/><c_2943/><c_2944/><c_2945 damage="50"><output_measure/><output_measure_2/><fluid_1/><fluid_2/><input_pivot/><input_pitch/><input_pitch_2/><input_electric/><torque_value/><contained_volume temp="13.472805"/><contained_volume_secondary temp="13.472805"/></c_2945><c_2946/><c_2947/><c_2948 damage="1"/><c_2949/><c_2950/><c_2951/><c_2952/><c_2953/><c_2954 damage="50"/><c_2955 damage="50"/><c_2956 damage="50"/><c_2957 damage="50"/><c_2958 damage="50"/><c_2959 damage="50"/><c_2960><microprocessor_definition><group><component_states><c0><in1 v="true"/><in2 v="true"/><out1 v="true"/></c0><c1><in1 v="0"/><in2 v="8"/><out1 v="true"/></c1><c2><out1 v="10"/></c2><c3 te="245028.59375" pe="11" pes="true"><in1 v="11"/><in2 v="0"/><in3 v="true"/><out1 v="6.6"/></c3><c4><in1 v="10"/><out1 v="11"/></c4><c5><in1 v="1"/><in2/><in3 v="true"/><out1 v="1"/></c5><c6><in1 v="6.6"/><out1 v="1"/></c6><c7><in1 v="10"/><out1 v="8"/></c7><c8><in1 v="2"/><in2/><in3 v="true"/><out1 v="2"/></c8><c9><out1 v="2"/></c9><c10><out1 v="1"/></c10><c11><inc><v/></inc><in1 v="374.309082"/><in2/><in3 v="0"/><out1><v 02="374.309082" 04="0"/></out1></c11><c12 c1="1" p="true"><in1 v="true"/><out1 v="true"/></c12><c13><in1 v="374.309082"/><in2 v="1"/><out1 v="true"/></c13><c14 c="25"><in1 v="true"/><out1/></c14><c15 is="true"><in1/><in2 v="true"/><in3/><out1 v="0.35"/></c15><c16><in1/><out1 v="true"/></c16><c17><in1 v="true"/><in2 v="true"/><out1 v="true"/></c17><c18><in1 v="1"/><in2/><in3/><out1/></c18><c19><out1 v="1"/></c19><c20><in1 v="187.5"/><in2 v="186.809082"/><out1 v="374.309082"/></c20><c21><inc><v/></inc><in1 v="0.38"/><out1><v 01="0.38"/></out1></c21></component_states><component_bridge_states><c0><in1 v="1"/><out1 v="1"/></c0><c1><in1 v="true"/><out1 v="true"/></c1><c2><in1 v="0"/><out1 v="0"/></c2><c3><in1 v="2"/><out1 v="2"/></c3><c4><in1 v="187.5"/><out1 v="187.5"/></c4><c5><in1 v="186.809082"/><out1 v="186.809082"/></c5><c6><in1/><out1/></c6><c7><in1 v="true"/><out1 v="true"/></c7><c8><in1><v 02="374.309082" 04="0"/></in1><out1><v 02="374.309082" 04="0"/></out1></c8><c9><in1 v="true"/><out1 v="true"/></c9><c10><in1/><out1/></c10><c11><in1/><out1/></c11><c12><in1><v 01="0.38"/></in1><out1><v 01="0.38"/></out1></c12></component_bridge_states><group_states/></group></microprocessor_definition><ib0 value="true"/><ib1/><ob0 value="true"/><ob1 value="true"/><if0 value="0"/><if1 value="187.5"/><if2 value="186.809097"/><if3/><of0 value="1"/><of1 value="2"/><of2/><oc0><value 02="374.309082" 04="0"/></oc0><oc1><value 01="0.38"/></oc1></c_2960><c_2961><input_bool_1/><input_bool_2/><input_float_1/><input_float_2/><input_float_3/><output_float_1 value="1"/><output_float_2/><output_float_3/><output_float_4/><output_bool/><output_bool_2/><output_torque/><input_electric/><input_audio><value/></input_audio><output_audio><value/></output_audio></c_2961><c_2962 damage="50"><input_float_1/><input_bool_1/><output_float_1/><output_float_2/><torque_1 flow="0.072552" factor="0" ratio="0.5"/><torque_2 flow="25.706043" factor="0" ratio="2"/><input_electric/></c_2962><c_2963 damage="50"><input_float_1/><input_bool_1/><output_float_1/><output_float_2/><torque_1 flow="25.706043" factor="0" ratio="0.4"/><torque_2 flow="0" factor="0" ratio="2.5"/><input_electric/></c_2963><c_2964 damage="50"/><c_2965 damage="50"/><c_2966 damage="50"><output_measure/><output_measure_2/><fluid_1/><fluid_2/><input_pivot/><input_pitch/><input_pitch_2/><input_electric/><torque_value/><contained_volume temp="13.472805"/><contained_volume_secondary temp="13.472805"/></c_2966><c_2967 damage="50"><output_measure/><output_measure_2/><fluid_1/><fluid_2/><input_pivot/><input_pitch/><input_pitch_2/><input_electric/><torque_value/><contained_volume temp="13.472805"/><contained_volume_secondary temp="13.472805"/></c_2967><c_2968 damage="50"/><c_2969 damage="50"/><c_2970 damage="50"/><c_2971 damage="50"/><c_2972 damage="50"/><c_2973 damage="50"/><c_2974 damage="50"/><c_2975 damage="50"/><c_2976 damage="50"/><c_2977 damage="50"/><c_2978 damage="50"/><c_2979 damage="50"/></b_0><b_1><local_transform 01="-0" 02="-0.000003" 10="0" 12="-0" 20="0.000003" 21="0" 30="0.00222" 31="-1.795655" 32="6.223103"/><physics><transform><pos x="-503.871202" y="-13.363739" z="-5000.743105"/><rot x="0.518815" y="0.045907" z="-0.104844" w="0.84719"/></transform><lin_vel x="-0.001369" y="-0.003212" z="-0.001561"/><ang_vel x="-0.000319" y="-0.000404" z="0.00099"/></physics><c_0><input_1_axis/><input_bool_0/><input_bool_1/><output_float_0/><fluid/><electric/></c_0><c_1><1_axis/><bool_axis/><torque_value/><electric_a p_capacity="0.1"/><electric_b/></c_1><c_2 prev_rotation="0.044334"><input_bool/><input_torque/><input_float value="1"/><input_float_2/><body><transform><pos x="-503.625733" y="-13.448706" z="-5000.891536"/><rot x="0.714983" y="0.65444" z="-0.231965" w="0.081851"/></transform><lin_vel x="-0.001227" y="-0.003241" z="-0.001317"/><ang_vel x="0.000112" y="-0.00046" z="0.000908"/></body></c_2><c_3/><c_4/></b_1><b_2><local_transform 01="-0" 02="0.000003" 10="0" 12="-0" 20="-0.000003" 21="0" 30="0.002175" 31="-1.795654" 32="6.223103"/><physics><transform><pos x="-500.408801" y="-13.826011" z="-5001.406473"/><rot x="0.518815" y="0.045905" z="-0.104846" w="0.84719"/></transform><lin_vel x="-0.000644" y="0.000004" z="-0.000014"/><ang_vel x="-0.000319" y="-0.000404" z="0.00099"/></physics><c_0><input_1_axis/><input_bool_0/><input_bool_1/><output_float_0/><fluid/><electric/></c_0><c_1><1_axis/><bool_axis/><torque_value/><electric_a p_capacity="0.1"/><electric_b/></c_1><c_2 prev_rotation="0.053262"><input_bool/><input_torque/><input_float value="1"/><input_float_2/><body><transform><pos x="-500.704332" y="-13.838749" z="-5001.451253"/><rot x="-0.070065" y="-0.183946" z="0.748396" w="-0.633371"/></transform><lin_vel x="-0.000607" y="-0.000528" z="-0.000012"/><ang_vel x="0.000112" y="-0.000461" z="0.000908"/></body></c_2><c_3/><c_4/></b_2><b_3><local_transform 01="-0.000003" 02="-0.000001" 10="-0" 11="0.442574" 12="-0.896732" 20="0.000003" 21="0.896732" 22="0.442574" 30="0.002205" 31="0.191694" 32="5.920135"/><physics><transform><pos x="-502.222185" y="-18.795767" z="-4997.879473"/><rot x="-0.006637" y="0.09434" z="-0.064808" w="0.993406"/></transform><lin_vel x="0.003077" y="-0.000664" z="0.002043"/><ang_vel x="-0.0035" y="0.000007" z="0.001599"/></physics><c_0><input_1_axis/><input_bool_0/><input_bool_1/><output_float_0/><fluid/><electric/></c_0><c_1/><c_2 prev_rotation="-1.328356" rotation_speed="0.003812"><input_bool/><input_torque/><input_float/><input_float_2/><body><transform><pos x="-502.263624" y="-19.118008" z="-4997.871214"/><rot x="0.114234" y="0.617573" z="0.778141" w="-0.007122"/></transform><lin_vel x="0.003586" y="-0.000701" z="0.003173"/><ang_vel x="0.000108" y="-0.000479" z="0.000899"/></body></c_2></b_3></vehicle_state>