<?xml version="1.0" encoding="UTF-8"?><vehicle_state><transform 00="-0.008333" 01="0.007132" 02="-0.99994" 10="0.254833" 11="0.966973" 12="0.004773" 20="0.966949" 21="-0.254778" 22="-0.009875" 30="-5110.735136" 31="456.010384" 32="90465.087026"/><f_island_0><volume vol_total="0.511866" temp="72.360153" vol_4="0.511866"/></f_island_0><f_island_1><volume vol_total="0.682213" temp="26.397743" vol_1="0.682213"/></f_island_1><f_island_2><volume vol_total="0.394181" temp="59.155453" vol_0="0.394181"/></f_island_2><f_island_3><volume vol_total="0.645838" temp="72.337273" vol_0="0.645838"/></f_island_3><f_island_4><volume vol_total="0.493614" temp="-13.758763" vol_3="0.493614"/></f_island_4><t_island_0 rps="29.877819"/><t_island_1 rps="11.959769"/><b_0><volume_0 temp="26.324694"/><volume_1 temp="26.319128"/><local_transform 10="0" 12="-0" 20="-0" 21="-0" 30="-0.000528" 31="-0.989974" 32="0.793228"/><physics><transform><pos x="-5110.735136" y="456.010384" z="90465.087026"/><rot x="0.092964" y="0.704482" z="-0.088719" w="0.697991"/></transform><lin_vel x="18.918325" y="-0.447944" z="-0.1495"/><ang_vel x="-0.016594" y="0.020212" z="0.001136"/></physics><c_0/><c_1/><c_2/><c_3/><c_4/><c_5/><c_6/><c_7/><c_8/><c_9/><c_10/><c_11/><c_12 collective="0.460082" prop_rot="0.023762" prop_vel="29.674482" render_rotation_vel="29.674526"><input_value x="0.005053" y="0.082459"/><x_axis_value value="0.004993"/><y_axis_value value="0.082594"/><torque_value mass="30" demand="29.674526" flow="29.877819"/><torque_value_2/></c_12><c_13/><c_14/><c_15/><c_16/><c_17/><c_18/><c_19/><c_20/><c_21/><c_22/><c_23/><c_24/><c_25/><c_26/><c_27/><c_28/><c_29/><c_30/><c_31/><c_32/><c_33/><c_34/><c_35/><c_36/><c_37/><c_38/><c_39/><c_40/><c_41/><c_42/><c_43/><c_44/><c_45/><c_46/><c_47/><c_48/><c_49/><c_50/><c_51/><c_52/><c_53/><c_54/><c_55/><c_56/><c_57/><c_58/><c_59/><c_60/><c_61/><c_62/><c_63/><c_64/><c_65/><c_66/><c_67/><c_68/><c_69/><c_70><output_measure/><output_measure_2/><fluid_1/><fluid_2/><input_pivot/><input_pitch/><input_pitch_2/><input_electric/><torque_value/><contained_volume temp="-14.772304"/><contained_volume_secondary temp="-14.772304"/></c_70><c_71><output_measure/><output_measure_2/><fluid_1/><fluid_2/><input_pivot/><input_pitch/><input_pitch_2/><input_electric/><torque_value/><contained_volume temp="-14.772304"/><contained_volume_secondary temp="-14.772304"/></c_71><c_72><output_measure/><output_measure_2/><fluid_1/><fluid_2/><input_pivot/><input_pitch/><input_pitch_2/><input_electric/><torque_value/><contained_volume temp="-14.772304"/><contained_volume_secondary temp="-14.772304"/></c_72><c_73><output_measure/><output_measure_2/><fluid_1/><fluid_2/><input_pivot/><input_pitch/><input_pitch_2/><input_electric/><torque_value/><contained_volume temp="-14.772304"/><contained_volume_secondary temp="-14.772304"/></c_73><c_74><output_measure/><output_measure_2/><fluid_1/><fluid_2/><input_pivot/><input_pitch/><input_pitch_2/><input_electric/><torque_value/><contained_volume temp="-14.772304"/><contained_volume_secondary temp="-14.772304"/></c_74><c_75><output_measure/><output_measure_2/><fluid_1/><fluid_2/><input_pivot/><input_pitch/><input_pitch_2/><input_electric/><torque_value/><contained_volume temp="-14.772304"/><contained_volume_secondary temp="-14.772304"/></c_75><c_76/><c_77/><c_78/><c_79/><c_80/><c_81/><c_82/><c_83/><c_84/><c_85/><c_86/><c_87/><c_88/><c_89/><c_90/><c_91/><c_92/><c_93/><c_94/><c_95/><c_96/><c_97/><c_98><input_value/><input_electric/></c_98><c_99><input_value/><input_electric/></c_99><c_100><input_bool_1/><input_bool_2/><input_float_1/><input_float_2/><input_float_3/><output_float_1/><output_float_2/><output_float_3/><output_float_4/><output_bool/><output_bool_2/><output_torque/><input_electric/><input_audio><value/></input_audio><output_audio><value/></output_audio></c_100><c_101/><c_102/><c_103/><c_104/><c_105/><c_106/><c_107/><c_108/><c_109/><c_110/><c_111/><c_112/><c_113/><c_114/><c_115/><c_116/><c_117/><c_118/><c_119/><c_120/><c_121/><c_122/><c_123/><c_124><output_measure/><output_measure_2/><fluid_1/><fluid_2/><input_pivot/><input_pitch/><input_pitch_2/><input_electric/><torque_value/><contained_volume temp="-14.772304"/><contained_volume_secondary temp="-14.772304"/></c_124><c_125/><c_126/><c_127/><c_128/><c_129/><c_130/><c_131/><c_132><item_data item="4" uses="1"><color r="143" g="0" b="0"/></item_data><input_electric/></c_132><c_133/><c_134/><c_135/><c_136/><c_137/><c_138/><c_139/><c_140/><c_141/><c_142/><c_143/><c_144/><c_145/><c_146/><c_147/><c_148/><c_149/><c_150/><c_151/><c_152/><c_153/><c_154/><c_155/><c_156/><c_157/><c_158/><c_159/><c_160/><c_161/><c_162/><c_163/><c_164/><c_165/><c_166/><c_167/><c_168/><c_169/><c_170/><c_171/><c_172/><c_173><input_bool_1/><input_bool_2/><input_float_1/><input_float_2/><input_float_3/><output_float_1 value="26.232021"/><output_float_2/><output_float_3/><output_float_4/><output_bool/><output_bool_2/><output_torque/><input_electric/><input_audio><value/></input_audio><output_audio><value/></output_audio></c_173><c_174><input_bool_1/><input_bool_2/><input_float_1/><input_float_2/><input_float_3/><output_float_1 value="26.231562"/><output_float_2/><output_float_3/><output_float_4/><output_bool/><output_bool_2/><output_torque/><input_electric/><input_audio><value/></input_audio><output_audio><value/></output_audio></c_174><c_175><input_bool_1/><input_bool_2/><input_float_1/><input_float_2/><input_float_3/><output_float_1 value="26.232262"/><output_float_2/><output_float_3/><output_float_4/><output_bool/><output_bool_2/><output_torque/><input_electric/><input_audio><value/></input_audio><output_audio><value/></output_audio></c_175><c_176><input_bool_1/><input_bool_2/><input_float_1/><input_float_2/><input_float_3/><output_float_1 value="26.231846"/><output_float_2/><output_float_3/><output_float_4/><output_bool/><output_bool_2/><output_torque/><input_electric/><input_audio><value/></input_audio><output_audio><value/></output_audio></c_176><c_177/><c_178/><c_179/><c_180/><c_181/><c_182/><c_183/><c_184/><c_185/><c_186/><c_187/><c_188/><c_189/><c_190/><c_191/><c_192/><c_193/><c_194><electric/><video><value/></video><composite><value/></composite><active/></c_194><c_195/><c_196/><c_197/><c_198/><c_199/><c_200/><c_201 light_is_on="true"><display_1 val_float="11.959807"/><display_2 val_float="529.334167"/><display_3/><display_4 val_float="1"/><input_value editor_connected="1"><value 02="529.33197" 03="1" 04="11.959793"/></input_value><output_value><value 02="529.334167" 03="1" 04="11.959807"/></output_value><input_bool value="true"/><input_electric/></c_201><c_202 value_f32="18.925838" value_bool="true"><input_1_axis editor_connected="1" value="18.928822"/><input_2_axis/><input_on_off editor_connected="1" value="true"/><electric/></c_202><c_203 value_f32="456.425079" value_bool="true"><input_1_axis editor_connected="1" value="456.417603"/><input_2_axis/><input_on_off editor_connected="1" value="true"/><electric/></c_203><c_204/><c_205/><c_206/><c_207/><c_208/><c_209/><c_210/><c_211/><c_212/><c_213/><c_214/><c_215/><c_216><input_bool/><input_torque/><input_float/><input_float_2/><body><transform><pos x="-5112.203422" y="455.106336" z="90466.843447"/><rot x="0.218975" y="0.671985" z="0.674993" w="0.211827"/></transform><lin_vel x="18.961308" y="-0.418015" z="-0.104827"/><ang_vel x="-0.016609" y="0.020222" z="0.000283"/></body></c_216><c_217><input_bool/><input_torque/><input_float/><input_float_2/><body><transform><pos x="-5112.232588" y="455.131299" z="90463.343658"/><rot x="0.657969" y="0.269333" z="0.265787" w="0.651071"/></transform><lin_vel x="18.890528" y="-0.476152" z="-0.104663"/><ang_vel x="-0.016609" y="0.020222" z="0.000283"/></body></c_217><c_218/><c_219/><c_220/><c_221/><c_222/><c_223/><c_224/><c_225><input_float/><body><transform><pos x="-5108.655655" y="453.921656" z="90465.055326"/><rot x="0.70982" y="-0.022817" z="0.703785" w="0.017945"/></transform><lin_vel x="18.926353" y="-0.444135" z="-0.156887"/><ang_vel x="-0.016604" y="0.020217" z="0.001006"/></body></c_225><c_226/><c_227/><c_228/><c_229/><c_230/><c_231/><c_232/><c_233/><c_234/><c_235/><c_236/><c_237/><c_238/><c_239/><c_240/><c_241/><c_242/><c_243/><c_244/><c_245/><c_246/><c_247/><c_248/><c_249/><c_250/><c_251/><c_252/><c_253/><c_254/><c_255><output_measure/><output_measure_2/><fluid_1/><fluid_2/><input_pivot/><input_pitch/><input_pitch_2/><input_electric/><torque_value/><contained_volume temp="-14.772304"/><contained_volume_secondary temp="-14.772304"/></c_255><c_256/><c_257/><c_258/><c_259/><c_260/><c_261/><c_262/><c_263/><c_264/><c_265/><c_266/><c_267/><c_268/><c_269/><c_270/><c_271/><c_272 light_is_on="true"><input_value editor_connected="1" value="true"/><input_electric/></c_272><c_273/><c_274/><c_275/><c_276/><c_277/><c_278/><c_279/><c_280/><c_281/><c_282/><c_283/><c_284/><c_285/><c_286/><c_287/><c_288/><c_289/><c_290/><c_291><output_measure/><output_measure_2/><fluid_1 demand="0.005933"/><fluid_2/><input_pivot/><input_pitch/><input_pitch_2/><input_electric/><torque_value/><contained_volume temp="-14.772304"/><contained_volume_secondary temp="-14.772304"/></c_291><c_292/><c_293/><c_294/><c_295/><c_296/><c_297/><c_298><rope_slot/><output_composite><value/></output_composite><input_composite><value/></input_composite><output_bool/><input_bool/><input_electric/><input_fluid/><input_video><value/></input_video><output_video><value/></output_video><input_audio><value/></input_audio><output_audio><value/></output_audio><winch_down/><winch_up/><output_float/></c_298><c_299><rope_slot/><output_composite><value/></output_composite><input_composite><value/></input_composite><output_bool/><input_bool/><input_electric/><input_fluid/><input_video><value/></input_video><output_video><value/></output_video><input_audio><value/></input_audio><output_audio><value/></output_audio><winch_down/><winch_up/><output_float/></c_299><c_300/><c_301/><c_302/><c_303/><c_304/><c_305/><c_306/><c_307/><c_308/><c_309/><c_310/><c_311/><c_312/><c_313/><c_314/><c_315/><c_316/><c_317/><c_318/><c_319/><c_320/><c_321/><c_322/><c_323/><c_324/><c_325/><c_326/><c_327/><c_328/><c_329/><c_330/><c_331/><c_332/><c_333/><c_334/><c_335/><c_336/><c_337/><c_338/><c_339/><c_340/><c_341/><c_342/><c_343/><c_344/><c_345/><c_346/><c_347/><c_348/><c_349/><c_350/><c_351/><c_352/><c_353/><c_354/><c_355/><c_356/><c_357/><c_358/><c_359/><c_360/><c_361/><c_362><1_axis/><bool_axis/><torque_value/><electric_a p_charge="1" p_capacity="12800"/><electric_b/></c_362><c_363/><c_364/><c_365/><c_366/><c_367/><c_368/><c_369/><c_370/><c_371/><c_372/><c_373/><c_374/><c_375/><c_376/><c_377/><c_378/><c_379/><c_380/><c_381/><c_382/><c_383/><c_384/><c_385/><c_386/><c_387/><c_388/><c_389/><c_390/><c_391/><c_392/><c_393/><c_394/><c_395/><c_396/><c_397/><c_398/><c_399 input_float_1_val="456.417603"><input_bool_1/><input_bool_2/><input_float_1/><input_float_2/><input_float_3/><output_float_1 value="456.417603"/><output_float_2/><output_float_3/><output_float_4/><output_bool/><output_bool_2/><output_torque/><input_electric/><input_audio><value/></input_audio><output_audio><value/></output_audio></c_399><c_400 input_float_1_val="18.928822"><input_bool_1/><input_bool_2/><input_float_1/><input_float_2/><input_float_3/><output_float_1 value="18.928822"/><output_float_2/><output_float_3/><output_float_4/><output_bool/><output_bool_2/><output_torque/><input_electric/><input_audio><value/></input_audio><output_audio><value/></output_audio></c_400><c_401/><c_402/><c_403><input_bool_1/><input_bool_2/><input_float_1/><input_float_2/><input_float_3/><output_float_1 value="-0.001135"/><output_float_2/><output_float_3/><output_float_4/><output_bool/><output_bool_2/><output_torque/><input_electric/><input_audio><value/></input_audio><output_audio><value/></output_audio></c_403><c_404><input_bool_1/><input_bool_2/><input_float_1/><input_float_2/><input_float_3/><output_float_1 value="0.001135"/><output_float_2/><output_float_3/><output_float_4/><output_bool/><output_bool_2/><output_torque/><input_electric/><input_audio><value/></input_audio><output_audio><value/></output_audio></c_404><c_405 heat_factor="1" value_bool="true"><input_on_off editor_connected="1" value="true"/><electric/></c_405><c_406><input_x_value/><input_y_value value="0.75"/><input_z_value value="-0.064626"/><input_w_value value="0.429792"/><output_x_value value="0.004993"/><output_y_value value="0.082594"/><output_z_value value="-0.07229"/><output_w_value value="0.460094"/><input_bool_value value="true"/><electric/><axis_value y="0.75" z="-0.06463" w="0.429644"/><vel_value x="-0.011353" y="4.387156" z="18.408659"/></c_406><c_407/><c_408 throttle_value="0.744103" throttle="0.744103" rps="11.959769" temp="72.283745"><input_1_axis editor_connected="1" value="0.744111"/><input_on_off editor_connected="1"/><torque mass="10" demand="12.794885" flow="11.959769"/><electric/></c_408><c_409/><c_410/><c_411/><c_412/><c_413/><c_414/><c_415/><c_416/><c_417/><c_418/><c_419/><c_420/><c_421/><c_422 light_is_on="true"><input_value editor_connected="1" value="true"/><input_electric/></c_422><c_423><input_electric/><input_channel/><output_channel/><signal_strength/></c_423><c_424/><c_425 collective="-0.072087" prop_rot="2.824818" prop_vel="29.844568" render_rotation_vel="29.855673"><x_axis_value value="-0.07229"/><y_axis_value/><torque_value mass="1.5" demand="29.855673" flow="29.877819"/><torque_value_2/></c_425><c_426><input_bool_1/><input_bool_2/><input_float_1/><input_float_2/><input_float_3/><output_float_1 value="26.223894"/><output_float_2/><output_float_3/><output_float_4/><output_bool/><output_bool_2/><output_torque/><input_electric/><input_audio><value/></input_audio><output_audio><value/></output_audio></c_426><c_427 light_is_on="true"><input_value editor_connected="1"><value 01="0.26"/></input_value><output_value><value/></output_value><input_bool/><input_electric/></c_427><c_428/><c_429/><c_430/><c_431/><c_432/><c_433/><c_434/><c_435/><c_436/><c_437/><c_438/><c_439 light_is_on="true"><input_value editor_connected="1" value="true"/><input_electric/></c_439><c_440><output_measure/><output_measure_2/><fluid_1/><fluid_2/><input_pivot/><input_pitch/><input_pitch_2/><input_electric/><torque_value/><contained_volume temp="-14.772304"/><contained_volume_secondary temp="-14.772304"/></c_440><c_441><output_measure/><output_measure_2/><fluid_1/><fluid_2/><input_pivot/><input_pitch/><input_pitch_2/><input_electric/><torque_value/><contained_volume temp="-14.772304"/><contained_volume_secondary temp="-14.772304"/></c_441><c_442/><c_443/><c_444/><c_445/><c_446/><c_447/><c_448/><c_449/><c_450/><c_451/><c_452/><c_453/><c_454/><c_455/><c_456/><c_457/><c_458/><c_459/><c_460/><c_461/><c_462/><c_463/><c_464 input_bool_1_val="true" output_bool_val="true"><input_bool_1 editor_connected="1" value="true"/><input_bool_2 editor_connected="1"/><input_float_1/><input_float_2/><input_float_3/><output_float_1/><output_float_2/><output_float_3/><output_float_4/><output_bool value="true"/><output_bool_2/><output_torque/><input_electric/><input_audio><value/></input_audio><output_audio><value/></output_audio></c_464><c_465><microprocessor_definition><group><component_states><c0><in1/><in2 v="true"/><out1/></c0><c1><in1 v="11.959793"/><in2 v="6"/><out1/></c1><c2><out1 v="12"/></c2><c3 te="175412.90625" pe="1.240208" pes="true"><in1 v="13.200001"/><in2 v="11.959793"/><in3 v="true"/><out1 v="0.744125"/></c3><c4><in1 v="12"/><out1 v="13.200001"/></c4><c5><in1 v="0.744111"/><in2/><in3 v="true"/><out1 v="0.744111"/></c5><c6><in1 v="0.744116"/><out1 v="0.744116"/></c6><c7><in1 v="12"/><out1 v="6"/></c7><c8><in1 v="1"/><in2/><in3/><out1/></c8><c9><out1 v="1"/></c9><c10><inc><v/></inc><in1 v="529.33197"/><in2 v="1"/><in3 v="11.959793"/><out1><v 02="529.33197" 03="1" 04="11.959793"/></out1></c10><c11 c2="61"><in1/><out1/></c11><c12><in1 v="529.33197"/><in2 v="1"/><out1 v="true"/></c12><c13 c="29"><in1 v="true"/><out1/></c13><c14 is="true"><in1/><in2 v="true"/><in3/><out1 v="0.23"/></c14><c15><in1/><out1 v="true"/></c15><c16><in1 v="true"/><in2 v="true"/><out1 v="true"/></c16><c17><in1 v="1"/><in2/><in3/><out1/></c17><c18><out1 v="1"/></c18><c19><inc><v/></inc><in1 v="0.26"/><out1><v 01="0.26"/></out1></c19><c20><out1 v="1"/></c20><c21><in1 v="187.5"/><in2 v="182.021957"/><in3 v="159.807846"/><in4/><in5/><in6/><in7/><in8/><out1 v="529.329834"/></c21></component_states><component_bridge_states><c0><in1 v="0.744111"/><out1 v="0.744111"/></c0><c1><in1/><out1/></c1><c2><in1 v="11.959793"/><out1 v="11.959793"/></c2><c3><in1/><out1/></c3><c4><in1 v="187.5"/><out1 v="187.5"/></c4><c5><in1 v="182.021957"/><out1 v="182.021957"/></c5><c6><in1 v="1"/><out1 v="1"/></c6><c7><in1 v="true"/><out1 v="true"/></c7><c8><in1><v 02="529.33197" 03="1" 04="11.959793"/></in1><out1><v 02="529.33197" 03="1" 04="11.959793"/></out1></c8><c9><in1 v="true"/><out1 v="true"/></c9><c10><in1/><out1/></c10><c11><in1/><out1/></c11><c12><in1><v 01="0.26"/></in1><out1><v 01="0.26"/></out1></c12><c13><in1 v="159.807846"/><out1 v="159.807846"/></c13><c14><in1/><out1/></c14></component_bridge_states><group_states/></group></microprocessor_definition><ib0 value="true"/><ib1/><ob0/><ob1 value="true"/><if0 value="11.959784"/><if1 value="187.5"/><if2 value="182.022629"/><if3 value="1"/><if4 value="159.805008"/><if5/><of0 value="0.744111"/><of1/><of2/><oc0><value 02="529.33197" 03="1" 04="11.959793"/></oc0><oc1><value 01="0.26"/></oc1></c_465><c_466/><c_467/><c_468 spawner_pending="false"><output_measure value="187.5"/><output_measure_2/><fluid_1 demand="0.005381"/><fluid_2/><input_pivot/><input_pitch/><input_pitch_2/><input_electric/><torque_value/><contained_volume vol_total="18.75" temp="26.318747" vol_1="18.75"/><contained_volume_secondary temp="-14.772304"/></c_468><c_469 spawner_pending="false"><output_measure value="182.022629"/><output_measure_2/><fluid_1 demand="0.000109"/><fluid_2/><input_pivot/><input_pitch/><input_pitch_2/><input_electric/><torque_value/><contained_volume vol_total="18.202263" temp="26.318762" vol_1="18.202263"/><contained_volume_secondary temp="-14.772304"/></c_469><c_470/><c_471/><c_472/><c_473/><c_474/><c_475 rotations_per_second="29.877819"><1_axis editor_connected="1"/><bool_axis/><torque_value mass="2" demand="29.728466" flow="29.877819"/><electric_a/><electric_b/></c_475><c_476/><c_477/><c_478 rotations_per_second="28.283741"><1_axis/><bool_axis/><torque_value mass="1" demand="28.283773" flow="29.877819"/><electric_a p_charge="1" p_capacity="0.1"/><electric_b/></c_478><c_479/><c_480/><c_481/><c_482/><c_483/><c_484/><c_485/><c_486/><c_487/><c_488/><c_489/><c_490/><c_491/><c_492 spawner_pending="false"><output_measure value="159.805008"/><output_measure_2/><fluid_1 demand="-0.000471"/><fluid_2/><input_pivot/><input_pitch/><input_pitch_2/><input_electric/><torque_value/><contained_volume vol_total="15.980501" temp="26.315016" vol_1="15.980501"/><contained_volume_secondary temp="-14.772304"/></c_492><c_493/><c_494/><c_495/><c_496><output_measure/><output_measure_2/><fluid_1/><fluid_2/><input_pivot/><input_pitch/><input_pitch_2/><input_electric/><torque_value/><contained_volume temp="-14.772304"/><contained_volume_secondary temp="-14.772304"/></c_496><c_497/><c_498/><c_499/><c_500/><c_501/><c_502/><c_503 spawner_pending="false"><output_measure value="59.048416"/><output_measure_2/><fluid_1 demand="-0.114015"/><fluid_2 demand="0.247427"/><input_pivot/><input_pitch/><input_pitch_2/><input_electric/><torque_value/><contained_volume vol_total="8.931591" temp="59.048416" vol_0="8.931591"/><contained_volume_secondary temp="-14.772304"/></c_503><c_504/><c_505/><c_506><output_measure/><output_measure_2/><fluid_1 demand="-0.004561"/><fluid_2/><input_pivot/><input_pitch/><input_pitch_2/><input_electric/><torque_value/><contained_volume temp="-14.772304"/><contained_volume_secondary temp="-14.772304"/></c_506><c_507/><c_508/><c_509/><c_510/><c_511/><c_512><input_float_1/><input_bool_1/><output_float_1/><output_float_2/><torque_1 flow="29.877819" ratio="0.4"/><torque_2 flow="11.959769" ratio="2.5"/><input_electric/></c_512><c_513/><c_514/><c_515/><c_516/><c_517/><c_518/><c_519/><c_520/><c_521/><c_522/><c_523/><c_524/><c_525/><c_526/><c_527/><c_528/><c_529/><c_530/><c_531/><c_532/><c_533/><c_534/><c_535/><c_536/><c_537/><c_538/><c_539/><c_540/><c_541/><c_542/><c_543/><c_544/><c_545><output_measure/><output_measure_2/><fluid_1/><fluid_2/><input_pivot/><input_pitch/><input_pitch_2/><input_electric/><torque_value/><contained_volume temp="-14.772304"/><contained_volume_secondary temp="-14.772304"/></c_545><c_546 value="0.75" axis_input="0.75" value="-0.064626" axis_input="-0.064626" value="0.429792" axis_input="0.429792"><output_0/><output_1 value="0.75"/><output_2 value="-0.064626"/><output_3 value="0.429792"/><output_4/><output_5/><output_6/><output_7/><hotkey_0 value="true"/><hotkey_1/><hotkey_2/><hotkey_3/><hotkey_4/><hotkey_5/><hotkey_6/><hotkey_7/><hotkey_8/><hotkey_9/><hotkey_10/><hotkey_11/><hotkey_12/><hotkey_13/><hotkey_14/><hotkey_15/><hotkey_16/><hotkey_17/><hotkey_18/><hotkey_19/><hotkey_20/><hotkey_21/><hotkey_22/><hotkey_23/><hotkey_24/><hotkey_25/><hotkey_26/><hotkey_27/><hotkey_28/><hotkey_29/><hotkey_30/><hotkey_31/><hotkey_32/><hotkey_33/><hotkey_34/><hotkey_35/><hotkey_36/><hotkey_37/><hotkey_38/><hotkey_39/><hotkey_40/><hotkey_41/><hotkey_42/><hotkey_43/><hotkey_44/><hotkey_45/><hotkey_46/><hotkey_47/><look_0/><look_1/><output_trigger/><output_seated value="true"/><input_audio><value/></input_audio><output_audio><value/></output_audio></c_546><c_547/><c_548/><c_549/><c_550/></b_0><b_1><local_transform 00="1" 01="0.000088" 02="-0.000948" 10="-0.00007" 11="0.999822" 12="0.018877" 20="0.000949" 21="-0.018877" 22="0.999821" 30="0.001938" 31="-0.998548" 32="0.293424"/><physics><transform><pos x="-5111.877998" y="455.418183" z="90465.091582"/><rot x="0.099618" y="0.703941" z="-0.095293" w="0.696752"/></transform><lin_vel x="18.945486" y="-0.396172" z="-0.119754"/><ang_vel x="-0.026295" y="0.014554" z="0.012907"/></physics><c_0><rope_slot/><output_composite><value/></output_composite><input_composite><value/></input_composite><output_bool/><input_bool/><input_electric/><input_fluid/><input_video><value/></input_video><output_video><value/></output_video><input_audio><value/></input_audio><output_audio><value/></output_audio><winch_down/><winch_up/><output_float/></c_0><c_1><rope_slot/><output_composite><value/></output_composite><input_composite><value/></input_composite><output_bool/><input_bool/><input_electric/><input_fluid/><input_video><value/></input_video><output_video><value/></output_video><input_audio><value/></input_audio><output_audio><value/></output_audio><winch_down/><winch_up/><output_float/></c_1><c_2><rope_slot/><output_composite><value/></output_composite><input_composite><value/></input_composite><output_bool/><input_bool/><input_electric/><input_fluid/><input_video><value/></input_video><output_video><value/></output_video><input_audio><value/></input_audio><output_audio><value/></output_audio><winch_down/><winch_up/><output_float/></c_2><c_3><rope_slot/><output_composite><value/></output_composite><input_composite><value/></input_composite><output_bool/><input_bool/><input_electric/><input_fluid/><input_video><value/></input_video><output_video><value/></output_video><input_audio><value/></input_audio><output_audio><value/></output_audio><winch_down/><winch_up/><output_float/></c_3><c_4/><c_5/><c_6/><c_7/><c_8/></b_1></vehicle_state>