<?xml version="1.0" encoding="UTF-8"?><vehicle_state><transform 00="0.925152" 01="-0.007687" 02="-0.379518" 10="0.016511" 11="0.999664" 12="0.020001" 20="0.379237" 21="-0.02477" 22="0.924968" 30="-4437.232375" 31="505.428859" 32="-2580.479526"/><f_island_0><volume vol_total="0.333343" temp="76.148766" vol_0="0.333343"/></f_island_0><f_island_1><volume vol_total="0.760391" temp="91.05619" vol_0="0.760391"/></f_island_1><f_island_2><volume vol_total="0.510138" temp="90.845383" vol_4="0.510138"/></f_island_2><f_island_3><volume vol_total="0.686216" temp="43.730293" vol_1="0.686216"/></f_island_3><f_island_4><volume vol_total="0.494983" temp="14.146213" vol_3="0.494983"/></f_island_4><t_island_0 rps="11.498092"/><t_island_1 rps="34.390949"/><b_0><volume_0 temp="54.186302"/><volume_1 temp="54.189789"/><volume_2 temp="54.189121"/><local_transform 01="0" 02="-0" 10="-0" 12="-0" 20="-0" 30="-0.00402" 31="-0.233148" 32="2.49428"/><physics><transform><pos x="-4437.232375" y="505.428859" z="-2580.479526"/><rot x="0.011409" y="0.193354" z="-0.006166" w="0.981043"/></transform><lin_vel x="20.946249" y="-0.001173" z="51.38472"/><ang_vel x="0.001666" y="0.008652" z="0.004279"/></physics><c_0/><c_1/><c_2/><c_3/><c_4/><c_5/><c_6/><c_7/><c_8/><c_9/><c_10/><c_11/><c_12/><c_13/><c_14/><c_15/><c_16/><c_17/><c_18/><c_19/><c_20/><c_21/><c_22><output_0/><output_1/><output_2/><output_3/><output_4/><output_5/><output_6/><output_7/><hotkey_0/><hotkey_1/><hotkey_2/><hotkey_3/><hotkey_4/><hotkey_5/><hotkey_6/><hotkey_7/><hotkey_8/><hotkey_9/><hotkey_10/><hotkey_11/><hotkey_12/><hotkey_13/><hotkey_14/><hotkey_15/><hotkey_16/><hotkey_17/><hotkey_18/><hotkey_19/><hotkey_20/><hotkey_21/><hotkey_22/><hotkey_23/><hotkey_24/><hotkey_25/><hotkey_26/><hotkey_27/><hotkey_28/><hotkey_29/><hotkey_30/><hotkey_31/><hotkey_32/><hotkey_33/><hotkey_34/><hotkey_35/><hotkey_36/><hotkey_37/><hotkey_38/><hotkey_39/><hotkey_40/><hotkey_41/><hotkey_42/><hotkey_43/><hotkey_44/><hotkey_45/><hotkey_46/><hotkey_47/><look_0/><look_1/><output_trigger/><output_seated/><input_audio><value/></input_audio><output_audio><value/></output_audio></c_22><c_23 value="-0.015759" axis_input="-0.015759" value="0.077092" axis_input="0.077092" value="-0.024893" axis_input="-0.024893" value="0.952716" axis_input="0.952716"><output_0 value="-0.015759"/><output_1 value="0.077092"/><output_2 value="-0.024893"/><output_3 value="0.952716"/><output_4/><output_5/><output_6/><output_7/><hotkey_0 value="true"/><hotkey_1/><hotkey_2/><hotkey_3/><hotkey_4/><hotkey_5/><hotkey_6/><hotkey_7/><hotkey_8/><hotkey_9/><hotkey_10/><hotkey_11/><hotkey_12/><hotkey_13/><hotkey_14/><hotkey_15/><hotkey_16/><hotkey_17/><hotkey_18/><hotkey_19/><hotkey_20/><hotkey_21/><hotkey_22/><hotkey_23/><hotkey_24/><hotkey_25/><hotkey_26/><hotkey_27/><hotkey_28/><hotkey_29/><hotkey_30/><hotkey_31/><hotkey_32/><hotkey_33/><hotkey_34/><hotkey_35/><hotkey_36/><hotkey_37/><hotkey_38/><hotkey_39/><hotkey_40/><hotkey_41/><hotkey_42/><hotkey_43/><hotkey_44/><hotkey_45/><hotkey_46/><hotkey_47/><look_0/><look_1/><output_trigger/><output_seated value="true"/><input_audio><value/></input_audio><output_audio><value/></output_audio></c_23><c_24><electric/><video><value/></video><composite><value/></composite><active/></c_24><c_25/><c_26><display_1/><display_2/><display_3 val_bits="63"/><display_4/><input_value><value/></input_value><output_value><value/></output_value><input_bool/><input_electric/></c_26><c_27/><c_28/><c_29/><c_30/><c_31/><c_32/><c_33/><c_34/><c_35/><c_36/><c_37/><c_38/><c_39/><c_40/><c_41/><c_42/><c_43/><c_44/><c_45/><c_46/><c_47/><c_48/><c_49/><c_50/><c_51/><c_52/><c_53/><c_54/><c_55/><c_56/><c_57/><c_58/><c_59/><c_60/><c_61/><c_62/><c_63/><c_64/><c_65/><c_66/><c_67/><c_68/><c_69/><c_70><input_value editor_connected="1"/><input_electric/></c_70><c_71><input_value editor_connected="1"/><input_electric/></c_71><c_72/><c_73/><c_74/><c_75/><c_76/><c_77/><c_78/><c_79/><c_80/><c_81/><c_82/><c_83/><c_84/><c_85/><c_86/><c_87/><c_88/><c_89/><c_90/><c_91/><c_92/><c_93/><c_94/><c_95/><c_96/><c_97/><c_98/><c_99/><c_100/><c_101/><c_102/><c_103/><c_104/><c_105/><c_106/><c_107/><c_108/><c_109/><c_110/><c_111/><c_112/><c_113/><c_114/><c_115/><c_116/><c_117/><c_118/><c_119/><c_120/><c_121/><c_122/><c_123/><c_124/><c_125/><c_126/><c_127/><c_128/><c_129 spawner_pending="false"><output_measure value="76.046143"/><output_measure_2/><fluid_1 demand="-0.106551"/><fluid_2 demand="0.293346"/><input_pivot/><input_pitch/><input_pitch_2/><input_electric/><torque_value/><contained_volume vol_total="8.936069" temp="76.046143" vol_0="8.936069"/><contained_volume_secondary temp="10.608645"/></c_129><c_130/><c_131><display_1/><display_2/><display_3/><display_4/><input_value><value/></input_value><output_value><value/></output_value><input_bool/><input_electric/></c_131><c_132><display_1/><display_2/><display_3/><display_4/><input_value><value/></input_value><output_value><value/></output_value><input_bool/><input_electric/></c_132><c_133 value_bool="true"><input_1_axis/><input_2_axis/><input_on_off editor_connected="1" value="true"/><electric/></c_133><c_134/><c_135/><c_136><output_measure/><output_measure_2/><fluid_1/><fluid_2/><input_pivot/><input_pitch/><input_pitch_2/><input_electric/><torque_value/><contained_volume temp="10.608645"/><contained_volume_secondary temp="10.608645"/></c_136><c_137><output_measure/><output_measure_2/><fluid_1/><fluid_2/><input_pivot/><input_pitch/><input_pitch_2/><input_electric/><torque_value/><contained_volume temp="10.608645"/><contained_volume_secondary temp="10.608645"/></c_137><c_138><output_measure/><output_measure_2/><fluid_1/><fluid_2/><input_pivot/><input_pitch/><input_pitch_2/><input_electric/><torque_value/><contained_volume temp="10.608645"/><contained_volume_secondary temp="10.608645"/></c_138><c_139><input_value/><input_electric/></c_139><c_140><input_value/><input_electric/></c_140><c_141/><c_142/><c_143/><c_144/><c_145 rotation="-0.013612" input_rotation="-0.017332"><input_value editor_connected="1" value="-0.015496"/><input_electric/></c_145><c_146/><c_147/><c_148 rotation="-0.013612" input_rotation="-0.017332"><input_value editor_connected="1" value="-0.015496"/><input_electric/></c_148><c_149/><c_150/><c_151/><c_152/><c_153/><c_154/><c_155/><c_156/><c_157/><c_158/><c_159/><c_160/><c_161/><c_162/><c_163/><c_164/><c_165/><c_166/><c_167/><c_168/><c_169/><c_170/><c_171/><c_172/><c_173><input_value/><input_electric/></c_173><c_174><input_value/><input_electric/></c_174><c_175/><c_176/><c_177/><c_178/><c_179/><c_180><output_measure/><output_measure_2/><fluid_1 demand="0.00507"/><fluid_2/><input_pivot/><input_pitch/><input_pitch_2/><input_electric/><torque_value/><contained_volume temp="10.608645"/><contained_volume_secondary temp="10.608645"/></c_180><c_181/><c_182/><c_183/><c_184/><c_185/><c_186/><c_187/><c_188/><c_189/><c_190/><c_191 throttle_value="0.661217" throttle="0.661217" rps="11.498092" temp="91.030357"><input_1_axis editor_connected="1" value="0.661174"/><input_on_off editor_connected="1"/><torque mass="10" demand="12.201237" flow="11.498092"/><electric/></c_191><c_192 rotations_per_second="32.278919"><1_axis/><bool_axis/><torque_value mass="1" demand="32.2789" flow="34.390949"/><electric_a p_charge="1" p_capacity="0.1"/><electric_b/></c_192><c_193><1_axis/><bool_axis/><torque_value/><electric_a p_charge="1" p_capacity="1600"/><electric_b/></c_193><c_194><1_axis/><bool_axis/><torque_value/><electric_a p_charge="1" p_capacity="1600"/><electric_b/></c_194><c_195/><c_196/><c_197/><c_198/><c_199/><c_200/><c_201/><c_202/><c_203/><c_204/><c_205/><c_206/><c_207/><c_208/><c_209/><c_210/><c_211/><c_212/><c_213/><c_214/><c_215/><c_216/><c_217/><c_218/><c_219/><c_220/><c_221/><c_222/><c_223/><c_224/><c_225/><c_226/><c_227/><c_228/><c_229/><c_230/><c_231/><c_232/><c_233/><c_234/><c_235/><c_236/><c_237/><c_238/><c_239/><c_240/><c_241/><c_242/><c_243/><c_244/><c_245/><c_246/><c_247/><c_248/><c_249/><c_250><input_bool_1/><input_bool_2/><input_float_1/><input_float_2/><input_float_3/><output_float_1 value="54.065563"/><output_float_2/><output_float_3/><output_float_4/><output_bool/><output_bool_2/><output_torque/><input_electric/><input_audio><value/></input_audio><output_audio><value/></output_audio></c_250><c_251/><c_252/><c_253/><c_254 light_is_on="true"><display_1 val_float="11.497971"/><display_2 val_float="374.798279"/><display_3/><display_4 val_float="1"/><input_value editor_connected="1"><value 02="374.796539" 03="1" 04="11.498043"/></input_value><output_value><value 02="374.798279" 03="1" 04="11.497971"/></output_value><input_bool value="true"/><input_electric/></c_254><c_255 value_f32="506.208038" value_bool="true"><input_1_axis editor_connected="1" value="506.208008"/><input_2_axis/><input_on_off editor_connected="1" value="true"/><electric/></c_255><c_256 value_f32="55.490566" value_bool="true"><input_1_axis editor_connected="1" value="55.490105"/><input_2_axis/><input_on_off editor_connected="1" value="true"/><electric/></c_256><c_257/><c_258/><c_259/><c_260/><c_261/><c_262/><c_263/><c_264/><c_265/><c_266/><c_267/><c_268/><c_269/><c_270/><c_271/><c_272/><c_273/><c_274/><c_275/><c_276/><c_277/><c_278/><c_279/><c_280/><c_281/><c_282/><c_283/><c_284/><c_285/><c_286/><c_287/><c_288/><c_289/><c_290/><c_291/><c_292/><c_293/><c_294/><c_295/><c_296/><c_297/><c_298/><c_299/><c_300/><c_301 rotation="-0.009762" input_rotation="-0.012429"><input_value editor_connected="1" value="-0.012435"/><input_electric/></c_301><c_302/><c_303/><c_304/><c_305/><c_306/><c_307/><c_308/><c_309/><c_310 rotation="-0.036294" input_rotation="-0.04621"><input_value editor_connected="1" value="0.046229"/><input_electric/></c_310><c_311 rotation="0.036293" input_rotation="0.04621"><input_value editor_connected="1" value="0.046229"/><input_electric/></c_311><c_312/><c_313/><c_314/><c_315/><c_316/><c_317/><c_318/><c_319/><c_320/><c_321/><c_322/><c_323/><c_324/><c_325/><c_326/><c_327/><c_328/><c_329/><c_330/><c_331/><c_332/><c_333/><c_334/><c_335/><c_336/><c_337/><c_338/><c_339/><c_340/><c_341/><c_342/><c_343/><c_344/><c_345/><c_346/><c_347/><c_348/><c_349/><c_350/><c_351/><c_352/><c_353/><c_354/><c_355/><c_356/><c_357/><c_358 light_is_on="true"><input_value editor_connected="1" value="true"/><input_electric/></c_358><c_359 light_is_on="true"><input_value editor_connected="1" value="true"/><input_electric/></c_359><c_360/><c_361/><c_362/><c_363/><c_364/><c_365/><c_366/><c_367/><c_368/><c_369/><c_370/><c_371/><c_372/><c_373/><c_374/><c_375/><c_376/><c_377/><c_378/><c_379/><c_380/><c_381/><c_382/><c_383/><c_384/><c_385/><c_386/><c_387/><c_388/><c_389/><c_390/><c_391/><c_392 heat_factor="1" value_bool="true"><input_on_off editor_connected="1" value="true"/><electric/></c_392><c_393/><c_394/><c_395><input_electric/><input_channel/><output_channel/><signal_strength/></c_395><c_396/><c_397/><c_398/><c_399/><c_400/><c_401/><c_402/><c_403/><c_404/><c_405/><c_406/><c_407 spawner_pending="false"><output_measure value="187.5"/><output_measure_2/><fluid_1 demand="0.012522"/><fluid_2/><input_pivot/><input_pitch/><input_pitch_2/><input_electric/><torque_value/><contained_volume vol_total="18.75" temp="54.188427" vol_1="18.75"/><contained_volume_secondary temp="10.608645"/></c_407><c_408/><c_409 input_float_1_val="506.208008"><input_bool_1/><input_bool_2/><input_float_1/><input_float_2/><input_float_3/><output_float_1 value="506.208008"/><output_float_2/><output_float_3/><output_float_4/><output_bool/><output_bool_2/><output_torque/><input_electric/><input_audio><value/></input_audio><output_audio><value/></output_audio></c_409><c_410 output_float_val="5.021085"><input_bool_1/><input_bool_2/><input_float_1/><input_float_2/><input_float_3/><output_float_1 value="55.484295"/><output_float_2 value="-0.000303"/><output_float_3/><output_float_4/><output_bool/><output_bool_2/><output_torque/><input_electric/><input_audio><value/></input_audio><output_audio><value/></output_audio></c_410><c_411 light_is_on="true"><input_value editor_connected="1" value="true"/><input_electric/></c_411><c_412 light_is_on="true"><input_value editor_connected="1"><value 01="0.33"/></input_value><output_value><value/></output_value><input_bool/><input_electric/></c_412><c_413><input_value/><input_electric/></c_413><c_414/><c_415/><c_416/><c_417/><c_418/><c_419/><c_420/><c_421/><c_422/><c_423/><c_424/><c_425/><c_426/><c_427/><c_428/><c_429/><c_430/><c_431/><c_432/><c_433/><c_434/><c_435/><c_436/><c_437/><c_438><input_value/><input_electric/></c_438><c_439><input_value/><input_electric/></c_439><c_440><input_value/><input_electric/></c_440><c_441><input_value/><input_electric/></c_441><c_442><input_value/><input_electric/></c_442><c_443/><c_444><rope_slot/><output_composite><value/></output_composite><input_composite><value/></input_composite><output_bool/><input_bool/><input_electric/><input_fluid/><input_video><value/></input_video><output_video><value/></output_video><input_audio><value/></input_audio><output_audio><value/></output_audio><winch_down/><winch_up/><output_float/></c_444><c_445><rope_slot/><output_composite><value/></output_composite><input_composite><value/></input_composite><output_bool/><input_bool/><input_electric/><input_fluid/><input_video><value/></input_video><output_video><value/></output_video><input_audio><value/></input_audio><output_audio><value/></output_audio><winch_down/><winch_up/><output_float/></c_445><c_446><display_1/><display_2/><display_3/><display_4/><input_value><value/></input_value><output_value><value/></output_value><input_bool/><input_electric/></c_446><c_447><display_1/><display_2/><display_3/><display_4/><input_value><value/></input_value><output_value><value/></output_value><input_bool/><input_electric/></c_447><c_448/><c_449/><c_450/><c_451/><c_452/><c_453/><c_454/><c_455/><c_456/><c_457/><c_458/><c_459><input_float/><body><transform><pos x="-4439.237233" y="505.076089" z="-2585.349037"/><rot x="0.193004" y="0.086589" z="0.977281" w="-0.013168"/></transform><lin_vel x="20.905626" y="-0.001639" z="51.401478"/><ang_vel x="0.001666" y="0.008652" z="0.004279"/></body></c_459><c_460/><c_461/><c_462><input_float/><body><transform><pos x="-4435.772872" y="503.651625" z="-2579.510022"/><rot x="0.193002" y="0.086589" z="0.977282" w="-0.013169"/></transform><lin_vel x="20.96224" y="0.003456" z="51.369133"/><ang_vel x="0.001666" y="0.008652" z="0.004278"/></body></c_462><c_463/><c_464/><c_465/><c_466/><c_467/><c_468/><c_469/><c_470/><c_471/><c_472/><c_473><input_bool_1/><input_bool_2/><input_float_1/><input_float_2/><input_float_3/><output_float_1/><output_float_2/><output_float_3/><output_float_4/><output_bool/><output_bool_2/><output_torque/><input_electric/><input_audio><value/></input_audio><output_audio><value/></output_audio></c_473><c_474 collective="0.952569" prop_rot="4.625984" prop_vel="31.105232" render_rotation_vel="31.105526"><x_axis_value value="0.952619"/><y_axis_value/><torque_value mass="1.5" demand="31.105526" flow="34.390949"/><torque_value_2/></c_474><c_475 input_float_1_val="55.490105"><input_bool_1/><input_bool_2/><input_float_1/><input_float_2/><input_float_3/><output_float_1 value="55.490105"/><output_float_2/><output_float_3/><output_float_4/><output_bool/><output_bool_2/><output_torque/><input_electric/><input_audio><value/></input_audio><output_audio><value/></output_audio></c_475><c_476><input_float/><body><transform><pos x="-4437.623177" y="503.666999" z="-2578.750986"/><rot x="0.193006" y="0.086589" z="0.977281" w="-0.013166"/></transform><lin_vel x="20.968742" y="-0.005725" z="51.385166"/><ang_vel x="0.001665" y="0.008652" z="0.004279"/></body></c_476><c_477/><c_478/><c_479/><c_480><output_measure/><output_measure_2/><fluid_1/><fluid_2/><input_pivot/><input_pitch/><input_pitch_2/><input_electric/><torque_value/><contained_volume temp="10.608645"/><contained_volume_secondary temp="10.608645"/></c_480><c_481/><c_482 input_bool_1_val="true" output_bool_val="true"><input_bool_1 editor_connected="1" value="true"/><input_bool_2 editor_connected="1"/><input_float_1/><input_float_2/><input_float_3/><output_float_1/><output_float_2/><output_float_3/><output_float_4/><output_bool value="true"/><output_bool_2/><output_torque/><input_electric/><input_audio><value/></input_audio><output_audio><value/></output_audio></c_482><c_483 spawner_pending="false"><output_measure value="187.293106"/><output_measure_2/><fluid_1 demand="-0.000285"/><fluid_2/><input_pivot/><input_pitch/><input_pitch_2/><input_electric/><torque_value/><contained_volume vol_total="18.729311" temp="54.186756" vol_1="18.729311"/><contained_volume_secondary temp="10.608645"/></c_483><c_484><microprocessor_definition><group><component_states><c0><in1/><in2 v="true"/><out1/></c0><c1><in1 v="11.498043"/><in2 v="2"/><out1/></c1><c2><out1 v="12"/></c2><c3 te="8695.191406" pe="1.101956" pes="true"><in1 v="12.599999"/><in2 v="11.498043"/><in3 v="true"/><out1 v="0.661174"/></c3><c4><in1 v="12"/><out1 v="12.599999"/></c4><c5><out1 v="1"/></c5><c6><inc><v/></inc><in1 v="374.796539"/><in2 v="1"/><in3 v="11.498043"/><out1><v 02="374.796539" 03="1" 04="11.498043"/></out1></c6><c7 c2="61"><in1/><out1/></c7><c8><in1 v="374.796539"/><in2 v="1"/><out1 v="true"/></c8><c9 c="14"><in1 v="true"/><out1 v="true"/></c9><c10 is="true"><in1 v="true"/><in2/><in3/><out1 v="0.36"/></c10><c11><in1 v="true"/><out1/></c11><c12><in1 v="true"/><in2 v="true"/><out1 v="true"/></c12><c13><inc><v/></inc><in1 v="0.33"/><out1><v 01="0.33"/></out1></c13><c14><out1 v="0.2"/></c14><c15><in1 v="-0.004971"/><out1 v="0.004971"/></c15><c16><in1 v="-0.024869"/><in2 v="0.2"/><out1 v="-0.004974"/></c16><c17><out1 v="2"/></c17><c18><in1><v bools="2147483649" 01="-0.017405" 02="0.077073" 03="-0.024879" 04="0.952668"/></in1><out1 v="-0.017405"/></c18><c19><in1><v bools="2147483649" 01="-0.017405" 02="0.077073" 03="-0.024879" 04="0.952668"/></in1><out1 v="0.077073"/></c19><c20><in1><v bools="2147483649" 01="-0.017405" 02="0.077073" 03="-0.024879" 04="0.952668"/></in1><out1 v="-0.024879"/></c20><c21><in1><v bools="2147483649" 01="-0.017405" 02="0.077073" 03="-0.024879" 04="0.952668"/></in1><out1 v="0.952668"/></c21><c22><in1 v="0.8"/><in2 v="-0.01937"/><out1 v="-0.015496"/></c22><c23><out1 v="0.8"/></c23><c24><out1 v="0.6"/></c24><c25 p2="0.6" p3="0.077048"><in1/><in2 v="0.6"/><in3 v="0.077048"/><out1 v="0.046229"/></c25><c26><out1/></c26><c27><in1 v="0.5"/><in2 v="-0.024869"/><out1 v="-0.012435"/></c27><c28><out1 v="0.5"/></c28><c29 p1="-0.4" p2="0.952619"><in1 v="-0.4"/><in2 v="0.952619"/><in3/><out1 v="0.952619"/></c29><c30><out1 v="-0.4"/></c30><c31><in1 v="187.5"/><in2 v="187.29483"/><in3/><in4/><in5/><in6/><in7/><in8/><out1 v="374.79483"/></c31></component_states><component_bridge_states><c0><in1 v="0.661174"/><out1 v="0.661174"/></c0><c1><in1/><out1/></c1><c2><in1 v="11.498043"/><out1 v="11.498043"/></c2><c3><in1 v="187.5"/><out1 v="187.5"/></c3><c4><in1 v="1"/><out1 v="1"/></c4><c5><in1 v="true"/><out1 v="true"/></c5><c6><in1><v 02="374.796539" 03="1" 04="11.498043"/></in1><out1><v 02="374.796539" 03="1" 04="11.498043"/></out1></c6><c7><in1 v="true"/><out1 v="true"/></c7><c8><in1><v 01="0.33"/></in1><out1><v 01="0.33"/></out1></c8><c9><in1 v="-0.004974"/><out1 v="-0.004974"/></c9><c10><in1 v="0.004971"/><out1 v="0.004971"/></c10><c11><in1><v bools="2147483649" 01="-0.017405" 02="0.077073" 03="-0.024879" 04="0.952668"/></in1><out1><v bools="2147483649" 01="-0.017405" 02="0.077073" 03="-0.024879" 04="0.952668"/></out1></c11><c12><in1 v="0.046229"/><out1 v="0.046229"/></c12><c13><in1 v="-0.015496"/><out1 v="-0.015496"/></c13><c14><in1 v="-0.012435"/><out1 v="-0.012435"/></c14><c15><in1 v="0.952619"/><out1 v="0.952619"/></c15><c16><in1 v="187.29483"/><out1 v="187.29483"/></c16><c17><in1/><out1/></c17><c18><in1/><out1/></c18></component_bridge_states><group_states/></group></microprocessor_definition><ib0 value="true"/><ob0/><ob1 value="true"/><if0 value="11.498086"/><if1 value="187.5"/><if2 value="1"/><if3 value="187.293106"/><if4/><if5/><of0 value="0.661174"/><of1 value="-0.004974"/><of2 value="0.004971"/><of3 value="0.046229"/><of4 value="-0.015496"/><of5 value="-0.012435"/><of6 value="0.952619"/><ic0><value bools="2147483649" 01="-0.015759" 02="0.077092" 03="-0.024893" 04="0.952716"/></ic0><oc0><value 02="374.796539" 03="1" 04="11.498043"/></oc0><oc1><value 01="0.33"/></oc1></c_484><c_485><output_measure/><output_measure_2/><fluid_1/><fluid_2/><input_pivot/><input_pitch/><input_pitch_2/><input_electric/><torque_value/><contained_volume temp="10.608645"/><contained_volume_secondary temp="10.608645"/></c_485><c_486/><c_487/><c_488/><c_489/><c_490/><c_491/><c_492/><c_493/><c_494/><c_495/><c_496/><c_497/><c_498/><c_499/><c_500/><c_501/><c_502/><c_503/><c_504/><c_505/><c_506/><c_507/><c_508/><c_509/><c_510/><c_511/><c_512/><c_513/><c_514/><c_515/><c_516><output_measure/><output_measure_2/><fluid_1 demand="-0.003584"/><fluid_2/><input_pivot/><input_pitch/><input_pitch_2/><input_electric/><torque_value/><contained_volume temp="10.608645"/><contained_volume_secondary temp="10.608645"/></c_516><c_517><output_measure/><output_measure_2/><fluid_1/><fluid_2/><input_pivot/><input_pitch/><input_pitch_2/><input_electric/><torque_value/><contained_volume temp="10.608645"/><contained_volume_secondary temp="10.608645"/></c_517><c_518><input_float_1/><input_bool_1/><output_float_1/><output_float_2/><torque_1 flow="34.390949" ratio="0.333333"/><torque_2 flow="11.498092" ratio="3"/><input_electric/></c_518><c_519/><c_520/></b_0></vehicle_state>