<?xml version="1.0" encoding="UTF-8"?><vehicle_state><transform 00="0.731083" 02="0.682289" 20="-0.682289" 22="0.731083" 30="-5620.642278" 31="7.016948" 32="-3313.606713"/><r_island_0 fuel_factor="1" fuel_capacity="10000"/><r_island_1 fuel_factor="1" fuel_capacity="10000"/><b_0><volume_0 temp="20.565161"/><volume_1 temp="20.564217"/><local_transform 30="-0.012423" 31="1.644313" 32="-2.543468"/><physics><transform><pos x="-5620.642278" y="7.016948" z="-3313.606713"/><rot y="-0.366686" w="0.930345"/></transform></physics><c_0/><c_1/><c_2/><c_3/><c_4/><c_5/><c_6/><c_7/><c_8/><c_9/><c_10/><c_11/><c_12/><c_13/><c_14/><c_15/><c_16/><c_17/><c_18/><c_19/><c_20/><c_21/><c_22/><c_23/><c_24/><c_25/><c_26/><c_27/><c_28/><c_29/><c_30/><c_31/><c_32/><c_33/><c_34/><c_35/><c_36/><c_37/><c_38/><c_39/><c_40/><c_41/><c_42/><c_43/><c_44/><c_45/><c_46/><c_47/><c_48/><c_49/><c_50/><c_51/><c_52/><c_53/><c_54/><c_55/><c_56/><c_57/><c_58/><c_59/><c_60/><c_61/><c_62/><c_63/><c_64/><c_65/><c_66/><c_67/><c_68/><c_69/><c_70/><c_71/><c_72/><c_73/><c_74/><c_75/><c_76/><c_77/><c_78/><c_79/><c_80/><c_81/><c_82/><c_83/><c_84/><c_85/><c_86/><c_87/><c_88/><c_89/><c_90/><c_91/><c_92/><c_93/><c_94/><c_95/><c_96/><c_97/><c_98/><c_99/><c_100/><c_101/><c_102/><c_103/><c_104/><c_105/><c_106/><c_107/><c_108/><c_109/><c_110/><c_111/><c_112/><c_113/><c_114/><c_115/><c_116/><c_117/><c_118/><c_119/><c_120/><c_121/><c_122/><c_123/><c_124/><c_125/><c_126/><c_127/><c_128/><c_129/><c_130/><c_131/><c_132/><c_133/><c_134/><c_135/><c_136/><c_137/><c_138/><c_139/><c_140/><c_141/><c_142/><c_143/><c_144/><c_145/><c_146/><c_147/><c_148/><c_149/><c_150/><c_151/><c_152/><c_153/><c_154/><c_155/><c_156/><c_157/><c_158/><c_159/><c_160/><c_161/><c_162/><c_163/><c_164/><c_165/><c_166/><c_167/><c_168/><c_169/><c_170/><c_171/><c_172/><c_173/><c_174/><c_175/><c_176/><c_177/><c_178/><c_179/><c_180/><c_181/><c_182/><c_183/><c_184/><c_185/><c_186/><c_187/><c_188/><c_189/><c_190/><c_191/><c_192/><c_193/><c_194/><c_195/><c_196/><c_197/><c_198/><c_199/><c_200/><c_201/><c_202/><c_203/><c_204/><c_205/><c_206/><c_207/><c_208/><c_209/><c_210/><c_211/><c_212/><c_213/><c_214/><c_215/><c_216/><c_217/><c_218/><c_219/><c_220/><c_221/><c_222/><c_223/><c_224/><c_225/><c_226/><c_227/><c_228/><c_229/><c_230/><c_231/><c_232/><c_233/><c_234/><c_235/><c_236/><c_237/><c_238/><c_239/><c_240/><c_241/><c_242/><c_243/><c_244/><c_245/><c_246/><c_247/><c_248/><c_249/><c_250/><c_251/><c_252/><c_253/><c_254/><c_255/><c_256/><c_257/><c_258/><c_259/><c_260/><c_261/><c_262/><c_263/><c_264/><c_265/><c_266/><c_267/><c_268/><c_269/><c_270/><c_271/><c_272/><c_273/><c_274/><c_275/><c_276/><c_277/><c_278/><c_279/><c_280/><c_281/><c_282/><c_283/><c_284/><c_285/><c_286/><c_287/><c_288/><c_289/><c_290/><c_291/><c_292/><c_293/><c_294/><c_295/><c_296/><c_297/><c_298/><c_299/><c_300/><c_301/><c_302/><c_303/><c_304/><c_305/><c_306/><c_307/><c_308/><c_309/><c_310/><c_311/><c_312/><c_313/><c_314/><c_315/><c_316/><c_317/><c_318/><c_319/><c_320/><c_321/><c_322/><c_323/><c_324/><c_325/><c_326/><c_327/><c_328/><c_329/><c_330/><c_331/><c_332/><c_333/><c_334/><c_335/><c_336/><c_337/><c_338/><c_339/><c_340/><c_341/><c_342/><c_343/><c_344/><c_345/><c_346/><c_347/><c_348/><c_349/><c_350/><c_351/><c_352/><c_353/><c_354/><c_355/><c_356/><c_357/><c_358/><c_359/><c_360/><c_361/><c_362/><c_363/><c_364/><c_365/><c_366/><c_367/><c_368/><c_369/><c_370/><c_371/><c_372/><c_373/><c_374/><c_375/><c_376/><c_377/><c_378/><c_379/><c_380/><c_381/><c_382/><c_383/><c_384/><c_385/><c_386/><c_387/><c_388/><c_389/><c_390/><c_391/><c_392/><c_393/><c_394/><c_395/><c_396/><c_397/><c_398/><c_399/><c_400/><c_401/><c_402/><c_403/><c_404/><c_405/><c_406/><c_407/><c_408/><c_409/><c_410/><c_411/><c_412/><c_413/><c_414/><c_415/><c_416/><c_417/><c_418/><c_419/><c_420/><c_421/><c_422/><c_423/><c_424/><c_425/><c_426/><c_427/><c_428/><c_429/><c_430/><c_431/><c_432/><c_433/><c_434/><c_435/><c_436/><c_437/><c_438/><c_439/><c_440/><c_441/><c_442/><c_443/><c_444/><c_445/><c_446/><c_447/><c_448/><c_449/><c_450/><c_451/><c_452/><c_453/><c_454/><c_455/><c_456/><c_457/><c_458/><c_459/><c_460/><c_461/><c_462/><c_463/><c_464/><c_465/><c_466/><c_467/><c_468/><c_469/><c_470/><c_471/><c_472/><c_473/><c_474/><c_475/><c_476/><c_477/><c_478/><c_479/><c_480/><c_481/><c_482/><c_483/><c_484/><c_485/><c_486/><c_487/><c_488/><c_489/><c_490/><c_491/><c_492/><c_493/><c_494/><c_495/><c_496/><c_497/><c_498/><c_499/><c_500/><c_501/><c_502/><c_503/><c_504/><c_505/><c_506/><c_507/><c_508/><c_509/><c_510/><c_511/><c_512/><c_513/><c_514/><c_515/><c_516/><c_517/><c_518/><c_519/><c_520/><c_521/><c_522/><c_523/><c_524/><c_525/><c_526/><c_527/><c_528/><c_529/><c_530/><c_531/><c_532/><c_533/><c_534/><c_535/><c_536/><c_537/><c_538/><c_539/><c_540/><c_541/><c_542/><c_543/><c_544/><c_545/><c_546/><c_547/><c_548/><c_549/><c_550/><c_551/><c_552/><c_553/><c_554/><c_555/><c_556/><c_557/><c_558/><c_559/><c_560/><c_561/><c_562/><c_563/><c_564/><c_565/><c_566/><c_567/><c_568/><c_569/><c_570/><c_571/><c_572/><c_573/><c_574/><c_575/><c_576/><c_577/><c_578/><c_579/><c_580/><c_581/><c_582/><c_583/><c_584/><c_585/><c_586/><c_587/><c_588/><c_589/><c_590/><c_591/><c_592/><c_593/><c_594/><c_595/><c_596/><c_597/><c_598/><c_599/><c_600/><c_601/><c_602/><c_603/><c_604/><c_605/><c_606/><c_607/><c_608/><c_609/><c_610/><c_611/><c_612/><c_613/><c_614/><c_615/><c_616/><c_617/><c_618/><c_619/><c_620/><c_621/><c_622/><c_623/><c_624/><c_625/><c_626/><c_627/><c_628/><c_629/><c_630/><c_631/><c_632/><c_633><input_bool/><input_torque/><input_float/><input_float_2/><body><transform><pos x="-5624.52667" y="6.661261" z="-3311.478013"/><rot x="-0.281829" y="0.648515" z="-0.648515" w="-0.281829"/></transform></body></c_633><c_634><input_bool/><input_torque/><input_float/><input_float_2/><body><transform><pos x="-5622.516192" y="6.661261" z="-3309.601719"/><rot x="-0.494884" y="0.706401" z="-0.505064" w="-0.03159"/></transform></body></c_634><c_635><input_bool/><input_torque/><input_float/><input_float_2/><body><transform><pos x="-5617.399025" y="6.661261" z="-3315.08484"/><rot x="-0.494884" y="0.706401" z="-0.505064" w="-0.03159"/></transform></body></c_635><c_636><input_bool/><input_torque/><input_float/><input_float_2/><body><transform><pos x="-5623.673809" y="6.161261" z="-3312.391867"/><rot x="-0.281829" y="0.648515" z="-0.648515" w="-0.281829"/></transform></body></c_636><c_637><input_bool/><input_torque/><input_float/><input_float_2/><body><transform><pos x="-5621.663331" y="6.161261" z="-3310.515572"/><rot x="-0.494884" y="0.706401" z="-0.505064" w="-0.03159"/></transform></body></c_637><c_638><input_bool/><input_torque/><input_float/><input_float_2/><body><transform><pos x="-5622.820947" y="6.161261" z="-3313.30572"/><rot x="-0.281829" y="0.648515" z="-0.648515" w="-0.281829"/></transform></body></c_638><c_639><input_bool/><input_torque/><input_float/><input_float_2/><body><transform><pos x="-5620.81047" y="6.161261" z="-3311.429426"/><rot x="-0.494884" y="0.706401" z="-0.505064" w="-0.03159"/></transform></body></c_639><c_640><input_bool/><input_torque/><input_float/><input_float_2/><body><transform><pos x="-5621.968086" y="6.161261" z="-3314.219574"/><rot x="-0.281829" y="0.648515" z="-0.648515" w="-0.281829"/></transform></body></c_640><c_641><input_bool/><input_torque/><input_float/><input_float_2/><body><transform><pos x="-5619.957609" y="6.161261" z="-3312.343279"/><rot x="-0.494884" y="0.706401" z="-0.505064" w="-0.03159"/></transform></body></c_641><c_642><input_bool/><input_torque/><input_float/><input_float_2/><body><transform><pos x="-5621.115225" y="6.161261" z="-3315.133427"/><rot x="-0.281829" y="0.648515" z="-0.648515" w="-0.281829"/></transform></body></c_642><c_643><input_bool/><input_torque/><input_float/><input_float_2/><body><transform><pos x="-5619.104747" y="6.161261" z="-3313.257133"/><rot x="-0.494884" y="0.706401" z="-0.505064" w="-0.03159"/></transform></body></c_643><c_644><input_bool/><input_torque/><input_float/><input_float_2/><body><transform><pos x="-5620.262364" y="6.161261" z="-3316.047281"/><rot x="-0.281829" y="0.648515" z="-0.648515" w="-0.281829"/></transform></body></c_644><c_645><input_bool/><input_torque/><input_float/><input_float_2/><body><transform><pos x="-5618.251886" y="6.161261" z="-3314.170986"/><rot x="-0.494884" y="0.706401" z="-0.505064" w="-0.03159"/></transform></body></c_645><c_646/><c_647/><c_648/><c_649/><c_650/><c_651/><c_652/><c_653/><c_654/><c_655/><c_656/><c_657/><c_658/><c_659/><c_660/><c_661/><c_662/><c_663/><c_664/><c_665/><c_666/><c_667/><c_668/><c_669/><c_670/><c_671/><c_672/><c_673/><c_674/><c_675/><c_676/><c_677/><c_678/><c_679/><c_680/><c_681/><c_682/><c_683/><c_684/><c_685/><c_686/><c_687/><c_688/><c_689/><c_690/><c_691/><c_692/><c_693/><c_694/><c_695/><c_696/><c_697/><c_698/><c_699/><c_700/><c_701/><c_702/><c_703/><c_704/><c_705/><c_706/><c_707/><c_708/><c_709/><c_710/><c_711/><c_712/><c_713/><c_714/><c_715/><c_716/><c_717/><c_718/><c_719/><c_720/><c_721/><c_722/><c_723/><c_724/><c_725/><c_726><output_measure/><output_measure_2/><fluid_1/><fluid_2/><input_pivot/><input_pitch/><input_pitch_2/><input_electric/><torque_value/><contained_volume temp="22.392076"/><contained_volume_secondary temp="22.392076"/></c_726><c_727><output_measure/><output_measure_2/><fluid_1/><fluid_2/><input_pivot/><input_pitch/><input_pitch_2/><input_electric/><torque_value/><contained_volume temp="22.392076"/><contained_volume_secondary temp="22.392076"/></c_727><c_728><output_measure/><output_measure_2/><fluid_1/><fluid_2/><input_pivot/><input_pitch/><input_pitch_2/><input_electric/><torque_value/><contained_volume temp="22.392076"/><contained_volume_secondary temp="22.392076"/></c_728><c_729><output_measure/><output_measure_2/><fluid_1/><fluid_2/><input_pivot/><input_pitch/><input_pitch_2/><input_electric/><torque_value/><contained_volume temp="22.392076"/><contained_volume_secondary temp="22.392076"/></c_729><c_730><output_measure/><output_measure_2/><fluid_1/><fluid_2/><input_pivot/><input_pitch/><input_pitch_2/><input_electric/><torque_value/><contained_volume temp="22.392076"/><contained_volume_secondary temp="22.392076"/></c_730><c_731><output_measure/><output_measure_2/><fluid_1/><fluid_2/><input_pivot/><input_pitch/><input_pitch_2/><input_electric/><torque_value/><contained_volume temp="22.392076"/><contained_volume_secondary temp="22.392076"/></c_731><c_732><output_measure/><output_measure_2/><fluid_1/><fluid_2/><input_pivot/><input_pitch/><input_pitch_2/><input_electric/><torque_value/><contained_volume temp="22.392076"/><contained_volume_secondary temp="22.392076"/></c_732><c_733><output_measure/><output_measure_2/><fluid_1/><fluid_2/><input_pivot/><input_pitch/><input_pitch_2/><input_electric/><torque_value/><contained_volume temp="22.392076"/><contained_volume_secondary temp="22.392076"/></c_733><c_734><output_measure/><output_measure_2/><fluid_1/><fluid_2/><input_pivot/><input_pitch/><input_pitch_2/><input_electric/><torque_value/><contained_volume temp="22.392076"/><contained_volume_secondary temp="22.392076"/></c_734><c_735><output_measure/><output_measure_2/><fluid_1/><fluid_2/><input_pivot/><input_pitch/><input_pitch_2/><input_electric/><torque_value/><contained_volume temp="22.392076"/><contained_volume_secondary temp="22.392076"/></c_735><c_736><output_measure/><output_measure_2/><fluid_1/><fluid_2/><input_pivot/><input_pitch/><input_pitch_2/><input_electric/><torque_value/><contained_volume temp="22.392076"/><contained_volume_secondary temp="22.392076"/></c_736><c_737><output_measure/><output_measure_2/><fluid_1/><fluid_2/><input_pivot/><input_pitch/><input_pitch_2/><input_electric/><torque_value/><contained_volume temp="22.392076"/><contained_volume_secondary temp="22.392076"/></c_737><c_738><output_measure/><output_measure_2/><fluid_1/><fluid_2/><input_pivot/><input_pitch/><input_pitch_2/><input_electric/><torque_value/><contained_volume temp="22.392076"/><contained_volume_secondary temp="22.392076"/></c_738><c_739><output_measure/><output_measure_2/><fluid_1/><fluid_2/><input_pivot/><input_pitch/><input_pitch_2/><input_electric/><torque_value/><contained_volume temp="22.392076"/><contained_volume_secondary temp="22.392076"/></c_739><c_740><output_measure/><output_measure_2/><fluid_1/><fluid_2/><input_pivot/><input_pitch/><input_pitch_2/><input_electric/><torque_value/><contained_volume temp="22.392076"/><contained_volume_secondary temp="22.392076"/></c_740><c_741><output_measure/><output_measure_2/><fluid_1/><fluid_2/><input_pivot/><input_pitch/><input_pitch_2/><input_electric/><torque_value/><contained_volume temp="22.392076"/><contained_volume_secondary temp="22.392076"/></c_741><c_742><output_measure/><output_measure_2/><fluid_1/><fluid_2/><input_pivot/><input_pitch/><input_pitch_2/><input_electric/><torque_value/><contained_volume temp="22.392076"/><contained_volume_secondary temp="22.392076"/></c_742><c_743><output_measure/><output_measure_2/><fluid_1/><fluid_2/><input_pivot/><input_pitch/><input_pitch_2/><input_electric/><torque_value/><contained_volume temp="22.392076"/><contained_volume_secondary temp="22.392076"/></c_743><c_744><output_measure/><output_measure_2/><fluid_1/><fluid_2/><input_pivot/><input_pitch/><input_pitch_2/><input_electric/><torque_value/><contained_volume temp="22.392076"/><contained_volume_secondary temp="22.392076"/></c_744><c_745><output_measure/><output_measure_2/><fluid_1/><fluid_2/><input_pivot/><input_pitch/><input_pitch_2/><input_electric/><torque_value/><contained_volume temp="22.392076"/><contained_volume_secondary temp="22.392076"/></c_745><c_746><output_measure/><output_measure_2/><fluid_1/><fluid_2/><input_pivot/><input_pitch/><input_pitch_2/><input_electric/><torque_value/><contained_volume temp="22.392076"/><contained_volume_secondary temp="22.392076"/></c_746><c_747><output_measure/><output_measure_2/><fluid_1/><fluid_2/><input_pivot/><input_pitch/><input_pitch_2/><input_electric/><torque_value/><contained_volume temp="22.392076"/><contained_volume_secondary temp="22.392076"/></c_747><c_748><output_measure/><output_measure_2/><fluid_1/><fluid_2/><input_pivot/><input_pitch/><input_pitch_2/><input_electric/><torque_value/><contained_volume temp="22.392076"/><contained_volume_secondary temp="22.392076"/></c_748><c_749><output_measure/><output_measure_2/><fluid_1/><fluid_2/><input_pivot/><input_pitch/><input_pitch_2/><input_electric/><torque_value/><contained_volume temp="22.392076"/><contained_volume_secondary temp="22.392076"/></c_749><c_750><output_measure/><output_measure_2/><fluid_1/><fluid_2/><input_pivot/><input_pitch/><input_pitch_2/><input_electric/><torque_value/><contained_volume temp="22.392076"/><contained_volume_secondary temp="22.392076"/></c_750><c_751><output_measure/><output_measure_2/><fluid_1/><fluid_2/><input_pivot/><input_pitch/><input_pitch_2/><input_electric/><torque_value/><contained_volume temp="22.392076"/><contained_volume_secondary temp="22.392076"/></c_751><c_752><output_measure/><output_measure_2/><fluid_1/><fluid_2/><input_pivot/><input_pitch/><input_pitch_2/><input_electric/><torque_value/><contained_volume temp="22.392076"/><contained_volume_secondary temp="22.392076"/></c_752><c_753><output_measure/><output_measure_2/><fluid_1/><fluid_2/><input_pivot/><input_pitch/><input_pitch_2/><input_electric/><torque_value/><contained_volume temp="22.392076"/><contained_volume_secondary temp="22.392076"/></c_753><c_754><output_measure/><output_measure_2/><fluid_1/><fluid_2/><input_pivot/><input_pitch/><input_pitch_2/><input_electric/><torque_value/><contained_volume temp="22.392076"/><contained_volume_secondary temp="22.392076"/></c_754><c_755><output_measure/><output_measure_2/><fluid_1/><fluid_2/><input_pivot/><input_pitch/><input_pitch_2/><input_electric/><torque_value/><contained_volume temp="22.392076"/><contained_volume_secondary temp="22.392076"/></c_755><c_756/><c_757/><c_758/><c_759/><c_760/><c_761/><c_762/><c_763/><c_764><output_measure/><output_measure_2/><fluid_1/><fluid_2/><input_pivot/><input_pitch/><input_pitch_2/><input_electric/><torque_value/><contained_volume temp="22.392076"/><contained_volume_secondary temp="22.392076"/></c_764><c_765><output_measure/><output_measure_2/><fluid_1/><fluid_2/><input_pivot/><input_pitch/><input_pitch_2/><input_electric/><torque_value/><contained_volume temp="22.392076"/><contained_volume_secondary temp="22.392076"/></c_765><c_766><output_measure/><output_measure_2/><fluid_1/><fluid_2/><input_pivot/><input_pitch/><input_pitch_2/><input_electric/><torque_value/><contained_volume temp="22.392076"/><contained_volume_secondary temp="22.392076"/></c_766><c_767><output_measure/><output_measure_2/><fluid_1/><fluid_2/><input_pivot/><input_pitch/><input_pitch_2/><input_electric/><torque_value/><contained_volume temp="22.392076"/><contained_volume_secondary temp="22.392076"/></c_767><c_768><output_measure/><output_measure_2/><fluid_1/><fluid_2/><input_pivot/><input_pitch/><input_pitch_2/><input_electric/><torque_value/><contained_volume temp="22.392076"/><contained_volume_secondary temp="22.392076"/></c_768><c_769><output_measure/><output_measure_2/><fluid_1/><fluid_2/><input_pivot/><input_pitch/><input_pitch_2/><input_electric/><torque_value/><contained_volume temp="22.392076"/><contained_volume_secondary temp="22.392076"/></c_769><c_770><output_measure/><output_measure_2/><fluid_1/><fluid_2/><input_pivot/><input_pitch/><input_pitch_2/><input_electric/><torque_value/><contained_volume temp="22.392076"/><contained_volume_secondary temp="22.392076"/></c_770><c_771><output_measure/><output_measure_2/><fluid_1/><fluid_2/><input_pivot/><input_pitch/><input_pitch_2/><input_electric/><torque_value/><contained_volume temp="22.392076"/><contained_volume_secondary temp="22.392076"/></c_771><c_772><output_measure/><output_measure_2/><fluid_1/><fluid_2/><input_pivot/><input_pitch/><input_pitch_2/><input_electric/><torque_value/><contained_volume temp="22.392076"/><contained_volume_secondary temp="22.392076"/></c_772><c_773><output_measure/><output_measure_2/><fluid_1/><fluid_2/><input_pivot/><input_pitch/><input_pitch_2/><input_electric/><torque_value/><contained_volume temp="22.392076"/><contained_volume_secondary temp="22.392076"/></c_773><c_774><output_measure/><output_measure_2/><fluid_1/><fluid_2/><input_pivot/><input_pitch/><input_pitch_2/><input_electric/><torque_value/><contained_volume temp="22.392076"/><contained_volume_secondary temp="22.392076"/></c_774><c_775><output_measure/><output_measure_2/><fluid_1/><fluid_2/><input_pivot/><input_pitch/><input_pitch_2/><input_electric/><torque_value/><contained_volume temp="22.392076"/><contained_volume_secondary temp="22.392076"/></c_775><c_776><output_measure/><output_measure_2/><fluid_1/><fluid_2/><input_pivot/><input_pitch/><input_pitch_2/><input_electric/><torque_value/><contained_volume temp="22.392076"/><contained_volume_secondary temp="22.392076"/></c_776><c_777><output_measure/><output_measure_2/><fluid_1/><fluid_2/><input_pivot/><input_pitch/><input_pitch_2/><input_electric/><torque_value/><contained_volume temp="22.392076"/><contained_volume_secondary temp="22.392076"/></c_777><c_778><output_measure/><output_measure_2/><fluid_1/><fluid_2/><input_pivot/><input_pitch/><input_pitch_2/><input_electric/><torque_value/><contained_volume temp="22.392076"/><contained_volume_secondary temp="22.392076"/></c_778><c_779><output_measure/><output_measure_2/><fluid_1/><fluid_2/><input_pivot/><input_pitch/><input_pitch_2/><input_electric/><torque_value/><contained_volume temp="22.392076"/><contained_volume_secondary temp="22.392076"/></c_779><c_780><output_measure/><output_measure_2/><fluid_1/><fluid_2/><input_pivot/><input_pitch/><input_pitch_2/><input_electric/><torque_value/><contained_volume temp="22.392076"/><contained_volume_secondary temp="22.392076"/></c_780><c_781><output_measure/><output_measure_2/><fluid_1/><fluid_2/><input_pivot/><input_pitch/><input_pitch_2/><input_electric/><torque_value/><contained_volume temp="22.392076"/><contained_volume_secondary temp="22.392076"/></c_781><c_782><input_bool_1/><output_bool_1/></c_782><c_783><input_bool_1/><output_bool_1/></c_783><c_784><input_bool_1/><output_bool_1/></c_784><c_785><input_bool_1/><output_bool_1/></c_785><c_786><input_bool_1/><output_bool_1/></c_786><c_787><input_bool_1/><output_bool_1/></c_787><c_788><input_bool_1/><output_bool_1/></c_788><c_789><input_bool_1/><output_bool_1/></c_789><c_790><input_bool_1/><output_bool_1/></c_790><c_791><input_bool_1/><output_bool_1/></c_791><c_792><input_bool_1/><output_bool_1/></c_792><c_793><input_bool_1/><output_bool_1/></c_793><c_794><input_bool_1/><output_bool_1/></c_794><c_795><input_bool_1/><output_bool_1/></c_795><c_796><input_bool_1/><output_bool_1/></c_796><c_797><input_bool_1/><output_bool_1/></c_797><c_798><input_bool_1/><output_bool_1/></c_798><c_799><input_bool_1/><output_bool_1/></c_799><c_800/><c_801/><c_802/><c_803/><c_804/><c_805/><c_806/><c_807/><c_808/><c_809/><c_810/><c_811/><c_812/><c_813><input_bool/><input_torque/><input_float/><input_float_2/><body><transform><pos x="-5619.409503" y="6.661261" z="-3316.961134"/><rot x="-0.281829" y="0.648515" z="-0.648515" w="-0.281829"/></transform></body></c_813><c_814/><c_815/><c_816/><c_817/><c_818/><c_819/><c_820/><c_821/><c_822/><c_823/><c_824/><c_825/><c_826/><c_827/><c_828/><c_829/><c_830/><c_831/><c_832/><c_833/><c_834/><c_835/><c_836/><c_837/><c_838/><c_839/><c_840/><c_841/><c_842/><c_843/><c_844/><c_845/><c_846/><c_847/><c_848/><c_849/><c_850/><c_851/><c_852/><c_853/><c_854/><c_855/><c_856/><c_857/><c_858><input_value/><input_electric/></c_858><c_859><input_value/><input_electric/></c_859><c_860/><c_861/><c_862/><c_863/><c_864/><c_865/><c_866/><c_867/><c_868/><c_869><input_value/><input_electric/></c_869><c_870><input_value/><input_electric/></c_870><c_871><input_value/><input_electric/></c_871><c_872><input_value/><input_electric/></c_872><c_873/><c_874/><c_875><input_bool_1/><output_bool_1/></c_875><c_876><input_bool_1/><output_bool_1/></c_876><c_877><input_bool_1/><output_bool_1/></c_877><c_878><input_bool_1/><output_bool_1/></c_878><c_879><input_bool_1/><output_bool_1/></c_879><c_880><input_bool_1/><output_bool_1/></c_880><c_881><input_bool_1/><output_bool_1/></c_881><c_882><input_bool_1/><output_bool_1/></c_882><c_883><input_bool_1/><output_bool_1/></c_883><c_884><input_bool_1/><output_bool_1/></c_884><c_885><input_bool_1/><output_bool_1/></c_885><c_886><input_bool_1/><output_bool_1/></c_886><c_887><input_bool_1/><output_bool_1/></c_887><c_888><input_bool_1/><output_bool_1/></c_888><c_889><input_bool_1/><output_bool_1/></c_889><c_890><input_bool_1/><output_bool_1/></c_890><c_891/><c_892/><c_893/><c_894/><c_895/><c_896/><c_897/><c_898/><c_899/><c_900/><c_901/><c_902/><c_903/><c_904/><c_905/><c_906/><c_907/><c_908/><c_909/><c_910/><c_911/><c_912/><c_913/><c_914/><c_915/><c_916/><c_917/><c_918/><c_919/><c_920/><c_921/><c_922/><c_923/><c_924/><c_925/><c_926/><c_927/><c_928/><c_929/><c_930/><c_931/><c_932/><c_933/><c_934/><c_935/><c_936/><c_937/><c_938/><c_939/><c_940/><c_941/><c_942/><c_943/><c_944/><c_945/><c_946/><c_947/><c_948/><c_949/><c_950/><c_951/><c_952/><c_953/><c_954/><c_955/><c_956/><c_957/><c_958/><c_959/><c_960/><c_961/><c_962/><c_963/><c_964/><c_965/><c_966/><c_967/><c_968/><c_969/><c_970/><c_971/><c_972/><c_973/><c_974/><c_975/><c_976/><c_977/><c_978/><c_979/><c_980/><c_981/><c_982/><c_983/><c_984/><c_985/><c_986/><c_987/><c_988/><c_989/><c_990/><c_991/><c_992/><c_993/><c_994/><c_995/><c_996/><c_997/><c_998/><c_999/><c_1000/><c_1001/><c_1002/><c_1003/><c_1004/><c_1005/><c_1006/><c_1007/><c_1008/><c_1009/><c_1010/><c_1011><input_value/><input_electric/></c_1011><c_1012><input_value/><input_electric/></c_1012><c_1013><input_value/><input_electric/></c_1013><c_1014><input_value/><input_electric/></c_1014><c_1015><input_value/><input_electric/></c_1015><c_1016><input_value/><input_electric/></c_1016><c_1017><microprocessor_definition><group><component_states/><component_bridge_states/><group_states/></group></microprocessor_definition></c_1017><c_1018><microprocessor_definition><group><component_states/><component_bridge_states/><group_states/></group></microprocessor_definition></c_1018><c_1019/><c_1020/><c_1021/><c_1022/><c_1023><input_bool_1/><output_bool_1/></c_1023><c_1024><input_bool_1/><output_bool_1/></c_1024><c_1025><input_bool_1/><output_bool_1/></c_1025><c_1026><input_bool_1/><output_bool_1/></c_1026><c_1027><input_bool_1/><output_bool_1/></c_1027><c_1028><input_bool_1/><output_bool_1/></c_1028><c_1029><input_bool_1/><output_bool_1/></c_1029><c_1030><input_bool_1/><output_bool_1/></c_1030><c_1031><input_value/><input_value_2/><output_press/><output_float/><output_float_2/><electric/></c_1031><c_1032><input_value/><input_value_2/><output_press/><output_float/><output_float_2/><electric/></c_1032><c_1033><input_bool_1/><output_bool_1/></c_1033><c_1034><input_bool_1/><output_bool_1/></c_1034><c_1035><input_bool_1/><output_bool_1/></c_1035><c_1036><input_bool_1/><output_bool_1/></c_1036><c_1037><input_bool_1/><output_bool_1/></c_1037><c_1038><input_bool_1/><output_bool_1/></c_1038><c_1039><input_bool_1/><output_bool_1/></c_1039><c_1040><input_bool_1/><output_bool_1/></c_1040><c_1041/><c_1042/><c_1043/><c_1044/><c_1045/><c_1046/><c_1047/><c_1048/><c_1049/><c_1050/><c_1051/><c_1052/><c_1053/><c_1054/><c_1055/><c_1056/><c_1057/><c_1058/><c_1059/><c_1060/><c_1061/><c_1062/><c_1063/><c_1064/><c_1065/><c_1066/><c_1067/><c_1068/><c_1069/><c_1070/><c_1071/><c_1072/><c_1073/><c_1074><output_measure/><output_measure_2/><fluid_1/><fluid_2/><input_pivot/><input_pitch/><input_pitch_2/><input_electric/><torque_value/><contained_volume temp="22.392076"/><contained_volume_secondary temp="22.392076"/></c_1074><c_1075><output_measure/><output_measure_2/><fluid_1/><fluid_2/><input_pivot/><input_pitch/><input_pitch_2/><input_electric/><torque_value/><contained_volume temp="22.392076"/><contained_volume_secondary temp="22.392076"/></c_1075><c_1076><output_measure/><output_measure_2/><fluid_1/><fluid_2/><input_pivot/><input_pitch/><input_pitch_2/><input_electric/><torque_value/><contained_volume temp="22.392076"/><contained_volume_secondary temp="22.392076"/></c_1076><c_1077><output_measure/><output_measure_2/><fluid_1/><fluid_2/><input_pivot/><input_pitch/><input_pitch_2/><input_electric/><torque_value/><contained_volume temp="22.392076"/><contained_volume_secondary temp="22.392076"/></c_1077><c_1078><output_measure/><output_measure_2/><fluid_1/><fluid_2/><input_pivot/><input_pitch/><input_pitch_2/><input_electric/><torque_value/><contained_volume temp="22.392076"/><contained_volume_secondary temp="22.392076"/></c_1078><c_1079><output_measure/><output_measure_2/><fluid_1/><fluid_2/><input_pivot/><input_pitch/><input_pitch_2/><input_electric/><torque_value/><contained_volume temp="22.392076"/><contained_volume_secondary temp="22.392076"/></c_1079><c_1080><output_measure/><output_measure_2/><fluid_1/><fluid_2/><input_pivot/><input_pitch/><input_pitch_2/><input_electric/><torque_value/><contained_volume temp="22.392076"/><contained_volume_secondary temp="22.392076"/></c_1080><c_1081><output_measure/><output_measure_2/><fluid_1/><fluid_2/><input_pivot/><input_pitch/><input_pitch_2/><input_electric/><torque_value/><contained_volume temp="22.392076"/><contained_volume_secondary temp="22.392076"/></c_1081><c_1082><output_measure/><output_measure_2/><fluid_1/><fluid_2/><input_pivot/><input_pitch/><input_pitch_2/><input_electric/><torque_value/><contained_volume temp="22.392076"/><contained_volume_secondary temp="22.392076"/></c_1082><c_1083><output_measure/><output_measure_2/><fluid_1/><fluid_2/><input_pivot/><input_pitch/><input_pitch_2/><input_electric/><torque_value/><contained_volume temp="22.392076"/><contained_volume_secondary temp="22.392076"/></c_1083><c_1084><input_bool_1/><output_bool_1/></c_1084><c_1085><input_bool_1/><output_bool_1/></c_1085><c_1086><input_bool_1/><output_bool_1/></c_1086><c_1087><input_bool_1/><output_bool_1/></c_1087><c_1088><input_bool_1/><output_bool_1/></c_1088><c_1089><input_bool_1/><output_bool_1/></c_1089><c_1090/><c_1091><input_bool_1/><output_bool_1/></c_1091><c_1092><input_bool_1/><output_bool_1/></c_1092><c_1093><input_bool_1/><output_bool_1/></c_1093><c_1094><input_bool_1/><output_bool_1/></c_1094><c_1095><output_measure/><output_measure_2/><fluid_1/><fluid_2/><input_pivot/><input_pitch/><input_pitch_2/><input_electric/><torque_value/><contained_volume temp="22.392076"/><contained_volume_secondary temp="22.392076"/></c_1095><c_1096><output_measure/><output_measure_2/><fluid_1/><fluid_2/><input_pivot/><input_pitch/><input_pitch_2/><input_electric/><torque_value/><contained_volume temp="22.392076"/><contained_volume_secondary temp="22.392076"/></c_1096><c_1097><output_measure/><output_measure_2/><fluid_1/><fluid_2/><input_pivot/><input_pitch/><input_pitch_2/><input_electric/><torque_value/><contained_volume temp="22.392076"/><contained_volume_secondary temp="22.392076"/></c_1097><c_1098><output_measure/><output_measure_2/><fluid_1/><fluid_2/><input_pivot/><input_pitch/><input_pitch_2/><input_electric/><torque_value/><contained_volume temp="22.392076"/><contained_volume_secondary temp="22.392076"/></c_1098><c_1099><input_bool_1/><output_bool_1/></c_1099><c_1100><input_bool_1/><output_bool_1/></c_1100><c_1101><output_measure/><output_measure_2/><fluid_1/><fluid_2/><input_pivot/><input_pitch/><input_pitch_2/><input_electric/><torque_value/><contained_volume temp="22.392076"/><contained_volume_secondary temp="22.392076"/></c_1101><c_1102><output_measure/><output_measure_2/><fluid_1/><fluid_2/><input_pivot/><input_pitch/><input_pitch_2/><input_electric/><torque_value/><contained_volume temp="22.392076"/><contained_volume_secondary temp="22.392076"/></c_1102><c_1103><output_measure/><output_measure_2/><fluid_1/><fluid_2/><input_pivot/><input_pitch/><input_pitch_2/><input_electric/><torque_value/><contained_volume temp="22.392076"/><contained_volume_secondary temp="22.392076"/></c_1103><c_1104><output_measure/><output_measure_2/><fluid_1/><fluid_2/><input_pivot/><input_pitch/><input_pitch_2/><input_electric/><torque_value/><contained_volume temp="22.392076"/><contained_volume_secondary temp="22.392076"/></c_1104><c_1105><input_bool_1/><output_bool_1/></c_1105><c_1106><output_measure/><output_measure_2/><fluid_1/><fluid_2/><input_pivot/><input_pitch/><input_pitch_2/><input_electric/><torque_value/><contained_volume temp="22.392076"/><contained_volume_secondary temp="22.392076"/></c_1106><c_1107><output_measure/><output_measure_2/><fluid_1/><fluid_2/><input_pivot/><input_pitch/><input_pitch_2/><input_electric/><torque_value/><contained_volume temp="22.392076"/><contained_volume_secondary temp="22.392076"/></c_1107><c_1108><input_bool_1/><output_bool_1/></c_1108><c_1109><output_measure/><output_measure_2/><fluid_1/><fluid_2/><input_pivot/><input_pitch/><input_pitch_2/><input_electric/><torque_value/><contained_volume temp="22.392076"/><contained_volume_secondary temp="22.392076"/></c_1109><c_1110><output_measure/><output_measure_2/><fluid_1/><fluid_2/><input_pivot/><input_pitch/><input_pitch_2/><input_electric/><torque_value/><contained_volume temp="22.392076"/><contained_volume_secondary temp="22.392076"/></c_1110><c_1111/><c_1112/><c_1113/><c_1114><input_bool_1/><output_bool_1/></c_1114><c_1115><output_measure/><output_measure_2/><fluid_1/><fluid_2/><input_pivot/><input_pitch/><input_pitch_2/><input_electric/><torque_value/><contained_volume temp="22.392076"/><contained_volume_secondary temp="22.392076"/></c_1115><c_1116><output_measure/><output_measure_2/><fluid_1/><fluid_2/><input_pivot/><input_pitch/><input_pitch_2/><input_electric/><torque_value/><contained_volume temp="22.392076"/><contained_volume_secondary temp="22.392076"/></c_1116><c_1117><input_bool_1/><output_bool_1/></c_1117><c_1118><output_measure/><output_measure_2/><fluid_1/><fluid_2/><input_pivot/><input_pitch/><input_pitch_2/><input_electric/><torque_value/><contained_volume temp="22.392076"/><contained_volume_secondary temp="22.392076"/></c_1118><c_1119><output_measure/><output_measure_2/><fluid_1/><fluid_2/><input_pivot/><input_pitch/><input_pitch_2/><input_electric/><torque_value/><contained_volume temp="22.392076"/><contained_volume_secondary temp="22.392076"/></c_1119><c_1120><output_measure/><output_measure_2/><fluid_1/><fluid_2/><input_pivot/><input_pitch/><input_pitch_2/><input_electric/><torque_value/><contained_volume temp="22.392076"/><contained_volume_secondary temp="22.392076"/></c_1120><c_1121><output_measure/><output_measure_2/><fluid_1/><fluid_2/><input_pivot/><input_pitch/><input_pitch_2/><input_electric/><torque_value/><contained_volume temp="22.392076"/><contained_volume_secondary temp="22.392076"/></c_1121><c_1122><output_measure/><output_measure_2/><fluid_1/><fluid_2/><input_pivot/><input_pitch/><input_pitch_2/><input_electric/><torque_value/><contained_volume temp="22.392076"/><contained_volume_secondary temp="22.392076"/></c_1122><c_1123><output_measure/><output_measure_2/><fluid_1/><fluid_2/><input_pivot/><input_pitch/><input_pitch_2/><input_electric/><torque_value/><contained_volume temp="22.392076"/><contained_volume_secondary temp="22.392076"/></c_1123><c_1124><output_measure/><output_measure_2/><fluid_1/><fluid_2/><input_pivot/><input_pitch/><input_pitch_2/><input_electric/><torque_value/><contained_volume temp="22.392076"/><contained_volume_secondary temp="22.392076"/></c_1124><c_1125><output_measure/><output_measure_2/><fluid_1/><fluid_2/><input_pivot/><input_pitch/><input_pitch_2/><input_electric/><torque_value/><contained_volume temp="22.392076"/><contained_volume_secondary temp="22.392076"/></c_1125><c_1126><output_measure/><output_measure_2/><fluid_1/><fluid_2/><input_pivot/><input_pitch/><input_pitch_2/><input_electric/><torque_value/><contained_volume temp="22.392076"/><contained_volume_secondary temp="22.392076"/></c_1126><c_1127><output_measure/><output_measure_2/><fluid_1/><fluid_2/><input_pivot/><input_pitch/><input_pitch_2/><input_electric/><torque_value/><contained_volume temp="22.392076"/><contained_volume_secondary temp="22.392076"/></c_1127><c_1128/><c_1129/><c_1130><output_measure/><output_measure_2/><fluid_1/><fluid_2/><input_pivot/><input_pitch/><input_pitch_2/><input_electric/><torque_value/><contained_volume temp="22.392076"/><contained_volume_secondary temp="22.392076"/></c_1130><c_1131><output_measure/><output_measure_2/><fluid_1/><fluid_2/><input_pivot/><input_pitch/><input_pitch_2/><input_electric/><torque_value/><contained_volume temp="22.392076"/><contained_volume_secondary temp="22.392076"/></c_1131><c_1132><output_measure/><output_measure_2/><fluid_1/><fluid_2/><input_pivot/><input_pitch/><input_pitch_2/><input_electric/><torque_value/><contained_volume temp="22.392076"/><contained_volume_secondary temp="22.392076"/></c_1132><c_1133><output_measure/><output_measure_2/><fluid_1/><fluid_2/><input_pivot/><input_pitch/><input_pitch_2/><input_electric/><torque_value/><contained_volume temp="22.392076"/><contained_volume_secondary temp="22.392076"/></c_1133><c_1134><output_measure/><output_measure_2/><fluid_1/><fluid_2/><input_pivot/><input_pitch/><input_pitch_2/><input_electric/><torque_value/><contained_volume temp="22.392076"/><contained_volume_secondary temp="22.392076"/></c_1134><c_1135><output_measure/><output_measure_2/><fluid_1/><fluid_2/><input_pivot/><input_pitch/><input_pitch_2/><input_electric/><torque_value/><contained_volume temp="22.392076"/><contained_volume_secondary temp="22.392076"/></c_1135><c_1136><output_measure/><output_measure_2/><fluid_1/><fluid_2/><input_pivot/><input_pitch/><input_pitch_2/><input_electric/><torque_value/><contained_volume temp="22.392076"/><contained_volume_secondary temp="22.392076"/></c_1136><c_1137><output_measure/><output_measure_2/><fluid_1/><fluid_2/><input_pivot/><input_pitch/><input_pitch_2/><input_electric/><torque_value/><contained_volume temp="22.392076"/><contained_volume_secondary temp="22.392076"/></c_1137><c_1138/><c_1139/><c_1140/><c_1141/><c_1142/><c_1143/><c_1144/><c_1145/><c_1146/><c_1147/><c_1148/><c_1149/><c_1150/><c_1151/><c_1152/><c_1153/><c_1154/><c_1155/><c_1156/><c_1157/><c_1158/><c_1159/><c_1160/><c_1161/><c_1162 ammo_type="6" ammo_damage="1" rng="14"><input_bool_0/><input_bool_1/><output_bool_0/><output_bool_1/><output_float_0/><input_electric/></c_1162><c_1163/><c_1164/><c_1165/><c_1166/><c_1167/><c_1168/><c_1169/><c_1170/><c_1171/><c_1172/><c_1173/><c_1174/><c_1175 spawner_pending="false"><output_measure value="22.392076"/><output_measure_2/><fluid_1/><fluid_2/><input_pivot/><input_pitch/><input_pitch_2/><input_electric/><torque_value/><contained_volume vol_total="15" temp="22.392076" vol_0="15"/><contained_volume_secondary temp="22.392076"/></c_1175><c_1176 spawner_pending="false"><output_measure value="22.392076"/><output_measure_2/><fluid_1/><fluid_2/><input_pivot/><input_pitch/><input_pitch_2/><input_electric/><torque_value/><contained_volume vol_total="15" temp="22.392076" vol_0="15"/><contained_volume_secondary temp="22.392076"/></c_1176><c_1177/><c_1178/><c_1179/><c_1180/><c_1181/><c_1182/><c_1183/><c_1184/><c_1185/><c_1186><item_data item="22"><color r="69" g="82" b="51"/></item_data><input_electric/></c_1186><c_1187><item_data item="22"><color r="69" g="82" b="51"/></item_data><input_electric/></c_1187><c_1188><item_data item="16"><color r="69" g="82" b="51"/></item_data><input_electric/></c_1188><c_1189><item_data item="10" oxygen="9"><color r="69" g="82" b="51"/></item_data><input_electric/></c_1189><c_1190><item_data item="27" oxygen="400"><color r="69" g="82" b="51"/></item_data><input_electric/></c_1190><c_1191><item_data><color r="69" g="82" b="51"/></item_data><input_electric/></c_1191><c_1192><rope_slot/><output_composite><value/></output_composite><input_composite><value/></input_composite><output_bool/><input_bool/><input_electric/><input_fluid/><input_video><value/></input_video><output_video><value/></output_video><input_audio><value/></input_audio><output_audio><value/></output_audio><winch_down/><winch_up/><output_float/></c_1192><c_1193><rope_slot/><output_composite><value/></output_composite><input_composite><value/></input_composite><output_bool/><input_bool/><input_electric/><input_fluid/><input_video><value/></input_video><output_video><value/></output_video><input_audio><value/></input_audio><output_audio><value/></output_audio><winch_down/><winch_up/><output_float/></c_1193><c_1194><rope_slot/><output_composite><value/></output_composite><input_composite><value/></input_composite><output_bool/><input_bool/><input_electric/><input_fluid/><input_video><value/></input_video><output_video><value/></output_video><input_audio><value/></input_audio><output_audio><value/></output_audio><winch_down/><winch_up/><output_float/></c_1194><c_1195><rope_slot/><output_composite><value/></output_composite><input_composite><value/></input_composite><output_bool/><input_bool/><input_electric/><input_fluid/><input_video><value/></input_video><output_video><value/></output_video><input_audio><value/></input_audio><output_audio><value/></output_audio><winch_down/><winch_up/><output_float/></c_1195><c_1196><rope_slot/><output_composite><value/></output_composite><input_composite><value/></input_composite><output_bool/><input_bool/><input_electric/><input_fluid/><input_video><value/></input_video><output_video><value/></output_video><input_audio><value/></input_audio><output_audio><value/></output_audio><winch_down/><winch_up/><output_float/></c_1196><c_1197><rope_slot/><output_composite><value/></output_composite><input_composite><value/></input_composite><output_bool/><input_bool/><input_electric/><input_fluid/><input_video><value/></input_video><output_video><value/></output_video><input_audio><value/></input_audio><output_audio><value/></output_audio><winch_down/><winch_up/><output_float/></c_1197><c_1198><input_bool_1/><output_bool_1/></c_1198><c_1199><input_bool_1/><output_bool_1/></c_1199><c_1200><input_bool_1/><output_bool_1/></c_1200><c_1201><input_bool_1/><output_bool_1/></c_1201><c_1202><input_bool_1/><output_bool_1/></c_1202><c_1203><input_bool_1/><output_bool_1/></c_1203><c_1204><input_bool_1/><output_bool_1/></c_1204><c_1205><input_bool_1/><output_bool_1/></c_1205><c_1206><input_bool_1/><output_bool_1/></c_1206><c_1207><input_bool_1/><output_bool_1/></c_1207><c_1208><input_bool_1/><output_bool_1/></c_1208><c_1209><input_bool_1/><output_bool_1/></c_1209><c_1210><input_bool_1/><output_bool_1/></c_1210><c_1211><input_bool_1/><output_bool_1/></c_1211><c_1212><input_bool_1/><output_bool_1/></c_1212><c_1213><input_bool_1/><output_bool_1/></c_1213><c_1214/><c_1215/><c_1216/><c_1217/><c_1218/><c_1219/><c_1220/><c_1221/><c_1222/><c_1223/><c_1224/><c_1225/><c_1226/><c_1227/><c_1228/><c_1229/><c_1230/><c_1231/><c_1232/><c_1233/><c_1234/><c_1235/><c_1236/><c_1237/><c_1238/><c_1239/><c_1240/><c_1241/><c_1242><input_bool_1/><output_bool_1/></c_1242><c_1243><input_bool_1/><output_bool_1/></c_1243><c_1244><input_bool_1/><output_bool_1/></c_1244><c_1245><input_bool_1/><output_bool_1/></c_1245><c_1246><input_bool_1/><output_bool_1/></c_1246><c_1247><input_bool_1/><output_bool_1/></c_1247><c_1248><input_bool_1/><output_bool_1/></c_1248><c_1249><input_bool_1/><output_bool_1/></c_1249><c_1250><input_bool_1/><output_bool_1/></c_1250><c_1251><input_bool_1/><output_bool_1/></c_1251><c_1252><input_bool_1/><output_bool_1/></c_1252><c_1253><input_bool_1/><output_bool_1/></c_1253><c_1254/><c_1255/><c_1256/><c_1257/><c_1258/><c_1259/><c_1260/><c_1261/><c_1262/><c_1263/><c_1264/><c_1265/><c_1266><input_bool_1/><output_bool_1/></c_1266><c_1267><input_bool_1/><output_bool_1/></c_1267><c_1268><input_bool_1/><output_bool_1/></c_1268><c_1269><input_bool_1/><output_bool_1/></c_1269><c_1270><input_bool_1/><output_bool_1/></c_1270><c_1271><input_bool_1/><output_bool_1/></c_1271><c_1272><input_bool_1/><output_bool_1/></c_1272><c_1273><input_bool_1/><output_bool_1/></c_1273><c_1274><input_bool_1/><output_bool_1/></c_1274><c_1275><1_axis/><bool_axis/><torque_value/><electric_a p_charge="1" p_capacity="12800"/><electric_b/></c_1275><c_1276><microprocessor_definition><group><component_states><c0><in1/><in2/><out1/></c0><c1><in1/><in2/><out1/></c1><c2><in1><v/></in1><out1/></c2><c3><in1><v/></in1><out1/></c3><c4><in1/><out1/></c4><c5><in1/><out1/></c5><c6><in1/><out1/></c6><c7><in1/><out1/></c7><c8><in1/><out1/></c8><c9><in1/><in2/><out1/></c9><c10><in1/><in2/><out1/></c10><c11><in1/><in2/><out1/></c11><c12><in1/><in2/><out1/></c12><c13><in1 v="2"/><in2/><in3/><out1/></c13><c14><in1 v="2"/><in2/><in3/><out1/></c14><c15><out1 v="2"/></c15><c16><out1 v="1"/></c16></component_states><component_bridge_states><c0><in1><v/></in1><out1><v/></out1></c0><c1><in1/><out1/></c1><c2><in1/><out1/></c2><c3><in1/><out1/></c3><c4><in1/><out1/></c4><c5><in1 v="1"/><out1 v="1"/></c5></component_bridge_states><group_states/></group></microprocessor_definition><ob0/><ob1/><of0/><of1/><of2 value="1"/><ic0><value/></ic0></c_1276><c_1277/><c_1278/><c_1279 is_on="true"><input_bool editor_connected="1" value="true"/><door_physics><transform><pos x="-5623.375256" y="7.660987" z="-3311.429323"/><rot x="-0.366686" y="-0" z="0.930345" w="-0"/></transform></door_physics></c_1279><c_1280 is_on="true"><input_bool editor_connected="1" value="true"/><door_physics><transform><pos x="-5622.644173" y="7.660987" z="-3310.747034"/><rot x="-0.366686" y="-0" z="0.930345" w="-0"/></transform></door_physics></c_1280><c_1281/><c_1282/><c_1283/><c_1284/><c_1285/><c_1286/><c_1287/><c_1288/><c_1289/><c_1290/><c_1291/><c_1292/><c_1293/><c_1294/><c_1295/><c_1296/><c_1297/><c_1298/><c_1299/><c_1300/><c_1301/><c_1302/><c_1303/><c_1304/><c_1305/><c_1306/><c_1307/><c_1308/><c_1309/><c_1310/><c_1311/><c_1312/><c_1313/><c_1314/><c_1315/><c_1316/><c_1317/><c_1318/><c_1319/><c_1320/><c_1321/><c_1322/><c_1323/><c_1324/><c_1325/><c_1326/><c_1327/><c_1328/><c_1329/><c_1330/><c_1331/><c_1332/><c_1333/><c_1334/><c_1335/><c_1336/><c_1337/><c_1338/><c_1339/><c_1340><input_bool_1/><input_bool_2/><input_float_1/><input_float_2/><input_float_3/><output_float_1/><output_float_2/><output_float_3/><output_float_4/><output_bool value="true"/><output_bool_2/><output_torque/><input_electric/><input_audio><value/></input_audio><output_audio><value/></output_audio></c_1340><c_1341 prev_rotation="0" total_rotation="0"><input_1_axis/><input_bool_0/><input_bool_1/><output_float_0 value="-0"/><fluid/><electric/></c_1341><c_1342/><c_1343/><c_1344/><c_1345/><c_1346/><c_1347/><c_1348/><c_1349/><c_1350/><c_1351/><c_1352/><c_1353/><c_1354/><c_1355/><c_1356/><c_1357/><c_1358/><c_1359/><c_1360/><c_1361/><c_1362/><c_1363/><c_1364/><c_1365/><c_1366/><c_1367/><c_1368/><c_1369/><c_1370/><c_1371/><c_1372/><c_1373/><c_1374/><c_1375/><c_1376/><c_1377/><c_1378/><c_1379/><c_1380/><c_1381><output_measure/><output_measure_2/><fluid_1/><fluid_2/><input_pivot/><input_pitch/><input_pitch_2/><input_electric/><torque_value/><contained_volume temp="22.392076"/><contained_volume_secondary temp="22.392076"/></c_1381><c_1382><output_0/><output_1/><output_2/><output_3/><output_4/><output_5/><output_6/><output_7/><hotkey_0/><hotkey_1/><hotkey_2/><hotkey_3/><hotkey_4/><hotkey_5/><hotkey_6/><hotkey_7/><hotkey_8/><hotkey_9/><hotkey_10/><hotkey_11/><hotkey_12/><hotkey_13/><hotkey_14/><hotkey_15/><hotkey_16/><hotkey_17/><hotkey_18/><hotkey_19/><hotkey_20/><hotkey_21/><hotkey_22/><hotkey_23/><hotkey_24/><hotkey_25/><hotkey_26/><hotkey_27/><hotkey_28/><hotkey_29/><hotkey_30/><hotkey_31/><hotkey_32/><hotkey_33/><hotkey_34/><hotkey_35/><hotkey_36/><hotkey_37/><hotkey_38/><hotkey_39/><hotkey_40/><hotkey_41/><hotkey_42/><hotkey_43/><hotkey_44/><hotkey_45/><hotkey_46/><hotkey_47/><look_0/><look_1/><output_trigger/><output_seated value="true"/><input_audio><value/></input_audio><output_audio><value/></output_audio></c_1382><c_1383/><c_1384/><c_1385/><c_1386/><c_1387/><c_1388/><c_1389/><c_1390/><c_1391/><c_1392/><c_1393/><c_1394/><c_1395/><c_1396/><c_1397/><c_1398/><c_1399/><c_1400/><c_1401/><c_1402/><c_1403/><c_1404/><c_1405/><c_1406/><c_1407/><c_1408/><c_1409/><c_1410/><c_1411/><c_1412/><c_1413/><c_1414/><c_1415/><c_1416/><c_1417/><c_1418/><c_1419/><c_1420/><c_1421/><c_1422/><c_1423/><c_1424/><c_1425/><c_1426/><c_1427/><c_1428 ammo_damage="1" rng="17"><input_bool_0/><input_bool_1/><output_bool_0/><output_bool_1/><output_float_0/><input_electric/></c_1428><c_1429 ammo_damage="1" rng="27"><input_bool_0/><input_bool_1/><output_bool_0/><output_bool_1/><output_float_0/><input_electric/></c_1429><c_1430 ammo_damage="1" rng="20"><input_bool_0/><input_bool_1/><output_bool_0/><output_bool_1/><output_float_0/><input_electric/></c_1430><c_1431 ammo_damage="1"><input_bool_0/><input_bool_1/><output_bool_0/><output_bool_1/><output_float_0/><input_electric/></c_1431><c_1432 ammo_damage="1" rng="23"><input_bool_0/><input_bool_1/><output_bool_0/><output_bool_1/><output_float_0/><input_electric/></c_1432><c_1433 ammo_damage="1" rng="3"><input_bool_0/><input_bool_1/><output_bool_0/><output_bool_1/><output_float_0/><input_electric/></c_1433><c_1434><input_bool_1/><input_bool_2/><input_float_1 editor_connected="1"/><input_float_2/><input_float_3/><output_float_1/><output_float_2/><output_float_3/><output_float_4/><output_bool/><output_bool_2/><output_torque/><input_electric/><input_audio><value/></input_audio><output_audio><value/></output_audio></c_1434><c_1435 input_float_1_val="20"><input_bool_1/><input_bool_2/><input_float_1 editor_connected="1" value="20"/><input_float_2/><input_float_3/><output_float_1/><output_float_2/><output_float_3/><output_float_4/><output_bool/><output_bool_2/><output_torque/><input_electric/><input_audio><value/></input_audio><output_audio><value/></output_audio></c_1435><c_1436><input_value/><input_value_2/><output_press/><output_float/><output_float_2/><electric/></c_1436></b_0><b_1><local_transform 00="1" 01="-0" 02="0" 10="0" 12="0.000046" 20="-0" 21="-0.000046" 22="1" 30="-0.012422" 31="1.644488" 32="-2.543461"/><physics><transform><pos x="-5623.348313" y="8.416864" z="-3310.753334"/><rot x="0.000021" y="-0.366686" z="0.000008" w="0.930345"/></transform></physics><c_0/><c_1/><c_2/><c_3/><c_4/><c_5/><c_6/><c_7/><c_8/><c_9/><c_10/><c_11/><c_12/><c_13/><c_14/><c_15/><c_16/><c_17/><c_18/><c_19/><c_20/><c_21/><c_22/><c_23/><c_24/><c_25/><c_26/><c_27/><c_28/><c_29/><c_30/><c_31/><c_32/><c_33/><c_34/><c_35/><c_36><input_1_axis/><input_bool_0/><input_bool_1/><output_float_0/><fluid/><electric/></c_36><c_37><input_1_axis/><input_bool_0/><input_bool_1/><output_float_0/><fluid/><electric/></c_37><c_38 ammo_type="9" ammo_damage="1" rng="4"><input_bool_0 editor_connected="1"/><input_bool_1/><output_bool_0/><output_bool_1/><output_float_0/><input_electric/></c_38><c_39 ammo_type="9" ammo_damage="1" ammo_storage1="20" rng="9"><input_bool_0/><input_bool_1/><output_bool_0/><output_bool_1/><output_float_0 value="20"/><input_electric/></c_39><c_40 ammo_damage="1" rng="23"><input_bool_0/><input_bool_1/><output_bool_0/><output_bool_1/><output_float_0/><input_electric/></c_40><c_41 ammo_damage="1" rng="1"><input_bool_0/><input_bool_1/><output_bool_0/><output_bool_1/><output_float_0/><input_electric/></c_41><c_42 ammo_damage="1" rng="10"><input_bool_0/><input_bool_1/><output_bool_0/><output_bool_1/><output_float_0/><input_electric/></c_42><c_43 ammo_damage="1" rng="19"><input_bool_0/><input_bool_1/><output_bool_0/><output_bool_1/><output_float_0/><input_electric/></c_43><c_44 ammo_damage="1" rng="28"><input_bool_0/><input_bool_1/><output_bool_0/><output_bool_1/><output_float_0/><input_electric/></c_44><c_45 ammo_damage="1" rng="7"><input_bool_0/><input_bool_1/><output_bool_0/><output_bool_1/><output_float_0/><input_electric/></c_45></b_1><b_2><volume_0 temp="20.551821"/><local_transform 00="1" 01="-0" 02="0" 10="0" 12="0" 20="-0" 21="-0" 22="1" 30="-0.012422" 31="1.644313" 32="-2.543467"/><physics><transform><pos x="-5621.024002" y="8.911048" z="-3313.140265"/><rot x="0" y="-0.366686" z="-0" w="0.930345"/></transform></physics><c_0/><c_1/><c_2/><c_3/><c_4/><c_5/><c_6/><c_7/><c_8/><c_9/><c_10/><c_11/><c_12/><c_13/><c_14/><c_15/><c_16/><c_17/><c_18/><c_19/><c_20/><c_21/><c_22/><c_23/><c_24/><c_25/><c_26/><c_27/><c_28/><c_29/><c_30/><c_31/><c_32/><c_33/><c_34/><c_35/><c_36/><c_37/><c_38/><c_39/><c_40/><c_41/><c_42/><c_43/><c_44/><c_45/><c_46/><c_47/><c_48/><c_49/><c_50/><c_51/><c_52/><c_53/><c_54/><c_55/><c_56/><c_57/><c_58/><c_59/><c_60/><c_61/><c_62/><c_63/><c_64/><c_65/><c_66/><c_67/><c_68/><c_69/><c_70/><c_71/><c_72/><c_73/><c_74/><c_75/><c_76/><c_77/><c_78/><c_79/><c_80/><c_81/><c_82/><c_83/><c_84/><c_85/><c_86/><c_87/><c_88/><c_89/><c_90/><c_91/><c_92/><c_93/><c_94/><c_95/><c_96/><c_97/><c_98/><c_99/><c_100/><c_101/><c_102/><c_103/><c_104/><c_105/><c_106/><c_107/><c_108/><c_109/><c_110/><c_111/><c_112/><c_113/><c_114/><c_115/><c_116/><c_117/><c_118/><c_119/><c_120/><c_121/><c_122/><c_123/><c_124/><c_125/><c_126/><c_127/><c_128/><c_129/><c_130/><c_131/><c_132/><c_133/><c_134/><c_135/><c_136/><c_137/><c_138/><c_139/><c_140/><c_141/><c_142/><c_143/><c_144/><c_145/><c_146/><c_147/><c_148/><c_149/><c_150/><c_151/><c_152/><c_153/><c_154/><c_155/><c_156/><c_157/><c_158/><c_159/><c_160/><c_161/><c_162/><c_163/><c_164/><c_165/><c_166/><c_167/><c_168/><c_169/><c_170/><c_171/><c_172><slot_fluid_0/><slot_fluid_1/><slot_fluid_2/><slot_fluid_3/><slot_fluid_4/><slot_fluid_5/><slot_torque_0/><slot_torque_1/><slot_electric/><slot_bool_in/><slot_float_in/><slot_float_out/></c_172><c_173><slot_fluid_0/><slot_fluid_1/><slot_fluid_2/><slot_fluid_3/><slot_fluid_4/><slot_fluid_5/><slot_torque_0/><slot_torque_1/><slot_electric/><slot_bool_in/><slot_float_in/><slot_float_out/></c_173><c_174/><c_175><slot_fluid_0/><slot_fluid_1/><slot_fluid_2/><slot_fluid_3/><slot_fluid_4/><slot_fluid_5/><slot_torque_0/><slot_torque_1/><slot_electric/><slot_bool_in/><slot_float_in/><slot_float_out/></c_175><c_176 ammo_type="6" ammo_damage="1" rng="21"><input_bool_0/><input_bool_1/><output_bool_0/><output_bool_1/><output_float_0/><input_electric/></c_176><c_177 ammo_type="6" ammo_storage0="50" rng="14"><input_bool_0/><input_bool_1/><output_bool_0/><output_bool_1/><output_float_0 value="50"/><input_electric/></c_177><c_178><rope_slot/><output_composite><value/></output_composite><input_composite><value/></input_composite><output_bool/><input_bool/><input_electric/><input_fluid/><input_video><value/></input_video><output_video><value/></output_video><input_audio><value/></input_audio><output_audio><value/></output_audio><winch_down/><winch_up/><output_float/></c_178><c_179><rope_slot/><output_composite><value/></output_composite><input_composite><value/></input_composite><output_bool/><input_bool/><input_electric/><input_fluid/><input_video><value/></input_video><output_video><value/></output_video><input_audio><value/></input_audio><output_audio><value/></output_audio><winch_down/><winch_up/><output_float/></c_179><c_180><rope_slot/><output_composite><value/></output_composite><input_composite><value/></input_composite><output_bool/><input_bool/><input_electric/><input_fluid/><input_video><value/></input_video><output_video><value/></output_video><input_audio><value/></input_audio><output_audio><value/></output_audio><winch_down/><winch_up/><output_float/></c_180><c_181><rope_slot/><output_composite><value/></output_composite><input_composite><value/></input_composite><output_bool/><input_bool/><input_electric/><input_fluid/><input_video><value/></input_video><output_video><value/></output_video><input_audio><value/></input_audio><output_audio><value/></output_audio><winch_down/><winch_up/><output_float/></c_181><c_182/><c_183/><c_184/><c_185/><c_186/><c_187/><c_188><input_bool_1/><output_bool_1/></c_188><c_189><input_bool_1/><output_bool_1/></c_189><c_190><input_bool_1/><output_bool_1/></c_190><c_191><input_bool_1/><output_bool_1/></c_191><c_192><input_bool_1/><output_bool_1/></c_192><c_193><input_bool_1/><output_bool_1/></c_193><c_194><input_bool_1/><input_bool_2/><input_float_1/><input_float_2/><input_float_3/><output_float_1/><output_float_2/><output_float_3/><output_float_4/><output_bool/><output_bool_2/><output_torque/><input_electric/><input_audio><value/></input_audio><output_audio><value/></output_audio></c_194><c_195><input_bool_1/><input_bool_2/><input_float_1/><input_float_2/><input_float_3/><output_float_1/><output_float_2/><output_float_3/><output_float_4/><output_bool/><output_bool_2/><output_torque/><input_electric/><input_audio><value/></input_audio><output_audio><value/></output_audio><output_composite><value/></output_composite></c_195><c_196><electric/><video><value/></video><ir/><laser/><stabilized/><tracking/><fov/><rot_y/><rot_x/><wavelength/><dist value="4000"/><composite_out><value/></composite_out></c_196><c_197><electric/><video><value/></video><ir/><laser/><stabilized/><tracking/><fov/><rot_y/><rot_x/><wavelength/><dist value="4000"/><composite_out><value/></composite_out></c_197><c_198/><c_199/><c_200/><c_201 ammo_damage="1" rng="13"><input_bool_0/><input_bool_1/><output_bool_0/><output_bool_1/><output_float_0/><input_electric/></c_201><c_202 ammo_damage="1" rng="29"><input_bool_0/><input_bool_1/><output_bool_0/><output_bool_1/><output_float_0/><input_electric/></c_202><c_203 ammo_damage="1" rng="6"><input_bool_0/><input_bool_1/><output_bool_0/><output_bool_1/><output_float_0/><input_electric/></c_203><c_204/><c_205/><c_206/><c_207/><c_208/><c_209/><c_210 is_on="true"><input_bool editor_connected="1" value="true"/><door_physics><transform><pos x="-5620.938453" y="9.160925" z="-3312.574743"/><rot x="0.000001" y="0.398567" z="-0" w="0.917139"/></transform></door_physics></c_210><c_211 is_on="true"><input_bool editor_connected="1" value="true"/><door_physics><transform><pos x="-5621.669533" y="8.910908" z="-3313.257029"/><rot x="0.917139" y="0.000007" z="-0.398567" w="0.000015"/></transform></door_physics></c_211><c_212/><c_213/><c_214/><c_215/><c_216/><c_217/><c_218 prev_rotation="0.000046" total_rotation="0.000046"><input_1_axis/><input_bool_0/><input_bool_1/><output_float_0/><fluid/><electric/></c_218><c_219 prev_rotation="0.000046" total_rotation="0.000046"><input_1_axis/><input_bool_0/><input_bool_1/><output_float_0/><fluid/><electric/></c_219><c_220><input_1_axis/><input_bool_0/><input_bool_1/><output_float_0/><fluid/><electric/></c_220><c_221 ammo_damage="1" rng="10"><input_bool_0/><input_bool_1/><output_bool_0/><output_bool_1/><output_float_0/><input_electric/></c_221><c_222 ammo_damage="1" rng="6"><input_bool_0/><input_bool_1/><output_bool_0/><output_bool_1/><output_float_0/><input_electric/></c_222><c_223 ammo_damage="1" rng="13"><input_bool_0/><input_bool_1/><output_bool_0/><output_bool_1/><output_float_0/><input_electric/></c_223><c_224 ammo_damage="1" rng="9"><input_bool_0/><input_bool_1/><output_bool_0/><output_bool_1/><output_float_0/><input_electric/></c_224><c_225 ammo_damage="1" rng="16"><input_bool_0/><input_bool_1/><output_bool_0/><output_bool_1/><output_float_0/><input_electric/></c_225><c_226 ammo_damage="1" rng="12"><input_bool_0/><input_bool_1/><output_bool_0/><output_bool_1/><output_float_0/><input_electric/></c_226><c_227><input_bool/><output_float_1/><input_composite><value/></input_composite><electric/></c_227><c_228><input_bool/><output_float_1/><input_composite><value/></input_composite><electric/></c_228></b_2></vehicle_state>