<?xml version="1.0" encoding="UTF-8"?><vehicle_state><transform 00="-0.860489" 02="0.509466" 20="-0.509466" 22="-0.860489" 30="-8015.806931" 31="23.522003" 32="-17934.91806"/><b_0><local_transform 31="0" 32="-0"/><physics><transform><pos x="-8015.806931" y="23.522003" z="-17934.91806"/><rot y="0.964492" w="-0.264111"/></transform></physics><c_0><output_0/><output_1/><output_2/><output_3/><output_4/><output_5/><output_6/><output_7/><hotkey_0/><hotkey_1/><hotkey_2/><hotkey_3/><hotkey_4/><hotkey_5/><hotkey_6/><hotkey_7/><hotkey_8/><hotkey_9/><hotkey_10/><hotkey_11/><hotkey_12/><hotkey_13/><hotkey_14/><hotkey_15/><hotkey_16/><hotkey_17/><hotkey_18/><hotkey_19/><hotkey_20/><hotkey_21/><hotkey_22/><hotkey_23/><hotkey_24/><hotkey_25/><hotkey_26/><hotkey_27/><hotkey_28/><hotkey_29/><hotkey_30/><hotkey_31/><hotkey_32/><hotkey_33/><hotkey_34/><hotkey_35/><hotkey_36/><hotkey_37/><hotkey_38/><hotkey_39/><hotkey_40/><hotkey_41/><hotkey_42/><hotkey_43/><hotkey_44/><hotkey_45/><hotkey_46/><hotkey_47/><look_0/><look_1/><output_trigger/><output_seated/><input_audio><value/></input_audio><output_audio><value/></output_audio></c_0></b_0></vehicle_state>